id,name,category,brand,price,currency,on_sale,in_stock,type,image_file,permalink
10916,Strawberry Watermelon JNR Cruiser Gold Disposable Vape,JNR Cruiser Gold Disposable Vape,,45,AUD,false,true,simple,images/strawberry-watermelon-jnr-cruiser-gold-disposable-vape.webp,https://aussievapemart.com.au/product/strawberry-watermelon-jnr-cruiser-gold-disposable-vape/
10914,Peach Ice JNR Cruiser Gold Disposable Vape,JNR Cruiser Gold Disposable Vape,,45,AUD,false,true,simple,images/peach-ice-jnr-cruiser-gold-disposable-vape.webp,https://aussievapemart.com.au/product/peach-ice-jnr-cruiser-gold-disposable-vape/
10860,Mixed Berry JNR Cruiser Gold Disposable Vape,JNR Cruiser Gold Disposable Vape,,45,AUD,false,true,simple,images/mixed-berry-jnr-cruiser-gold-disposable-vape.webp,https://aussievapemart.com.au/product/mixed-berry-jnr-cruiser-gold-disposable-vape/
10858,Grape Ice JNR Cruiser Gold Disposable Vape,JNR Cruiser Gold Disposable Vape,,45,AUD,false,true,simple,images/grape-ice-jnr-cruiser-gold-disposable-vape.webp,https://aussievapemart.com.au/product/grape-ice-jnr-cruiser-gold-disposable-vape/
10856,Cool Mint JNR Cruiser Gold Disposable Vape,JNR Cruiser Gold Disposable Vape,,45,AUD,false,true,simple,images/cool-mint-jnr-cruiser-gold-disposable-vape.webp,https://aussievapemart.com.au/product/cool-mint-jnr-cruiser-gold-disposable-vape/
10855,Cool Fanta JNR Cruiser Gold Disposable Vape,JNR Cruiser Gold Disposable Vape,,45,AUD,false,true,simple,images/cool-fanta-jnr-cruiser-gold-disposable-vape-2.webp,https://aussievapemart.com.au/product/cool-fanta-jnr-cruiser-gold-disposable-vape-2/
10850,Chupa Chups Strawberry  JNR Cruiser Gold Disposable Vape,,,45,AUD,false,true,simple,images/chupa-chups-strawberry-jnr-cruiser-gold-disposable-vape.webp,https://aussievapemart.com.au/product/chupa-chups-strawberry-jnr-cruiser-gold-disposable-vape/
10846,Blueberry Blast  JNR Cruiser Gold Vape,JNR Cruiser Gold Disposable Vape,,45,AUD,false,true,simple,images/blueberry-blast-jnr-cruiser-gold-vape.webp,https://aussievapemart.com.au/product/blueberry-blast-jnr-cruiser-gold-vape/
10845,Blackberry Ice JNR Cruiser Gold Disposable Vape,JNR Cruiser Gold Disposable Vape,,45,AUD,false,true,simple,images/blackberry-ice-jnr-cruiser-gold-disposable-vape.webp,https://aussievapemart.com.au/product/blackberry-ice-jnr-cruiser-gold-disposable-vape/
9816,THE &#8220;M&#8221; 2021 Starter Pack With DynaCoil,ACCESSORIES,,0,AUD,false,false,variable,images/the-m-2021-starter-pack-with-dynacoil.jpg,https://aussievapemart.com.au/product/the-m-2021-starter-pack-with-dynacoil/
9815,Beeswax Tin (Tinymight),ACCESSORIES,,14.5,AUD,false,true,simple,images/beeswax-tin-tinymight.jpg,https://aussievapemart.com.au/product/beeswax-tin-tinymight/
9814,The Gentleman Pipe (For DynaVap Extraction Device),ACCESSORIES,,106.95,AUD,false,true,simple,images/the-gentleman-pipe-for-dynavap-extraction-device.jpg,https://aussievapemart.com.au/product/the-gentleman-pipe-for-dynavap-extraction-device/
9813,3D Double Barrel Glass VapCap Stem W/Mouthpiece,ACCESSORIES,,29.95,AUD,false,true,simple,images/3d-double-barrel-glass-vapcap-stem-w-mouthpiece.jpg,https://aussievapemart.com.au/product/3d-double-barrel-glass-vapcap-stem-w-mouthpiece/
9812,Ed&#8217;s TnT 62mm Canary Stem for Dynavap/Vapcaps,ACCESSORIES,,49.95,AUD,false,true,simple,images/eds-tnt-62mm-canary-stem-for-dynavap-vapcaps.jpg,https://aussievapemart.com.au/product/eds-tnt-62mm-canary-stem-for-dynavap-vapcaps/
9811,Ed&#8217;s TnT/Dynavap Vapcap &#8211; TigerWood,ACCESSORIES,,0,AUD,false,false,variable,images/eds-tnt-dynavap-vapcap-tigerwood.jpg,https://aussievapemart.com.au/product/eds-tnt-dynavap-vapcap-tigerwood/
9810,Ed&#8217;s TnT 62mm Tigerwood Stem for Dynavap/Vapcaps,ACCESSORIES,,49.95,AUD,false,true,simple,images/eds-tnt-62mm-tigerwood-stem-for-dynavap-vapcaps.jpg,https://aussievapemart.com.au/product/eds-tnt-62mm-tigerwood-stem-for-dynavap-vapcaps/
9809,Ed&#8217;s TnT 62mm Gabon Ebony Stem for Dynavap/Vapcaps,ACCESSORIES,,49.95,AUD,false,true,simple,images/eds-tnt-62mm-gabon-ebony-stem-for-dynavap-vapcaps.jpg,https://aussievapemart.com.au/product/eds-tnt-62mm-gabon-ebony-stem-for-dynavap-vapcaps/
9808,Green Assassin Stem by JoeKing (Titanium),ACCESSORIES,,144.95,AUD,false,true,simple,images/green-assassin-stem-by-joeking-titanium.jpg,https://aussievapemart.com.au/product/green-assassin-stem-by-joeking-titanium/
9807,MVS O-ring Pack (Simrell),ACCESSORIES,,7.95,AUD,false,true,simple,images/mvs-o-ring-pack-simrell.jpg,https://aussievapemart.com.au/product/mvs-o-ring-pack-simrell/
9806,Modular Vortex System (MVS Builder),ACCESSORIES,,0,AUD,false,false,variable,images/modular-vortex-system-mvs-builder.jpg,https://aussievapemart.com.au/product/modular-vortex-system-mvs-builder/
9805,Stinger O-ring Pack (Simrell),ACCESSORIES,,5.95,AUD,false,true,simple,images/stinger-o-ring-pack-simrell.jpg,https://aussievapemart.com.au/product/stinger-o-ring-pack-simrell/
9804,Stinger by Simrell Collection,ACCESSORIES,,120,AUD,false,true,simple,images/stinger-by-simrell-collection.jpg,https://aussievapemart.com.au/product/stinger-by-simrell-collection/
9803,Rifled Vortex &#038; Intercooler by Simrell Collection,ACCESSORIES,,0,AUD,false,false,variable,images/rifled-vortex-intercooler-by-simrell-collection.jpg,https://aussievapemart.com.au/product/rifled-vortex-intercooler-by-simrell-collection/
9802,Black Wood XL Vortex &#038; Intercooler Vapcap,ACCESSORIES,,290,AUD,false,true,simple,images/black-wood-xl-vortex-intercooler-vapcap.jpg,https://aussievapemart.com.au/product/black-wood-xl-vortex-intercooler-vapcap/
9801,Black Wood XL Vortex &#038; Intercooler by Simrell Collection,ACCESSORIES,,210,AUD,false,true,simple,images/black-wood-xl-vortex-intercooler-by-simrell-collection.jpg,https://aussievapemart.com.au/product/black-wood-xl-vortex-intercooler-by-simrell-collection/
9800,Purple Heart XL Vortex &#038; Intercooler by Simrell Collection,ACCESSORIES,,210,AUD,false,true,simple,images/purple-heart-xl-vortex-intercooler-by-simrell-collection.jpg,https://aussievapemart.com.au/product/purple-heart-xl-vortex-intercooler-by-simrell-collection/
9789,Shorty Vortex &#038; Intercooler VapCap,ACCESSORIES,,290,AUD,false,true,simple,images/shorty-vortex-intercooler-vapcap.jpg,https://aussievapemart.com.au/product/shorty-vortex-intercooler-vapcap/
9781,Shorty Vortex &#038; Intercooler by Simrell Collection,ACCESSORIES,,210,AUD,false,true,simple,images/shorty-vortex-intercooler-by-simrell-collection.jpg,https://aussievapemart.com.au/product/shorty-vortex-intercooler-by-simrell-collection/
9780,3in1 Double Barrel Glass VapCap Stem,ACCESSORIES,,29.95,AUD,false,true,simple,images/3in1-double-barrel-glass-vapcap-stem.jpg,https://aussievapemart.com.au/product/3in1-double-barrel-glass-vapcap-stem/
9779,14mm Triple Treat Glass VapCap Adapter,ACCESSORIES,,19.95,AUD,true,true,simple,images/14mm-triple-treat-glass-vapcap-adapter.jpg,https://aussievapemart.com.au/product/14mm-triple-treat-glass-vapcap-adapter/
9759,Dynavap Glass Adapters (Ribbed),ACCESSORIES,,0,AUD,false,false,variable,images/dynavap-glass-adapters-ribbed.jpg,https://aussievapemart.com.au/product/dynavap-glass-adapters-ribbed/
9758,Pordebowl by Old Head TC,ACCESSORIES,,0,AUD,false,false,variable,images/pordebowl-by-old-head-tc.jpg,https://aussievapemart.com.au/product/pordebowl-by-old-head-tc/
9708,Wooden Debowler Stand W/ Steel Spike (for Dynavap),ACCESSORIES,,34.5,AUD,false,true,simple,images/wooden-debowler-stand-w-steel-spike-for-dynavap.jpg,https://aussievapemart.com.au/product/wooden-debowler-stand-w-steel-spike-for-dynavap/
9707,Double Airport Flute Stem for Dynavap,ACCESSORIES,,29.95,AUD,false,true,variable,images/double-airport-flute-stem-for-dynavap.jpg,https://aussievapemart.com.au/product/double-airport-flute-stem-for-dynavap/
9706,3D Double Barrel Glass VapCap Stem,ACCESSORIES,,29.95,AUD,false,true,simple,images/3d-double-barrel-glass-vapcap-stem.jpg,https://aussievapemart.com.au/product/3d-double-barrel-glass-vapcap-stem/
9692,Dynavap 3D Stem With Ribs &#038; Airport,ACCESSORIES,,27,AUD,false,true,simple,images/dynavap-3d-stem-with-ribs-airport.jpg,https://aussievapemart.com.au/product/dynavap-3d-stem-with-ribs-airport/
9691,Big Dent Dyna Stem,ACCESSORIES,,27,AUD,false,true,simple,images/big-dent-dyna-stem.jpg,https://aussievapemart.com.au/product/big-dent-dyna-stem/
9690,Simrell Performance Kit,ACCESSORIES,,49.95,AUD,false,true,simple,images/simrell-performance-kit.jpg,https://aussievapemart.com.au/product/simrell-performance-kit/
9689,Simrell Collection Condenser Tube (Stainless Steel),ACCESSORIES,,17.95,AUD,false,true,variable,images/simrell-collection-condenser-tube-stainless-steel.jpg,https://aussievapemart.com.au/product/simrell-collection-condenser-tube-stainless-steel/
9688,Simrell Collection 14mm WPA (Titanium),ACCESSORIES,,69.95,AUD,false,true,simple,images/simrell-collection-14mm-wpa-titanium.jpg,https://aussievapemart.com.au/product/simrell-collection-14mm-wpa-titanium/
9687,Gold Platted Copper Dynavap Sleeve,ACCESSORIES,,13.95,AUD,false,true,simple,images/gold-platted-copper-dynavap-sleeve.jpg,https://aussievapemart.com.au/product/gold-platted-copper-dynavap-sleeve/
9686,Simrell FMJ Full Metal Jacket (For CAPTIVE CAPS Only),ACCESSORIES,,17.95,AUD,false,true,simple,images/simrell-fmj-full-metal-jacket-for-captive-caps-only.jpg,https://aussievapemart.com.au/product/simrell-fmj-full-metal-jacket-for-captive-caps-only/
9685,Quartz Convection Cap for Dynavap devices (The Rogue Wax Works),ACCESSORIES,,38.5,AUD,false,true,simple,images/quartz-convection-cap-for-dynavap-devices-the-rogue-wax-works.jpg,https://aussievapemart.com.au/product/quartz-convection-cap-for-dynavap-devices-the-rogue-wax-works/
9684,Rogue Wax Works Dynavap Cooling Unit,ACCESSORIES,,17.95,AUD,false,true,variable,images/rogue-wax-works-dynavap-cooling-unit-2.jpg,https://aussievapemart.com.au/product/rogue-wax-works-dynavap-cooling-unit-2/
9683,Metal V1 DynaVap Storage Tube,ACCESSORIES,,26.95,AUD,false,true,simple,images/metal-v1-dynavap-storage-tube-2.jpg,https://aussievapemart.com.au/product/metal-v1-dynavap-storage-tube-2/
9682,Mag Debowler,ACCESSORIES,,26.95,AUD,false,true,simple,images/mag-debowler-2.jpg,https://aussievapemart.com.au/product/mag-debowler-2/
9681,Magnetic Cap Remover,ACCESSORIES,,14.95,AUD,false,true,simple,images/magnetic-cap-remover-2.jpg,https://aussievapemart.com.au/product/magnetic-cap-remover-2/
9680,Ed&#8217;s TNT 14mm adapter for Dynavap Tip,ACCESSORIES,,49.95,AUD,false,true,simple,images/eds-tnt-14mm-adapter-for-dynavap-tip-2.jpg,https://aussievapemart.com.au/product/eds-tnt-14mm-adapter-for-dynavap-tip-2/
9677,14mm adapter for Dynavap Tip,ACCESSORIES,,19.95,AUD,false,true,simple,images/14mm-adapter-for-dynavap-tip-2.jpg,https://aussievapemart.com.au/product/14mm-adapter-for-dynavap-tip-2/
9676,14mm NippleSnake For DynaVap Tips,ACCESSORIES,,32.95,AUD,false,true,simple,images/14mm-nipplesnake-for-dynavap-tips-2.jpg,https://aussievapemart.com.au/product/14mm-nipplesnake-for-dynavap-tips-2/
9675,10/14 RattleSnake 2in1 for Dynavap,ACCESSORIES,,29.95,AUD,false,true,variable,images/10-14-rattlesnake-2in1-for-dynavap-2.jpg,https://aussievapemart.com.au/product/10-14-rattlesnake-2in1-for-dynavap-2/
9674,Single Airport BB Stem XXL,ACCESSORIES,,29.95,AUD,false,true,variable,images/single-airport-bb-stem-xxl-2.jpg,https://aussievapemart.com.au/product/single-airport-bb-stem-xxl-2/
9673,3D Flow Stem for Dynavap (100mm),ACCESSORIES,,22.95,AUD,false,true,variable,images/3d-flow-stem-for-dynavap-100mm-2.jpg,https://aussievapemart.com.au/product/3d-flow-stem-for-dynavap-100mm-2/
9672,3D Flow Stem With Airport For Dynavap,ACCESSORIES,,19.95,AUD,false,true,variable,images/3d-flow-stem-with-airport-for-dynavap-2.jpg,https://aussievapemart.com.au/product/3d-flow-stem-with-airport-for-dynavap-2/
9671,3D Flow Stem for Dynavap (75mm),ACCESSORIES,,19.95,AUD,false,true,variable,images/3d-flow-stem-for-dynavap-75mm-2.jpg,https://aussievapemart.com.au/product/3d-flow-stem-for-dynavap-75mm-2/
9670,3D Flow Stem for Dynavap (60mm),ACCESSORIES,,19.95,AUD,false,true,variable,images/3d-flow-stem-for-dynavap-60mm-2.jpg,https://aussievapemart.com.au/product/3d-flow-stem-for-dynavap-60mm-2/
9669,DynaKit &#8211; Basic Titanium,ACCESSORIES,,39.95,AUD,false,true,simple,images/dynakit-basic-titanium-2.jpg,https://aussievapemart.com.au/product/dynakit-basic-titanium-2/
9668,DynaKit &#8211; Basic Stainless,ACCESSORIES,,32,AUD,false,true,simple,images/dynakit-basic-stainless-2.jpg,https://aussievapemart.com.au/product/dynakit-basic-stainless-2/
9667,Green DynaVap Storage Tube,ACCESSORIES,,3,AUD,false,true,simple,images/green-dynavap-storage-tube-2.jpg,https://aussievapemart.com.au/product/green-dynavap-storage-tube-2/
9666,DynaKit &#8211; Maintenance,ACCESSORIES,,14.95,AUD,false,true,simple,images/dynakit-maintenance-2.jpg,https://aussievapemart.com.au/product/dynakit-maintenance-2/
9665,Omni Condenser Assembly W/ Mouthpiece,ACCESSORIES,,120,AUD,false,true,simple,images/omni-condenser-assembly-w-mouthpiece-2.jpg,https://aussievapemart.com.au/product/omni-condenser-assembly-w-mouthpiece-2/
9664,Standard Titanium Condenser W/ O-Rings,ACCESSORIES,,16.95,AUD,false,true,simple,images/standard-titanium-condenser-w-o-rings-2.jpg,https://aussievapemart.com.au/product/standard-titanium-condenser-w-o-rings-2/
9663,XL Titanium Condenser W/ O-Rings,ACCESSORIES,,16.95,AUD,false,true,simple,images/xl-titanium-condenser-w-o-rings-2.jpg,https://aussievapemart.com.au/product/xl-titanium-condenser-w-o-rings-2/
9662,Standard Condenser Kit W/ Light Wood Spinning Mouthpiece,ACCESSORIES,,38.95,AUD,false,true,simple,images/standard-condenser-kit-w-light-wood-spinning-mouthpiece-2.jpg,https://aussievapemart.com.au/product/standard-condenser-kit-w-light-wood-spinning-mouthpiece-2/
9661,Standard Condenser Kit W/ Walnut Spinning Mouthpiece,ACCESSORIES,,38.95,AUD,false,true,simple,images/standard-condenser-kit-w-walnut-spinning-mouthpiece-2.jpg,https://aussievapemart.com.au/product/standard-condenser-kit-w-walnut-spinning-mouthpiece-2/
9659,XL Condenser Kit W/ Walnut Spinning Mouthpiece,ACCESSORIES,,38.95,AUD,false,true,simple,images/xl-condenser-kit-w-walnut-spinning-mouthpiece-2.jpg,https://aussievapemart.com.au/product/xl-condenser-kit-w-walnut-spinning-mouthpiece-2/
9658,Light Wood Spinning Mouthpiece,ACCESSORIES,,22.95,AUD,false,true,simple,images/light-wood-spinning-mouthpiece-2.jpg,https://aussievapemart.com.au/product/light-wood-spinning-mouthpiece-2/
9657,Dark Wood Spinning Mouthpiece,ACCESSORIES,,22.95,AUD,false,true,simple,images/dark-wood-spinning-mouthpiece-2.jpg,https://aussievapemart.com.au/product/dark-wood-spinning-mouthpiece-2/
9656,Titanium Spinning Mouthpiece,ACCESSORIES,,40.5,AUD,false,true,simple,images/titanium-spinning-mouthpiece-2.jpg,https://aussievapemart.com.au/product/titanium-spinning-mouthpiece-2/
9655,NonaVong Body | 45mm Light Wood,ACCESSORIES,,46.5,AUD,false,true,simple,images/nonavong-body-45mm-light-wood-2.jpg,https://aussievapemart.com.au/product/nonavong-body-45mm-light-wood-2/
9654,The BB9 &#8211; Grey or Pink,ACCESSORIES,,47.95,AUD,false,true,variable,images/the-bb9-grey-or-pink-2.jpg,https://aussievapemart.com.au/product/the-bb9-grey-or-pink-2/
9653,The BB6,ACCESSORIES,,45.95,AUD,false,true,variable,images/the-bb6-2.jpg,https://aussievapemart.com.au/product/the-bb6-2/
9652,Bonger Water Pipe Adaptor,ACCESSORIES,,23.95,AUD,false,true,variable,images/bonger-water-pipe-adaptor-2.jpg,https://aussievapemart.com.au/product/bonger-water-pipe-adaptor-2/
9651,Titanium OMNI Tip by DynaVap,ACCESSORIES,,86,AUD,false,true,simple,images/titanium-omni-tip-by-dynavap-2.jpg,https://aussievapemart.com.au/product/titanium-omni-tip-by-dynavap-2/
9650,Titanium VonG Tip by DynaVap,ACCESSORIES,,78,AUD,false,true,simple,images/titanium-vong-tip-by-dynavap-2.jpg,https://aussievapemart.com.au/product/titanium-vong-tip-by-dynavap-2/
9649,2021 Stainless Steel Tip by DynaVap,ACCESSORIES,,42,AUD,false,true,simple,images/2021-stainless-steel-tip-by-dynavap-2.jpg,https://aussievapemart.com.au/product/2021-stainless-steel-tip-by-dynavap-2/
9648,Helix Titanium Tip by Dynavap,ACCESSORIES,,92.5,AUD,false,true,simple,images/helix-titanium-tip-by-dynavap-2.jpg,https://aussievapemart.com.au/product/helix-titanium-tip-by-dynavap-2/
9647,DynaCoil Titanium Kit,ACCESSORIES,,89,AUD,false,true,simple,images/dynacoil-titanium-kit-2.jpg,https://aussievapemart.com.au/product/dynacoil-titanium-kit-2/
9646,DynaCoil,ACCESSORIES,,39,AUD,false,true,simple,images/dynacoil-2.jpg,https://aussievapemart.com.au/product/dynacoil-2/
9623,The Armored Cap,ACCESSORIES,,61.85,AUD,false,true,simple,images/the-armored-cap-2.jpg,https://aussievapemart.com.au/product/the-armored-cap-2/
9622,Captive Cap by DynaVap,ACCESSORIES,,39.95,AUD,false,true,simple,images/captive-cap-by-dynavap-2.jpg,https://aussievapemart.com.au/product/captive-cap-by-dynavap-2/
9621,The Ballr Cap by Dynavap,ACCESSORIES,,79.95,AUD,false,true,simple,images/the-ballr-cap-by-dynavap-2.jpg,https://aussievapemart.com.au/product/the-ballr-cap-by-dynavap-2/
9620,Fat Mouthpiece,ACCESSORIES,,3.25,AUD,false,true,simple,images/fat-mouthpiece-2.jpg,https://aussievapemart.com.au/product/fat-mouthpiece-2/
9619,NonaVong-S Light Wood,ACCESSORIES,,149.95,AUD,false,true,simple,images/nonavong-s-light-wood-2.jpg,https://aussievapemart.com.au/product/nonavong-s-light-wood-2/
9618,OmniVong Light Wood,ACCESSORIES,,219.95,AUD,false,true,simple,images/omnivong-light-wood-2.jpg,https://aussievapemart.com.au/product/omnivong-light-wood-2/
9617,The 2020 &#8220;M&#8221; PhantoM,ACCESSORIES,,114.95,AUD,false,true,simple,images/the-2020-m-phantom-2.jpg,https://aussievapemart.com.au/product/the-2020-m-phantom-2/
9616,THE OMNI Flame Powered Extraction Device,ACCESSORIES,,289.95,AUD,false,true,simple,images/the-omni-flame-powered-extraction-device-2.jpg,https://aussievapemart.com.au/product/the-omni-flame-powered-extraction-device-2/
9615,WoodWynd Flame Powered Extraction Device (Padauk),ACCESSORIES,,246.95,AUD,false,true,simple,images/woodwynd-flame-powered-extraction-device-padauk-2.jpg,https://aussievapemart.com.au/product/woodwynd-flame-powered-extraction-device-padauk-2/
9614,VONG (I) Titanium Flame Powered Extraction Device,ACCESSORIES,,219.95,AUD,true,true,simple,images/vong-i-titanium-flame-powered-extraction-device-2.jpg,https://aussievapemart.com.au/product/vong-i-titanium-flame-powered-extraction-device-2/
9613,The 2020 &#8220;M&#8221; Flame Powered Extraction Device,ACCESSORIES,,91.9,AUD,false,true,simple,images/the-2020-m-flame-powered-extraction-device-2.jpg,https://aussievapemart.com.au/product/the-2020-m-flame-powered-extraction-device-2/
9612,THE &#8220;M&#8221; 2021 EDITION,ACCESSORIES,,117.95,AUD,false,true,simple,images/the-m-2021-edition-2.jpg,https://aussievapemart.com.au/product/the-m-2021-edition-2/
9611,Titanium &#8220;M&#8221; Plus Flame Powered Extraction Device (Fall Colours),ACCESSORIES,,189.95,AUD,false,true,variable,images/titanium-m-plus-flame-powered-extraction-device-fall-colours-2.jpg,https://aussievapemart.com.au/product/titanium-m-plus-flame-powered-extraction-device-fall-colours-2/
9610,&#8220;M&#8221; Plus,ACCESSORIES,,134.95,AUD,false,true,simple,images/m-plus-2.jpg,https://aussievapemart.com.au/product/m-plus-2/
9609,The UniDyn by Dynavap (Flame powered extraction device),ACCESSORIES,,245,AUD,false,true,simple,images/the-unidyn-by-dynavap-flame-powered-extraction-device-2.jpg,https://aussievapemart.com.au/product/the-unidyn-by-dynavap-flame-powered-extraction-device-2/
9608,THE &#8220;B&#8221;,ACCESSORIES,,77,AUD,false,true,simple,images/the-b-2.png,https://aussievapemart.com.au/product/the-b-2/
9607,Nettle Leaf 25g,ACCESSORIES,,7.95,AUD,false,true,simple,images/nettle-leaf-25g-2.jpg,https://aussievapemart.com.au/product/nettle-leaf-25g-2/
9606,HydroBrick Flame Powered Extraction Device by Sticky Brick Labs,ACCESSORIES,,209.95,AUD,false,true,variable,images/hydrobrick-flame-powered-extraction-device-by-sticky-brick-labs-2.jpg,https://aussievapemart.com.au/product/hydrobrick-flame-powered-extraction-device-by-sticky-brick-labs-2/
9605,The New Flip Brick Flame Powered Extraction Device By Stick Brick Labs,ACCESSORIES,,154.95,AUD,false,true,variable,images/the-new-flip-brick-flame-powered-extraction-device-by-stick-brick-labs-2.jpg,https://aussievapemart.com.au/product/the-new-flip-brick-flame-powered-extraction-device-by-stick-brick-labs-2/
9604,OG Brick Flame Powered Extraction Device (Bubinga) By Sticky Brick Labs,ACCESSORIES,,304.95,AUD,false,true,simple,images/og-brick-flame-powered-extraction-device-bubinga-by-sticky-brick-labs-2.jpg,https://aussievapemart.com.au/product/og-brick-flame-powered-extraction-device-bubinga-by-sticky-brick-labs-2/
9603,OG Brick Flame Powered Extraction Device by Sticky Brick Labs,ACCESSORIES,,274.95,AUD,false,true,variable,images/og-brick-flame-powered-extraction-device-by-sticky-brick-labs-2.png,https://aussievapemart.com.au/product/og-brick-flame-powered-extraction-device-by-sticky-brick-labs-2/
9602,HydroBrick Maxx Flame Powered Extraction Device (Bubinga),ACCESSORIES,,319.95,AUD,false,true,simple,images/hydrobrick-maxx-flame-powered-extraction-device-bubinga-2.jpg,https://aussievapemart.com.au/product/hydrobrick-maxx-flame-powered-extraction-device-bubinga-2/
9601,HydroBrick Maxx Flame Powered Extraction Device by Sticky Brick Labs,ACCESSORIES,,308.95,AUD,false,true,variable,images/hydrobrick-maxx-flame-powered-extraction-device-by-sticky-brick-labs-2.jpg,https://aussievapemart.com.au/product/hydrobrick-maxx-flame-powered-extraction-device-by-sticky-brick-labs-2/
9600,Blurple Anodised XL Vortex &#038; Intercooler Plus Titanium Tip (P4),ACCESSORIES,,295,AUD,false,true,simple,images/blurple-anodised-xl-vortex-intercooler-plus-titanium-tip-p4-2.jpg,https://aussievapemart.com.au/product/blurple-anodised-xl-vortex-intercooler-plus-titanium-tip-p4-2/
9599,Green 2 Anodised XL Vortex &#038; Intercooler Plus Titanium Tip,ACCESSORIES,,295,AUD,false,true,simple,images/green-2-anodised-xl-vortex-intercooler-plus-titanium-tip-2.jpg,https://aussievapemart.com.au/product/green-2-anodised-xl-vortex-intercooler-plus-titanium-tip-2/
9597,Blurple/gold XL Vortex &#038; Intercooler Plus Titanium Tip,ACCESSORIES,,295,AUD,false,true,simple,images/blurple-gold-xl-vortex-intercooler-plus-titanium-tip-2.jpg,https://aussievapemart.com.au/product/blurple-gold-xl-vortex-intercooler-plus-titanium-tip-2/
9596,Storz &#038; Bickel XL Acrylic 3 pc Herb Grinder,ACCESSORIES,,17.95,AUD,false,true,simple,images/storz-bickel-xl-acrylic-3-pc-herb-grinder-2.jpg,https://aussievapemart.com.au/product/storz-bickel-xl-acrylic-3-pc-herb-grinder-2/
9595,Storz &#038; Bickel Acrylic 3 pc Herb Grinder,ACCESSORIES,,8.95,AUD,false,true,simple,images/storz-bickel-acrylic-3-pc-herb-grinder-2.jpg,https://aussievapemart.com.au/product/storz-bickel-acrylic-3-pc-herb-grinder-2/
9594,Vapman Hemp Case,ACCESSORIES,,22,AUD,false,true,simple,images/vapman-hemp-case-2.jpg,https://aussievapemart.com.au/product/vapman-hemp-case-2/
9593,The Vapbag,ACCESSORIES,,19.95,AUD,false,true,simple,images/the-vapbag-2.jpg,https://aussievapemart.com.au/product/the-vapbag-2/
9592,XL SlimStash Zebrawood,ACCESSORIES,,26.5,AUD,false,true,simple,images/xl-slimstash-zebrawood-2.jpg,https://aussievapemart.com.au/product/xl-slimstash-zebrawood-2/
9591,SlimStash Zebrawood,ACCESSORIES,,24.5,AUD,false,true,simple,images/slimstash-zebrawood-2.jpg,https://aussievapemart.com.au/product/slimstash-zebrawood-2/
9589,Walnut DynaStash,ACCESSORIES,,59.95,AUD,false,true,simple,images/walnut-dynastash-2.jpg,https://aussievapemart.com.au/product/walnut-dynastash-2/
9588,XL Purple Heart DynaStash,ACCESSORIES,,79.95,AUD,false,true,simple,images/xl-purple-heart-dynastash-2.jpg,https://aussievapemart.com.au/product/xl-purple-heart-dynastash-2/
9587,Maple DynaStash,ACCESSORIES,,69.95,AUD,false,true,simple,images/maple-dynastash-2.jpg,https://aussievapemart.com.au/product/maple-dynastash-2/
9586,Wenge DynaStash,ACCESSORIES,,69.95,AUD,false,true,simple,images/wenge-dynastash-2.jpg,https://aussievapemart.com.au/product/wenge-dynastash-2/
9585,XL Wenge DynaStash,ACCESSORIES,,79.95,AUD,false,true,simple,images/xl-wenge-dynastash-2.jpg,https://aussievapemart.com.au/product/xl-wenge-dynastash-2/
9584,XL Maple DynaStash,ACCESSORIES,,72.95,AUD,true,true,simple,images/xl-maple-dynastash-2.jpg,https://aussievapemart.com.au/product/xl-maple-dynastash-2/
9583,DynaStash ER-Walnut,ACCESSORIES,,69.5,AUD,false,true,simple,images/dynastash-er-walnut-2.jpg,https://aussievapemart.com.au/product/dynastash-er-walnut-2/
9582,Ryot Hauler Bag Carbon Series,ACCESSORIES,,179.95,AUD,false,true,simple,images/ryot-hauler-bag-carbon-series-2.jpg,https://aussievapemart.com.au/product/ryot-hauler-bag-carbon-series-2/
9581,RYOT® 500mm SmellSafe™ Pro-Duffle,ACCESSORIES,,114.95,AUD,false,true,simple,images/ryot-500mm-smellsafe-pro-duffle-2.jpg,https://aussievapemart.com.au/product/ryot-500mm-smellsafe-pro-duffle-2/
9580,RYOT® 406mm SmellSafe™ Pro-Duffle,ACCESSORIES,,99,AUD,false,true,simple,images/ryot-406mm-smellsafe-pro-duffle-2.jpg,https://aussievapemart.com.au/product/ryot-406mm-smellsafe-pro-duffle-2/
9579,RYOT® 305mm SmellSafe™ Pro-Duffle,ACCESSORIES,,79,AUD,false,true,simple,images/ryot-305mm-smellsafe-pro-duffle-2.jpg,https://aussievapemart.com.au/product/ryot-305mm-smellsafe-pro-duffle-2/
9578,RYOT® SmellSafe™ HeadCase Grey,ACCESSORIES,,26.9,AUD,false,true,simple,images/ryot-smellsafe-headcase-grey-2.jpg,https://aussievapemart.com.au/product/ryot-smellsafe-headcase-grey-2/
9577,RYOT® SmellSafe™ HeadCase Natural,ACCESSORIES,,26.9,AUD,false,true,simple,images/ryot-smellsafe-headcase-natural-2.jpg,https://aussievapemart.com.au/product/ryot-smellsafe-headcase-natural-2/
9576,Ryot PackRatz Medium Carbon Series,ACCESSORIES,,44.95,AUD,false,true,variable,images/ryot-packratz-medium-carbon-series-2.jpg,https://aussievapemart.com.au/product/ryot-packratz-medium-carbon-series-2/
9575,RYOT® SmellSafe™ Small PackRatz,ACCESSORIES,,37.5,AUD,false,true,simple,images/ryot-smellsafe-small-packratz-2.jpg,https://aussievapemart.com.au/product/ryot-smellsafe-small-packratz-2/
9574,Ryot Piper Carbon Series (New),ACCESSORIES,,47.95,AUD,false,true,variable,images/ryot-piper-carbon-series-new-2.jpg,https://aussievapemart.com.au/product/ryot-piper-carbon-series-new-2/
9545,Ryot 35cm Axe Pack W/ SmellSafe Technology,ACCESSORIES,,129.95,AUD,false,true,simple,images/ryot-35cm-axe-pack-w-smellsafe-technology-2.jpg,https://aussievapemart.com.au/product/ryot-35cm-axe-pack-w-smellsafe-technology-2/
9544,Ryot 4L Safe Case Carbon Series Large,ACCESSORIES,,96.5,AUD,false,true,variable,images/ryot-4l-safe-case-carbon-series-large-2.jpg,https://aussievapemart.com.au/product/ryot-4l-safe-case-carbon-series-large-2/
9543,Ryot 2.3L Safe Case Carbon Series Small,ACCESSORIES,,79.99,AUD,false,true,simple,images/ryot-2-3l-safe-case-carbon-series-small-2.jpg,https://aussievapemart.com.au/product/ryot-2-3l-safe-case-carbon-series-small-2/
9542,Ryot Slym Case W/ Smell Safe Technology,ACCESSORIES,,39.95,AUD,false,true,variable,images/ryot-slym-case-w-smell-safe-technology-2.jpg,https://aussievapemart.com.au/product/ryot-slym-case-w-smell-safe-technology-2/
9541,Ryot SmellSafe Hard Shell Krypto-Kit,ACCESSORIES,,38.95,AUD,false,true,variable,images/ryot-smellsafe-hard-shell-krypto-kit-2.jpg,https://aussievapemart.com.au/product/ryot-smellsafe-hard-shell-krypto-kit-2/
9540,Ryot SmellSafe Krypto-Kit,ACCESSORIES,,37.95,AUD,false,true,variable,images/ryot-smellsafe-krypto-kit-2.jpg,https://aussievapemart.com.au/product/ryot-smellsafe-krypto-kit-2/
9539,Dynavap Hemp Shield Zipper Case,ACCESSORIES,,19.5,AUD,false,true,simple,images/dynavap-hemp-shield-zipper-case-2.jpg,https://aussievapemart.com.au/product/dynavap-hemp-shield-zipper-case-2/
9538,Dynavap Hard Shell Storage Case,ACCESSORIES,,89.95,AUD,false,true,simple,images/dynavap-hard-shell-storage-case-2.jpg,https://aussievapemart.com.au/product/dynavap-hard-shell-storage-case-2/
9537,Ryot Waist Pack,ACCESSORIES,,59.95,AUD,false,true,simple,images/ryot-waist-pack-2.jpg,https://aussievapemart.com.au/product/ryot-waist-pack-2/
9535,OG Brick Replacement Glass Kit,ACCESSORIES,,36.95,AUD,false,true,simple,images/og-brick-replacement-glass-kit-2.jpg,https://aussievapemart.com.au/product/og-brick-replacement-glass-kit-2/
9534,FIERCE Bent Glass Mouthpiece,ACCESSORIES,,24.95,AUD,false,true,simple,images/fierce-bent-glass-mouthpiece-2.jpg,https://aussievapemart.com.au/product/fierce-bent-glass-mouthpiece-2/
9533,Flip Brick Replacement O-ring Pack,ACCESSORIES,,6.95,AUD,false,true,simple,images/flip-brick-replacement-o-ring-pack-2.jpg,https://aussievapemart.com.au/product/flip-brick-replacement-o-ring-pack-2/
9532,HydroBrick Maxx Replacement O-ring Pack,ACCESSORIES,,9.95,AUD,false,true,simple,images/hydrobrick-maxx-replacement-o-ring-pack-2.jpg,https://aussievapemart.com.au/product/hydrobrick-maxx-replacement-o-ring-pack-2/
9530,V-ONE + Glass Dome,ACCESSORIES,,9.99,AUD,false,true,simple,images/v-one-glass-dome-2.jpg,https://aussievapemart.com.au/product/v-one-glass-dome-2/
9529,OG Brick Replacement O-Ring Pack,ACCESSORIES,,9.95,AUD,false,true,simple,images/og-brick-replacement-o-ring-pack-2.jpg,https://aussievapemart.com.au/product/og-brick-replacement-o-ring-pack-2/
9528,OG Brick &#038; HydroBrick Flame Intake,ACCESSORIES,,14.95,AUD,false,true,simple,images/og-brick-hydrobrick-flame-intake-2.jpg,https://aussievapemart.com.au/product/og-brick-hydrobrick-flame-intake-2/
9527,Black 18mm Glass Dry Mouthpiece,ACCESSORIES,,34.95,AUD,false,true,simple,images/black-18mm-glass-dry-mouthpiece-2.jpg,https://aussievapemart.com.au/product/black-18mm-glass-dry-mouthpiece-2/
9526,14mm Stem for HydroBrick/Maxx/Flip Brick/HotRod Injector,ACCESSORIES,,21.95,AUD,false,true,simple,images/14mm-stem-for-hydrobrick-maxx-flip-brick-hotrod-injector-2.jpg,https://aussievapemart.com.au/product/14mm-stem-for-hydrobrick-maxx-flip-brick-hotrod-injector-2/
9525,Junior Glass Mouthpiece,ACCESSORIES,,23.95,AUD,false,true,simple,images/junior-glass-mouthpiece-2.jpg,https://aussievapemart.com.au/product/junior-glass-mouthpiece-2/
9522,Junior/Runt O-ring Pack,ACCESSORIES,,6.95,AUD,false,true,simple,images/junior-runt-o-ring-pack-2.jpg,https://aussievapemart.com.au/product/junior-runt-o-ring-pack-2/
9521,Junior Water Pipe Adapter,ACCESSORIES,,44.95,AUD,false,true,simple,images/junior-water-pipe-adapter-2.jpg,https://aussievapemart.com.au/product/junior-water-pipe-adapter-2/
9520,VapeXnail Quartz,ACCESSORIES,,22.95,AUD,false,true,simple,images/vapexnail-quartz-2.jpg,https://aussievapemart.com.au/product/vapexnail-quartz-2/
9519,Sticky Brick Butter,ACCESSORIES,,16.7,AUD,false,true,simple,images/sticky-brick-butter-2.jpg,https://aussievapemart.com.au/product/sticky-brick-butter-2/
9518,DynaWax,ACCESSORIES,,8.95,AUD,false,true,simple,images/dynawax-2.jpg,https://aussievapemart.com.au/product/dynawax-2/
9517,Stainless Steel Tip by DynaVap,ACCESSORIES,,44.95,AUD,false,true,simple,images/stainless-steel-tip-by-dynavap-2.jpg,https://aussievapemart.com.au/product/stainless-steel-tip-by-dynavap-2/
9516,Junior/Original Flip Brick/Runt Bent Flame Intake,ACCESSORIES,,19.95,AUD,false,true,simple,images/junior-original-flip-brick-runt-bent-flame-intake-2.jpg,https://aussievapemart.com.au/product/junior-original-flip-brick-runt-bent-flame-intake-2/
9515,Captive Low Temp Cap by DynaVap,ACCESSORIES,,39.95,AUD,false,true,simple,images/captive-low-temp-cap-by-dynavap-2.jpg,https://aussievapemart.com.au/product/captive-low-temp-cap-by-dynavap-2/
9514,Condenser O-Ring Kit,ACCESSORIES,,7,AUD,false,true,simple,images/condenser-o-ring-kit-2.jpg,https://aussievapemart.com.au/product/condenser-o-ring-kit-2/
9513,Titanium Tip by Dynavap,ACCESSORIES,,63,AUD,false,true,simple,images/titanium-tip-by-dynavap-2.jpg,https://aussievapemart.com.au/product/titanium-tip-by-dynavap-2/
9512,High Temp O-Ring Kit,ACCESSORIES,,7.95,AUD,false,true,simple,images/high-temp-o-ring-kit-2.jpg,https://aussievapemart.com.au/product/high-temp-o-ring-kit-2/
9511,The Cap by DynaVap,ACCESSORIES,,32,AUD,false,true,simple,images/the-cap-by-dynavap-2.jpg,https://aussievapemart.com.au/product/the-cap-by-dynavap-2/
9510,Stainless Steel CCD DynaVap Screens (3 Pack),ACCESSORIES,,10.95,AUD,false,true,simple,images/stainless-steel-ccd-dynavap-screens-3-pack-2.jpg,https://aussievapemart.com.au/product/stainless-steel-ccd-dynavap-screens-3-pack-2/
9509,Titanium CCD DynaVap Screens (3 Pack),ACCESSORIES,,19.45,AUD,false,true,simple,images/titanium-ccd-dynavap-screens-3-pack-2.jpg,https://aussievapemart.com.au/product/titanium-ccd-dynavap-screens-3-pack-2/
9508,14mm Multi-purpose Whip Adapter,ACCESSORIES,,19.95,AUD,false,true,simple,images/14mm-multi-purpose-whip-adapter-2.jpg,https://aussievapemart.com.au/product/14mm-multi-purpose-whip-adapter-2/
9507,Titanium Mag Scoop,ACCESSORIES,,26.95,AUD,false,true,simple,images/titanium-mag-scoop-2.jpg,https://aussievapemart.com.au/product/titanium-mag-scoop-2/
9506,"The OGB, Original Grinder Buddy (TRWW)",ACCESSORIES,,9.95,AUD,false,true,simple,images/the-ogb-original-grinder-buddy-trww-2.jpg,https://aussievapemart.com.au/product/the-ogb-original-grinder-buddy-trww-2/
9505,ROFFU Multi-Tool,ACCESSORIES,,12.89,AUD,false,true,simple,images/roffu-multi-tool-2.jpg,https://aussievapemart.com.au/product/roffu-multi-tool-2/
9504,Coloured Mighty Stand Gold/Silver/Rainbow/White/Orange,ACCESSORIES,,16.95,AUD,false,true,variable,images/coloured-mighty-stand-gold-silver-rainbow-white-orange-2.jpg,https://aussievapemart.com.au/product/coloured-mighty-stand-gold-silver-rainbow-white-orange-2/
9503,14/18mm Male or Female Stand,ACCESSORIES,,19.95,AUD,false,true,variable,images/14-18mm-male-or-female-stand-2.jpg,https://aussievapemart.com.au/product/14-18mm-male-or-female-stand-2/
9502,Glass Adapters,ACCESSORIES,,9.95,AUD,false,true,variable,images/glass-adapters-2.jpg,https://aussievapemart.com.au/product/glass-adapters-2/
9501,18650/18350 Battery Case,ACCESSORIES,,3.45,AUD,false,true,simple,images/18650-18350-battery-case-2.jpg,https://aussievapemart.com.au/product/18650-18350-battery-case-2/
9500,18650 Battery Charger,ACCESSORIES,,52.95,AUD,false,true,simple,images/18650-battery-charger-2.jpg,https://aussievapemart.com.au/product/18650-battery-charger-2/
9498,18mm Bent MP Bubbler,ACCESSORIES,,45,AUD,false,true,simple,images/18mm-bent-mp-bubbler-2.jpg,https://aussievapemart.com.au/product/18mm-bent-mp-bubbler-2/
9497,Matrix 14mm Cool Water Tool,ACCESSORIES,,34.5,AUD,false,true,simple,images/matrix-14mm-cool-water-tool-2.jpg,https://aussievapemart.com.au/product/matrix-14mm-cool-water-tool-2/
9496,Chunky 14mm Cool Water Tool,ACCESSORIES,,29.5,AUD,false,true,simple,images/chunky-14mm-cool-water-tool-2.jpg,https://aussievapemart.com.au/product/chunky-14mm-cool-water-tool-2/
9460,10mm D Cool Water Tool,ACCESSORIES,,26.5,AUD,false,true,simple,images/10mm-d-cool-water-tool-2.jpg,https://aussievapemart.com.au/product/10mm-d-cool-water-tool-2/
9459,19mm Kannastor Press,ACCESSORIES,,39.95,AUD,false,true,simple,images/19mm-kannastor-press-2.jpg,https://aussievapemart.com.au/product/19mm-kannastor-press-2/
9458,14mm Kannastor Press,ACCESSORIES,,28.95,AUD,false,true,simple,images/14mm-kannastor-press-2.jpg,https://aussievapemart.com.au/product/14mm-kannastor-press-2/
9457,Vista Mini Wireless Charger,ACCESSORIES,,78.95,AUD,false,true,simple,images/vista-mini-wireless-charger-2.jpg,https://aussievapemart.com.au/product/vista-mini-wireless-charger-2/
9456,DynaMag,ACCESSORIES,,7.95,AUD,false,true,simple,images/dynamag-2.jpg,https://aussievapemart.com.au/product/dynamag-2/
9455,Mighty/Mighty+ Stand,ACCESSORIES,,16.95,AUD,false,true,variable,images/mighty-mighty-stand-2.jpg,https://aussievapemart.com.au/product/mighty-mighty-stand-2/
9454,SnapStash &#8211; Small,ACCESSORIES,,1.9,AUD,false,true,simple,images/snapstash-small-2.jpg,https://aussievapemart.com.au/product/snapstash-small-2/
9453,SnapStash &#8211; Large,ACCESSORIES,,2,AUD,false,true,simple,images/snapstash-large-2.jpg,https://aussievapemart.com.au/product/snapstash-large-2/
9452,EVO Adapter Parts by VapeXhale,ACCESSORIES,,17.95,AUD,false,true,variable,images/evo-adapter-parts-by-vapexhale-2.jpg,https://aussievapemart.com.au/product/evo-adapter-parts-by-vapexhale-2/
9451,Vertigo Triple Cyclone,ACCESSORIES,,23.5,AUD,false,true,simple,images/vertigo-triple-cyclone-2.jpg,https://aussievapemart.com.au/product/vertigo-triple-cyclone-2/
9450,Honest Jet Lighter,ACCESSORIES,,17.95,AUD,false,true,simple,images/honest-jet-lighter-2.jpg,https://aussievapemart.com.au/product/honest-jet-lighter-2/
9449,DynaVap Single Jet Lighter (Honest),ACCESSORIES,,17.95,AUD,false,true,simple,images/dynavap-single-jet-lighter-honest-2.jpg,https://aussievapemart.com.au/product/dynavap-single-jet-lighter-honest-2/
9448,Duality (1+1 Torch),ACCESSORIES,,56,AUD,false,true,variable,images/duality-11-torch-2.jpg,https://aussievapemart.com.au/product/duality-11-torch-2/
9447,A1 Whip Adapters,ACCESSORIES,,18.95,AUD,false,true,variable,images/a1-whip-adapters-2.jpg,https://aussievapemart.com.au/product/a1-whip-adapters-2/
9446,Kannastor GR8TR V2 Storage Puck Black Edition 56mm,ACCESSORIES,,29.95,AUD,false,true,simple,images/kannastor-gr8tr-v2-storage-puck-black-edition-56mm-2.jpg,https://aussievapemart.com.au/product/kannastor-gr8tr-v2-storage-puck-black-edition-56mm-2/
9444,HydroBrick 18mm Female Dry Mouthpiece,ACCESSORIES,,38.95,AUD,false,true,simple,images/hydrobrick-18mm-female-dry-mouthpiece-2.jpg,https://aussievapemart.com.au/product/hydrobrick-18mm-female-dry-mouthpiece-2/
9443,6 Pack Stainless Steel Screens,ACCESSORIES,,9.5,AUD,false,true,simple,images/6-pack-stainless-steel-screens-2.jpg,https://aussievapemart.com.au/product/6-pack-stainless-steel-screens-2/
9442,SmokeBuddy Original Air Filter,ACCESSORIES,,25.95,AUD,false,true,simple,images/smokebuddy-original-air-filter-2.jpg,https://aussievapemart.com.au/product/smokebuddy-original-air-filter-2/
9441,SmokeBuddy Junior Air Filter,ACCESSORIES,,20.95,AUD,false,true,simple,images/smokebuddy-junior-air-filter-2.jpg,https://aussievapemart.com.au/product/smokebuddy-junior-air-filter-2/
9440,Large Magnet Top for SLX Tray,ACCESSORIES,,18.95,AUD,false,true,simple,images/large-magnet-top-for-slx-tray-2.jpg,https://aussievapemart.com.au/product/large-magnet-top-for-slx-tray-2/
9439,SLX Large Ceramic Coated Tray,ACCESSORIES,,37.95,AUD,false,true,simple,images/slx-large-ceramic-coated-tray-2.jpg,https://aussievapemart.com.au/product/slx-large-ceramic-coated-tray-2/
9438,Small Magnet Top for SLX Tray,ACCESSORIES,,14.95,AUD,false,true,simple,images/small-magnet-top-for-slx-tray-2.jpg,https://aussievapemart.com.au/product/small-magnet-top-for-slx-tray-2/
9437,SLX Small Ceramic Coated Tray,ACCESSORIES,,24.95,AUD,false,true,simple,images/slx-small-ceramic-coated-tray-2.jpg,https://aussievapemart.com.au/product/slx-small-ceramic-coated-tray-2/
9436,10 X Boveda 62% Humidity Pack 67g,ACCESSORIES,,79.95,AUD,false,true,simple,images/10-x-boveda-62-humidity-pack-67g-2.jpg,https://aussievapemart.com.au/product/10-x-boveda-62-humidity-pack-67g-2/
9435,Boveda 62% Humidity Pack 67g,ACCESSORIES,,9.95,AUD,true,true,simple,images/boveda-62-humidity-pack-67g-2.jpg,https://aussievapemart.com.au/product/boveda-62-humidity-pack-67g-2/
9434,10 x Boveda 62% Humidity Pack 8g,ACCESSORIES,,22.5,AUD,false,true,simple,images/10-x-boveda-62-humidity-pack-8g-2.jpg,https://aussievapemart.com.au/product/10-x-boveda-62-humidity-pack-8g-2/
9433,Boveda 62% Humidity Pack 8g,ACCESSORIES,,3.25,AUD,true,true,simple,images/boveda-62-humidity-pack-8g-2.jpg,https://aussievapemart.com.au/product/boveda-62-humidity-pack-8g-2/
9432,Stash Tool &#8211; Cocobolo/Maple/Bubinga,ACCESSORIES,,14.95,AUD,false,true,variable,images/stash-tool-cocobolo-maple-bubinga-2.jpg,https://aussievapemart.com.au/product/stash-tool-cocobolo-maple-bubinga-2/
9431,Old Head Stir Stick,ACCESSORIES,,18.5,AUD,false,true,simple,images/old-head-stir-stick-2.jpg,https://aussievapemart.com.au/product/old-head-stir-stick-2/
9430,Old Head Measuring Spoon,ACCESSORIES,,59.95,AUD,false,true,simple,images/old-head-measuring-spoon-2.jpg,https://aussievapemart.com.au/product/old-head-measuring-spoon-2/
9429,Replacement Mouthpiece,ACCESSORIES,,12,AUD,false,true,variable,images/replacement-mouthpiece-2.jpg,https://aussievapemart.com.au/product/replacement-mouthpiece-2/
9428,Honest Torch,ACCESSORIES,,39.99,AUD,false,true,simple,images/honest-torch-2.jpg,https://aussievapemart.com.au/product/honest-torch-2/
9427,Elev8 Silicone Mat 15cm (Smooth),ACCESSORIES,,16.95,AUD,false,true,variable,images/elev8-silicone-mat-15cm-smooth-2.jpg,https://aussievapemart.com.au/product/elev8-silicone-mat-15cm-smooth-2/
9426,Elev8 All Glass Vapour Tamer,ACCESSORIES,,64.95,AUD,true,true,variable,images/elev8-all-glass-vapour-tamer-2.jpg,https://aussievapemart.com.au/product/elev8-all-glass-vapour-tamer-2/
9425,Custom SideKick Mouthpiece,ACCESSORIES,,23,AUD,false,true,variable,images/custom-sidekick-mouthpiece-2.jpg,https://aussievapemart.com.au/product/custom-sidekick-mouthpiece-2/
9424,Glass Joint Whip Adapters (SBL),ACCESSORIES,,18.95,AUD,false,true,variable,images/glass-joint-whip-adapters-sbl-2.jpg,https://aussievapemart.com.au/product/glass-joint-whip-adapters-sbl-2/
9423,Stainless Steel Screens,ACCESSORIES,,7.95,AUD,false,true,variable,images/stainless-steel-screens-2.jpg,https://aussievapemart.com.au/product/stainless-steel-screens-2/
9421,Vinyl Tubing | Whip Hose (900mm),ACCESSORIES,,10.95,AUD,false,true,simple,images/vinyl-tubing-whip-hose-900mm-2.jpg,https://aussievapemart.com.au/product/vinyl-tubing-whip-hose-900mm-2/
9420,ELEV8R 18mm Rig Adapter (All Glass),ACCESSORIES,,44.95,AUD,false,true,simple,images/elev8r-18mm-rig-adapter-all-glass-2.jpg,https://aussievapemart.com.au/product/elev8r-18mm-rig-adapter-all-glass-2/
9419,ELEV8R 14mm rig adapter,ACCESSORIES,,44.95,AUD,false,true,variable,images/elev8r-14mm-rig-adapter-2.jpg,https://aussievapemart.com.au/product/elev8r-14mm-rig-adapter-2/
9418,ELEV8R Quartz Replacement Heater,ACCESSORIES,,59.9,AUD,false,true,simple,images/elev8r-quartz-replacement-heater-2.jpg,https://aussievapemart.com.au/product/elev8r-quartz-replacement-heater-2/
9417,ELEV8R Flame Powered Extraction Device | All Glass / Standard |,ACCESSORIES,,178.99,AUD,false,true,variable,images/elev8r-flame-powered-extraction-device-all-glass-standard-2.jpg,https://aussievapemart.com.au/product/elev8r-flame-powered-extraction-device-all-glass-standard-2/
9416,ELEV8R Flame Powered Extraction Device Rig Kit,ACCESSORIES,,99.95,AUD,false,true,variable,images/elev8r-flame-powered-extraction-device-rig-kit-2.jpg,https://aussievapemart.com.au/product/elev8r-flame-powered-extraction-device-rig-kit-2/
9415,Elev8 Quartz HoneySuckle Dab Straw,ACCESSORIES,,29.95,AUD,false,true,simple,images/elev8-quartz-honeysuckle-dab-straw-2.jpg,https://aussievapemart.com.au/product/elev8-quartz-honeysuckle-dab-straw-2/
9414,Elev8 Dab Straw,ACCESSORIES,,19.95,AUD,false,true,simple,images/elev8-dab-straw-2.jpg,https://aussievapemart.com.au/product/elev8-dab-straw-2/
9413,3mm Glass Rubies X 100,ACCESSORIES,,22,AUD,false,true,simple,images/3mm-glass-rubies-x-100-2.jpg,https://aussievapemart.com.au/product/3mm-glass-rubies-x-100-2/
9412,Elev8 Silicone Joint Plug,ACCESSORIES,,7.95,AUD,false,true,variable,images/elev8-silicone-joint-plug-2.jpg,https://aussievapemart.com.au/product/elev8-silicone-joint-plug-2/
9411,Rogue Wax Works Dynavap Debowler &#038; Tamper,ACCESSORIES,,23.95,AUD,false,true,simple,images/rogue-wax-works-dynavap-debowler-tamper-2.jpg,https://aussievapemart.com.au/product/rogue-wax-works-dynavap-debowler-tamper-2/
9392,Tidy Tips,ACCESSORIES,,4.2,AUD,false,true,simple,images/tidy-tips-2.jpg,https://aussievapemart.com.au/product/tidy-tips-2/
9390,Silver Surfer AromaTop,ACCESSORIES,,28.95,AUD,false,true,simple,images/silver-surfer-aromatop-2.jpg,https://aussievapemart.com.au/product/silver-surfer-aromatop-2/
9389,Volcano Cleaning Brush,ACCESSORIES,,3.95,AUD,false,true,simple,images/volcano-cleaning-brush-2.jpg,https://aussievapemart.com.au/product/volcano-cleaning-brush-2/
9388,Quartz Dish For Essential Oil Kit,ACCESSORIES,,29.95,AUD,false,true,variable,images/quartz-dish-for-essential-oil-kit-2.jpg,https://aussievapemart.com.au/product/quartz-dish-for-essential-oil-kit-2/
9387,SideKick Bubbler Mouthpiece,ACCESSORIES,,49.95,AUD,true,true,simple,images/sidekick-bubbler-mouthpiece-2.jpg,https://aussievapemart.com.au/product/sidekick-bubbler-mouthpiece-2/
9386,Ground Glass Sick Clips,ACCESSORIES,,5.5,AUD,false,true,variable,images/ground-glass-sick-clips-2.jpg,https://aussievapemart.com.au/product/ground-glass-sick-clips-2/
9385,14mm Female to 18mm Male adapter,ACCESSORIES,,10.95,AUD,false,true,simple,images/14mm-female-to-18mm-male-adapter-2.jpg,https://aussievapemart.com.au/product/14mm-female-to-18mm-male-adapter-2/
9384,14mm Male to 18mm Female adapter,ACCESSORIES,,11.5,AUD,false,true,simple,images/14mm-male-to-18mm-female-adapter-2.jpg,https://aussievapemart.com.au/product/14mm-male-to-18mm-female-adapter-2/
9381,Elev8 J-Hook 14mm or 18mm,ACCESSORIES,,27.95,AUD,false,true,variable,images/elev8-j-hook-14mm-or-18mm-2.jpg,https://aussievapemart.com.au/product/elev8-j-hook-14mm-or-18mm-2/
9380,Elev8 Ground Glass Mouthpiece (Angled),ACCESSORIES,,12,AUD,false,true,simple,images/elev8-ground-glass-mouthpiece-angled-2.jpg,https://aussievapemart.com.au/product/elev8-ground-glass-mouthpiece-angled-2/
9379,Skull Pick,ACCESSORIES,,8.95,AUD,false,true,variable,images/skull-pick-2.jpg,https://aussievapemart.com.au/product/skull-pick-2/
9378,Stainless Steel Stir Stick (5 Pack),ACCESSORIES,,8.95,AUD,false,true,simple,images/stainless-steel-stir-stick-5-pack-2.jpg,https://aussievapemart.com.au/product/stainless-steel-stir-stick-5-pack-2/
9377,Stainless Steel Poker/Dab Tool No 1,ACCESSORIES,,9.95,AUD,false,true,simple,images/stainless-steel-poker-dab-tool-no-1-2.jpg,https://aussievapemart.com.au/product/stainless-steel-poker-dab-tool-no-1-2/
9376,Stainless Steel Poker/Dab Tool No 2,ACCESSORIES,,12.95,AUD,false,true,simple,images/stainless-steel-poker-dab-tool-no-2-2.jpg,https://aussievapemart.com.au/product/stainless-steel-poker-dab-tool-no-2-2/
9375,Titanium Poker/Dab Tool,ACCESSORIES,,29.95,AUD,false,true,simple,images/titanium-poker-dab-tool-2.jpg,https://aussievapemart.com.au/product/titanium-poker-dab-tool-2/
9374,Mushroom Pick,ACCESSORIES,,9.95,AUD,false,true,variable,images/mushroom-pick-2.jpg,https://aussievapemart.com.au/product/mushroom-pick-2/
9373,Marble Pick,ACCESSORIES,,8.95,AUD,false,true,variable,images/marble-pick-2.jpg,https://aussievapemart.com.au/product/marble-pick-2/
9372,Special Blue Ultra Pure Butane Plus 420ML (CAN NOT BE EXPRESSS SHIPPED),ACCESSORIES,,59.99,AUD,false,true,variable,images/special-blue-ultra-pure-butane-plus-420ml-can-not-be-expresss-shipped-2.jpg,https://aussievapemart.com.au/product/special-blue-ultra-pure-butane-plus-420ml-can-not-be-expresss-shipped-2/
9370,BIMO Felxy 40000 Kit – Watermelon Ice,Bimo Vapes | DRY HERB VAPORIZER,,55,AUD,false,true,simple,images/bimo-felxy-40000-kit-watermelon-ice-2.webp,https://aussievapemart.com.au/product/bimo-felxy-40000-kit-watermelon-ice-2/
9368,AIRIS SWITCH 3 IN1 VAPORIZER DRY HERB WAX OIL CERAMIC HEATING,DRY HERB VAPORIZER,,99,AUD,false,true,simple,images/airis-switch-3-in1-vaporizer-dry-herb-wax-oil-ceramic-heating-2.jpeg,https://aussievapemart.com.au/product/airis-switch-3-in1-vaporizer-dry-herb-wax-oil-ceramic-heating-2/
9367,AIRIS HERBVA 5G DRY HERB POCKET VAPORIZER,DRY HERB VAPORIZER,,58,AUD,false,true,simple,images/airis-herbva-5g-dry-herb-pocket-vaporizer-2.jpeg,https://aussievapemart.com.au/product/airis-herbva-5g-dry-herb-pocket-vaporizer-2/
9366,AIRIS DRY HERB VAPORIZER GETHI G6,DRY HERB VAPORIZER,,89,AUD,false,true,simple,images/airis-dry-herb-vaporizer-gethi-g6-2.jpeg,https://aussievapemart.com.au/product/airis-dry-herb-vaporizer-gethi-g6-2/
9360,AISU 50ml Shortfill – Cucumber,70vg/30pg -E-Liquid | BAR JUICE 5000 NICOTINE SALT E-LIQUID | E-Liquid | Shortfill E-Liquid,,24.02,AUD,false,true,simple,images/aisu-50ml-shortfill-cucumber-12.jpeg,https://aussievapemart.com.au/product/aisu-50ml-shortfill-cucumber-12/
9359,Lychee e-Liquid Juice – Skwezed,70vg/30pg -E-Liquid | BAR JUICE 5000 NICOTINE SALT E-LIQUID | E-Liquid,,36,AUD,false,true,simple,images/lychee-e-liquid-juice-skwezed-6.jpeg,https://aussievapemart.com.au/product/lychee-e-liquid-juice-skwezed-6/
9356,Blueberry Cherry Cranberry,BAR JUICE 5000 NICOTINE SALT E-LIQUID | E-Liquid,,5,AUD,true,true,simple,images/blueberry-cherry-cranberry-4.jpeg,https://aussievapemart.com.au/product/blueberry-cherry-cranberry-4/
9354,Cherry Cola,BAR JUICE 5000 NICOTINE SALT E-LIQUID | E-Liquid,,5,AUD,true,true,simple,images/cherry-cola-4.jpeg,https://aussievapemart.com.au/product/cherry-cola-4/
9353,Fizzy Cherry,BAR JUICE 5000 NICOTINE SALT E-LIQUID | E-Liquid,,5,AUD,true,true,simple,images/fizzy-cherry-4.jpeg,https://aussievapemart.com.au/product/fizzy-cherry-4/
9352,Fresh Mint,BAR JUICE 5000 NICOTINE SALT E-LIQUID | E-Liquid,,5,AUD,true,true,simple,images/fresh-mint-4.jpeg,https://aussievapemart.com.au/product/fresh-mint-4/
9351,Gummy Bear,BAR JUICE 5000 NICOTINE SALT E-LIQUID | E-Liquid,,5,AUD,true,true,simple,images/gummy-bear-4.jpeg,https://aussievapemart.com.au/product/gummy-bear-4/
9350,Lemon &#038; Lime,BAR JUICE 5000 NICOTINE SALT E-LIQUID | E-Liquid,,5,AUD,true,true,simple,images/lemon-lime-4.jpeg,https://aussievapemart.com.au/product/lemon-lime-4/
9349,Mr Blue,BAR JUICE 5000 NICOTINE SALT E-LIQUID | E-Liquid,,5,AUD,true,true,simple,images/mr-blue-4.jpeg,https://aussievapemart.com.au/product/mr-blue-4/
9348,Watermelon,BAR JUICE 5000 NICOTINE SALT E-LIQUID | E-Liquid,,5,AUD,true,true,simple,images/watermelon-4.jpeg,https://aussievapemart.com.au/product/watermelon-4/
9347,Orange Zest,BAR JUICE 5000 NICOTINE SALT E-LIQUID | E-Liquid,,5,AUD,true,true,simple,images/orange-zest-4.jpeg,https://aussievapemart.com.au/product/orange-zest-4/
9346,Peach Ice,BAR JUICE 5000 NICOTINE SALT E-LIQUID | E-Liquid,,5,AUD,true,true,simple,images/peach-ice-4.jpeg,https://aussievapemart.com.au/product/peach-ice-4/
9345,Watermelon strawberry kiwi,BAR JUICE 5000 NICOTINE SALT E-LIQUID | E-Liquid,,5,AUD,true,true,simple,images/watermelon-strawberry-kiwi-4.jpeg,https://aussievapemart.com.au/product/watermelon-strawberry-kiwi-4/
9344,Pineapple Ice,BAR JUICE 5000 NICOTINE SALT E-LIQUID | E-Liquid,,5,AUD,true,true,simple,images/pineapple-ice-4.jpeg,https://aussievapemart.com.au/product/pineapple-ice-4/
9343,Red Apple Ice,BAR JUICE 5000 NICOTINE SALT E-LIQUID | E-Liquid,,5,AUD,true,true,simple,images/red-apple-ice-4.jpeg,https://aussievapemart.com.au/product/red-apple-ice-4/
9342,Strawberry Cherry Raspberry,BAR JUICE 5000 NICOTINE SALT E-LIQUID | E-Liquid,,5,AUD,true,true,simple,images/strawberry-cherry-raspberry-4.jpeg,https://aussievapemart.com.au/product/strawberry-cherry-raspberry-4/
9341,Strawberry Ice,BAR JUICE 5000 NICOTINE SALT E-LIQUID | E-Liquid,,5,AUD,true,true,simple,images/strawberry-ice-4.jpeg,https://aussievapemart.com.au/product/strawberry-ice-4/
9340,Strawberry Kiwi,BAR JUICE 5000 NICOTINE SALT E-LIQUID | E-Liquid,,5,AUD,true,true,simple,images/strawberry-kiwi-4.jpeg,https://aussievapemart.com.au/product/strawberry-kiwi-4/
9339,Strawberry Mango,BAR JUICE 5000 NICOTINE SALT E-LIQUID | E-Liquid,,5,AUD,true,true,simple,images/strawberry-mango-4.jpeg,https://aussievapemart.com.au/product/strawberry-mango-4/
9335,SMART VAPE  E-LIQUID JUICE STRAWBERRY (60ML),BAR JUICE 5000 NICOTINE SALT E-LIQUID | E-Liquid,,15.95,AUD,false,true,simple,images/smart-vape-e-liquid-juice-strawberry-60ml-4.jpeg,https://aussievapemart.com.au/product/smart-vape-e-liquid-juice-strawberry-60ml-4/
9333,Lychee e-Liquid Juice – Skwezed,70vg/30pg -E-Liquid | BAR JUICE 5000 NICOTINE SALT E-LIQUID | E-Liquid,,36,AUD,false,true,simple,images/lychee-e-liquid-juice-skwezed-5.jpeg,https://aussievapemart.com.au/product/lychee-e-liquid-juice-skwezed-5/
9332,Banana Ice,BAR JUICE 5000 NICOTINE SALT E-LIQUID | E-Liquid,,5,AUD,true,true,simple,images/banana-ice-3.jpeg,https://aussievapemart.com.au/product/banana-ice-3/
9330,Blueberry Cherry Cranberry,BAR JUICE 5000 NICOTINE SALT E-LIQUID | E-Liquid,,5,AUD,true,true,simple,images/blueberry-cherry-cranberry-3.jpeg,https://aussievapemart.com.au/product/blueberry-cherry-cranberry-3/
9328,Cherry Cola,BAR JUICE 5000 NICOTINE SALT E-LIQUID | E-Liquid,,5,AUD,true,true,simple,images/cherry-cola-3.jpeg,https://aussievapemart.com.au/product/cherry-cola-3/
9327,Fizzy Cherry,BAR JUICE 5000 NICOTINE SALT E-LIQUID | E-Liquid,,5,AUD,true,true,simple,images/fizzy-cherry-3.jpeg,https://aussievapemart.com.au/product/fizzy-cherry-3/
9326,Fresh Mint,BAR JUICE 5000 NICOTINE SALT E-LIQUID | E-Liquid,,5,AUD,true,true,simple,images/fresh-mint-3.jpeg,https://aussievapemart.com.au/product/fresh-mint-3/
9325,Gummy Bear,BAR JUICE 5000 NICOTINE SALT E-LIQUID | E-Liquid,,5,AUD,true,true,simple,images/gummy-bear-3.jpeg,https://aussievapemart.com.au/product/gummy-bear-3/
9313,Lemon &#038; Lime,BAR JUICE 5000 NICOTINE SALT E-LIQUID | E-Liquid,,5,AUD,true,true,simple,images/lemon-lime-3.jpeg,https://aussievapemart.com.au/product/lemon-lime-3/
9312,Mr Blue,BAR JUICE 5000 NICOTINE SALT E-LIQUID | E-Liquid,,5,AUD,true,true,simple,images/mr-blue-3.jpeg,https://aussievapemart.com.au/product/mr-blue-3/
9310,Orange Zest,BAR JUICE 5000 NICOTINE SALT E-LIQUID | E-Liquid,,5,AUD,true,true,simple,images/orange-zest-3.jpeg,https://aussievapemart.com.au/product/orange-zest-3/
9309,Peach Ice,BAR JUICE 5000 NICOTINE SALT E-LIQUID | E-Liquid,,5,AUD,true,true,simple,images/peach-ice-3.jpeg,https://aussievapemart.com.au/product/peach-ice-3/
9307,Pineapple Ice,BAR JUICE 5000 NICOTINE SALT E-LIQUID | E-Liquid,,5,AUD,true,true,simple,images/pineapple-ice-3.jpeg,https://aussievapemart.com.au/product/pineapple-ice-3/
9306,Red Apple Ice,BAR JUICE 5000 NICOTINE SALT E-LIQUID | E-Liquid,,5,AUD,true,true,simple,images/red-apple-ice-3.jpeg,https://aussievapemart.com.au/product/red-apple-ice-3/
9305,Strawberry Cherry Raspberry,BAR JUICE 5000 NICOTINE SALT E-LIQUID | E-Liquid,,5,AUD,true,true,simple,images/strawberry-cherry-raspberry-3.jpeg,https://aussievapemart.com.au/product/strawberry-cherry-raspberry-3/
9304,Strawberry Ice,BAR JUICE 5000 NICOTINE SALT E-LIQUID | E-Liquid,,5,AUD,true,true,simple,images/strawberry-ice-3.jpeg,https://aussievapemart.com.au/product/strawberry-ice-3/
9303,Strawberry Kiwi,BAR JUICE 5000 NICOTINE SALT E-LIQUID | E-Liquid,,5,AUD,true,true,simple,images/strawberry-kiwi-3.jpeg,https://aussievapemart.com.au/product/strawberry-kiwi-3/
9302,Strawberry Mango,BAR JUICE 5000 NICOTINE SALT E-LIQUID | E-Liquid,,5,AUD,true,true,simple,images/strawberry-mango-3.jpeg,https://aussievapemart.com.au/product/strawberry-mango-3/
9301,SMART VAPE  E-LIQUID JUICE STRAWBERRY (60ML),BAR JUICE 5000 NICOTINE SALT E-LIQUID | E-Liquid,,15.95,AUD,false,true,simple,images/smart-vape-e-liquid-juice-strawberry-60ml-3.jpeg,https://aussievapemart.com.au/product/smart-vape-e-liquid-juice-strawberry-60ml-3/
9299,Lychee e-Liquid Juice – Skwezed,70vg/30pg -E-Liquid | BAR JUICE 5000 NICOTINE SALT E-LIQUID | E-Liquid,,36,AUD,false,true,simple,images/lychee-e-liquid-juice-skwezed-4.jpeg,https://aussievapemart.com.au/product/lychee-e-liquid-juice-skwezed-4/
9297,ALIBARBAR UPLOAD 25000 PUFFS – Mint,ALIBARBAR UPLOAD 25000 PUFFS,,59,AUD,false,true,simple,images/alibarbar-upload-25000-puffs-mint.webp,https://aussievapemart.com.au/product/alibarbar-upload-25000-puffs-mint/
9296,ALIBARBAR UPLOAD 25000 PUFFS – Pink Lemon,ALIBARBAR UPLOAD 25000 PUFFS,,59,AUD,false,true,simple,images/alibarbar-upload-25000-puffs-pink-lemon.webp,https://aussievapemart.com.au/product/alibarbar-upload-25000-puffs-pink-lemon/
9295,ALIBARBAR UPLOAD 25000 PUFFS – Rainbow Candy,ALIBARBAR UPLOAD 25000 PUFFS,,59,AUD,false,true,simple,images/alibarbar-upload-25000-puffs-rainbow-candy.webp,https://aussievapemart.com.au/product/alibarbar-upload-25000-puffs-rainbow-candy/
9294,ALIBARBAR UPLOAD 25000 PUFFS – Watermelon Ice,ALIBARBAR UPLOAD 25000 PUFFS,,59,AUD,false,true,simple,images/alibarbar-upload-25000-puffs-watermelon-ice.webp,https://aussievapemart.com.au/product/alibarbar-upload-25000-puffs-watermelon-ice/
9293,ALIBARBAR UPLOAD 25000 PUFFS – Banana Buzz,ALIBARBAR UPLOAD 25000 PUFFS,,59,AUD,false,true,simple,images/alibarbar-upload-25000-puffs-banana-buzz.webp,https://aussievapemart.com.au/product/alibarbar-upload-25000-puffs-banana-buzz/
9292,ALIBARBAR UPLOAD 25000 PUFFS – Blueberry Breeze,ALIBARBAR UPLOAD 25000 PUFFS,,49,AUD,false,true,simple,images/alibarbar-upload-25000-puffs-blueberry-breeze.webp,https://aussievapemart.com.au/product/alibarbar-upload-25000-puffs-blueberry-breeze/
9291,ALIBARBAR UPLOAD 25000 PUFFS – Kiwi Pineapple,ALIBARBAR UPLOAD 25000 PUFFS,,59,AUD,false,true,simple,images/alibarbar-upload-25000-puffs-kiwi-pineapple.webp,https://aussievapemart.com.au/product/alibarbar-upload-25000-puffs-kiwi-pineapple/
9290,ALIBARBAR UPLOAD 25000 PUFFS – Blackcurrant,ALIBARBAR UPLOAD 25000 PUFFS,,59,AUD,false,true,simple,images/alibarbar-upload-25000-puffs-blackcurrant.webp,https://aussievapemart.com.au/product/alibarbar-upload-25000-puffs-blackcurrant/
9289,ALIBARBAR UPLOAD 25000 PUFFS – WTF (Grapefruit),ALIBARBAR UPLOAD 25000 PUFFS,,59,AUD,false,true,simple,images/alibarbar-upload-25000-puffs-wtf-grapefruit.webp,https://aussievapemart.com.au/product/alibarbar-upload-25000-puffs-wtf-grapefruit/
9288,ALIBARBAR UPLOAD 25000 PUFFS – Blackberry Ice,ALIBARBAR UPLOAD 25000 PUFFS,,59,AUD,false,true,simple,images/alibarbar-upload-25000-puffs-blackberry-ice.webp,https://aussievapemart.com.au/product/alibarbar-upload-25000-puffs-blackberry-ice/
9287,ALIBARBAR UPLOAD 25000 PUFFS – Strawberry Ice,ALIBARBAR UPLOAD 25000 PUFFS,,59,AUD,false,true,simple,images/alibarbar-upload-25000-puffs-strawberry-ice.webp,https://aussievapemart.com.au/product/alibarbar-upload-25000-puffs-strawberry-ice/
9286,ALIBARBAR UPLOAD 25000 PUFFS – Grape Blast,ALIBARBAR UPLOAD 25000 PUFFS,,59,AUD,false,true,simple,images/alibarbar-upload-25000-puffs-grape-blast.webp,https://aussievapemart.com.au/product/alibarbar-upload-25000-puffs-grape-blast/
9285,ALIBARBAR UPLOAD 25000 PUFFS – Mango Magic,ALIBARBAR UPLOAD 25000 PUFFS,,59,AUD,false,true,simple,images/alibarbar-upload-25000-puffs-mango-magic.webp,https://aussievapemart.com.au/product/alibarbar-upload-25000-puffs-mango-magic/
9284,ALIBARBAR UPLOAD 25000 PUFFS – Chuppa Chupps Strawberry,ALIBARBAR UPLOAD 25000 PUFFS,,59,AUD,false,true,simple,images/alibarbar-upload-25000-puffs-chuppa-chupps-strawberry.webp,https://aussievapemart.com.au/product/alibarbar-upload-25000-puffs-chuppa-chupps-strawberry/
9282,ALIBARBAR PANDORA 7000 PUFF – CHUPA CHUPS STRAWBERRY,ALIBARBAR | PANDORA,,42.95,AUD,false,true,simple,images/alibarbar-pandora-7000-puff-chupa-chups-strawberry-3.jpg,https://aussievapemart.com.au/product/alibarbar-pandora-7000-puff-chupa-chups-strawberry-3/
9271,ALIBARBAR PANDORA 7000 PUFF – BLUEBERRY BREEZE,ALIBARBAR | PANDORA,,42.95,AUD,false,true,simple,images/alibarbar-pandora-7000-puff-blueberry-breeze-3.jpg,https://aussievapemart.com.au/product/alibarbar-pandora-7000-puff-blueberry-breeze-3/
9269,ALIBARBAR INGOT 9000 PUFF – BLACKBERRY ICE,ALIBARBAR | INGOT | INGOT 9000,,44.95,AUD,false,true,simple,images/alibarbar-ingot-9000-puff-blackberry-ice-3.jpg,https://aussievapemart.com.au/product/alibarbar-ingot-9000-puff-blackberry-ice-3/
9263,ALIBARBAR INGOT 9000 PUFF – BLUEBERRY BLAST,ALIBARBAR | INGOT | INGOT 9000,,44.95,AUD,false,true,simple,images/alibarbar-ingot-9000-puff-blueberry-blast-3.jpg,https://aussievapemart.com.au/product/alibarbar-ingot-9000-puff-blueberry-blast-3/
9246,The &#8216;Tall Boy&#8217; 25mm Auto Spinner Set,GLASS BONGS,,63,AUD,false,true,simple,images/the-tall-boy-25mm-auto-spinner-set.jpg,https://aussievapemart.com.au/product/the-tall-boy-25mm-auto-spinner-set/
9130,daab Carb Cap,GLASS BONGS,,24.95,AUD,false,true,simple,images/daab-carb-cap.jpg,https://aussievapemart.com.au/product/daab-carb-cap/
9129,Elev8 Bent Neck Platform Rig,GLASS BONGS,,159.95,AUD,false,true,variable,images/elev8-bent-neck-platform-rig.jpg,https://aussievapemart.com.au/product/elev8-bent-neck-platform-rig/
9128,Elev8 Beaker 8 Tree,GLASS BONGS,,194.95,AUD,false,true,variable,images/elev8-beaker-8-tree.jpg,https://aussievapemart.com.au/product/elev8-beaker-8-tree/
9127,Elev8 Mini Tube Rig,GLASS BONGS,,109.95,AUD,false,true,variable,images/elev8-mini-tube-rig.jpg,https://aussievapemart.com.au/product/elev8-mini-tube-rig/
9126,Elev8 Lattice Barrel Perc,GLASS BONGS,,295.95,AUD,false,true,simple,images/elev8-lattice-barrel-perc.jpg,https://aussievapemart.com.au/product/elev8-lattice-barrel-perc/
9125,Elev8 Sea Mine,GLASS BONGS,,314.95,AUD,false,true,variable,images/elev8-sea-mine.jpg,https://aussievapemart.com.au/product/elev8-sea-mine/
9124,Elev8 Tree Turbine Incycler,GLASS BONGS,,369.96,AUD,false,true,simple,images/elev8-tree-turbine-incycler-2.jpg,https://aussievapemart.com.au/product/elev8-tree-turbine-incycler-2/
9123,Elev8 &#8220;The Dude Piece&#8221; Incycler,GLASS BONGS,,299.95,AUD,false,true,simple,images/elev8-the-dude-piece-incycler-2.jpg,https://aussievapemart.com.au/product/elev8-the-dude-piece-incycler-2/
9122,Elev8 Cone Rig,GLASS BONGS,,139.95,AUD,false,true,variable,images/elev8-cone-rig-2.jpg,https://aussievapemart.com.au/product/elev8-cone-rig-2/
9121,Elev8 Mini Recycler,GLASS BONGS,,129.95,AUD,false,true,variable,images/elev8-mini-recycler-2.jpg,https://aussievapemart.com.au/product/elev8-mini-recycler-2/
9120,Elev8 Hand Crafted Duff Jar,GLASS BONGS,,99.95,AUD,false,true,simple,images/elev8-hand-crafted-duff-jar-2.jpg,https://aussievapemart.com.au/product/elev8-hand-crafted-duff-jar-2/
9119,ALIBARBAR INGOT 9000 PUFF – COOL MINT,ALIBARBAR | INGOT | INGOT 9000,,44.95,AUD,false,true,simple,images/alibarbar-ingot-9000-puff-cool-mint-2.jpg,https://aussievapemart.com.au/product/alibarbar-ingot-9000-puff-cool-mint-2/
9116,ALIBARBAR INGOT 9000 PUFF – WATERMELON ICE,ALIBARBAR | INGOT | INGOT 9000,,44.95,AUD,false,true,simple,images/alibarbar-ingot-9000-puff-watermelon-ice-2.jpg,https://aussievapemart.com.au/product/alibarbar-ingot-9000-puff-watermelon-ice-2/
9114,ALIBARBAR INGOT 9000 PUFF – BANANA BUZZ,ALIBARBAR | INGOT | INGOT 9000,,44.95,AUD,false,true,simple,images/alibarbar-ingot-9000-puff-banana-buzz-2.jpg,https://aussievapemart.com.au/product/alibarbar-ingot-9000-puff-banana-buzz-2/
9111,ALIBARBAR INGOT 9000 PUFF – PASSIONFRUIT MANGO LIME,ALIBARBAR | INGOT | INGOT 9000,,44.95,AUD,false,true,simple,images/alibarbar-ingot-9000-puff-passionfruit-mango-lime-2.jpg,https://aussievapemart.com.au/product/alibarbar-ingot-9000-puff-passionfruit-mango-lime-2/
9106,ALIBARBAR PANDORA 7000 PUFF – BLACKBERRY ICE,ALIBARBAR | PANDORA,,42.95,AUD,false,true,simple,images/alibarbar-pandora-7000-puff-blackberry-ice-2.jpg,https://aussievapemart.com.au/product/alibarbar-pandora-7000-puff-blackberry-ice-2/
9102,ALIBARBAR PANDORA 7000 PUFF – BANANA BUZZ,ALIBARBAR | PANDORA,,42.95,AUD,false,true,simple,images/alibarbar-pandora-7000-puff-banana-buzz-2.jpg,https://aussievapemart.com.au/product/alibarbar-pandora-7000-puff-banana-buzz-2/
9098,ALIBARBAR PANDORA 7000 PUFF – RIBENA,ALIBARBAR | PANDORA,,42.95,AUD,false,true,simple,images/alibarbar-pandora-7000-puff-ribena-2.jpg,https://aussievapemart.com.au/product/alibarbar-pandora-7000-puff-ribena-2/
9097,ALIBARBAR PANDORA 7000 PUFF – STRAWBERRY COCONUT WATERMELON,ALIBARBAR | PANDORA,,42.95,AUD,false,true,simple,images/alibarbar-pandora-7000-puff-strawberry-coconut-watermelon-2.jpg,https://aussievapemart.com.au/product/alibarbar-pandora-7000-puff-strawberry-coconut-watermelon-2/
9093,ALIBARBAR INGOT 9000 PUFF – KIWI PINEAPPLE,ALIBARBAR | INGOT | INGOT 9000,,44.95,AUD,false,true,simple,images/alibarbar-ingot-9000-puff-kiwi-pineapple-2.jpg,https://aussievapemart.com.au/product/alibarbar-ingot-9000-puff-kiwi-pineapple-2/
9058,ARRØ Max Starter Kit,Airmez Matrix Pro 30000 Puffs | Arro Vapes,,59,AUD,false,true,simple,images/arro-max-starter-kit.jpeg,https://aussievapemart.com.au/product/arro-max-starter-kit/
9057,Airmez Matrix Pro 30000 Puffs – Mixed Berries,Airmez Matrix Pro 30000 Puffs,,49,AUD,false,true,simple,images/airmez-matrix-pro-30000-puffs-mixed-berries.webp,https://aussievapemart.com.au/product/airmez-matrix-pro-30000-puffs-mixed-berries/
9056,Airmez Matrix Pro 30000 Puffs – Peach Mango Pineapple,Airmez Matrix Pro 30000 Puffs,,49,AUD,false,true,simple,images/airmez-matrix-pro-30000-puffs-peach-mango-pineapple.webp,https://aussievapemart.com.au/product/airmez-matrix-pro-30000-puffs-peach-mango-pineapple/
9055,Airmez Matrix Pro 30000 Puffs – Strawberry Mango,Airmez Matrix Pro 30000 Puffs,,49,AUD,false,true,simple,images/airmez-matrix-pro-30000-puffs-strawberry-mango.webp,https://aussievapemart.com.au/product/airmez-matrix-pro-30000-puffs-strawberry-mango/
9054,Airmez Matrix Pro 30000 Puffs – Cherry Cola,Airmez Matrix Pro 30000 Puffs,,49,AUD,false,true,simple,images/airmez-matrix-pro-30000-puffs-cherry-cola.webp,https://aussievapemart.com.au/product/airmez-matrix-pro-30000-puffs-cherry-cola/
9053,Airmez Matrix Pro 30000 Puffs – Summer Peach Ice,Airmez Matrix Pro 30000 Puffs,,49,AUD,false,true,simple,images/airmez-matrix-pro-30000-puffs-summer-peach-ice.webp,https://aussievapemart.com.au/product/airmez-matrix-pro-30000-puffs-summer-peach-ice/
9052,Airmez Matrix Pro 30000 Puffs – Blueberry Raspberry,Airmez Matrix Pro 30000 Puffs,,49,AUD,false,true,simple,images/airmez-matrix-pro-30000-puffs-blueberry-raspberry.webp,https://aussievapemart.com.au/product/airmez-matrix-pro-30000-puffs-blueberry-raspberry/
9051,Airmez Matrix Pro 30000 Puffs – Cherry Peach Lemonade,Airmez Matrix Pro 30000 Puffs,,49,AUD,false,true,simple,images/airmez-matrix-pro-30000-puffs-cherry-peach-lemonade.webp,https://aussievapemart.com.au/product/airmez-matrix-pro-30000-puffs-cherry-peach-lemonade/
9050,Airmez Matrix Pro 30000 Puffs – Fizzy Cherry,Airmez Matrix Pro 30000 Puffs,,49,AUD,false,true,simple,images/airmez-matrix-pro-30000-puffs-fizzy-cherry.webp,https://aussievapemart.com.au/product/airmez-matrix-pro-30000-puffs-fizzy-cherry/
9049,Airmez Matrix Pro 30000 Puffs – Kiwi Passionfruit Guava,Airmez Matrix Pro 30000 Puffs,,49,AUD,false,true,simple,images/airmez-matrix-pro-30000-puffs-kiwi-passionfruit-guava.webp,https://aussievapemart.com.au/product/airmez-matrix-pro-30000-puffs-kiwi-passionfruit-guava/
9048,Airmez Matrix Pro 30000 Puffs – Mr Blue,Airmez Matrix Pro 30000 Puffs,,49,AUD,false,true,simple,images/airmez-matrix-pro-30000-puffs-mr-blue.webp,https://aussievapemart.com.au/product/airmez-matrix-pro-30000-puffs-mr-blue/
9047,Airmez Matrix Pro 30000 Puffs – Raspberry Watermelon,Airmez Matrix Pro 30000 Puffs,,49,AUD,false,true,simple,images/airmez-matrix-pro-30000-puffs-raspberry-watermelon.webp,https://aussievapemart.com.au/product/airmez-matrix-pro-30000-puffs-raspberry-watermelon/
9034,Airmez Matrix Pro 30000 Puffs – Strawberry Banana,Airmez Matrix Pro 30000 Puffs,,49,AUD,false,true,simple,images/airmez-matrix-pro-30000-puffs-strawberry-banana.webp,https://aussievapemart.com.au/product/airmez-matrix-pro-30000-puffs-strawberry-banana/
9033,Airmez Matrix Pro 30000 Puffs – Strawberry Grape,Airmez Matrix Pro 30000 Puffs,,49,AUD,false,true,simple,images/airmez-matrix-pro-30000-puffs-strawberry-grape.webp,https://aussievapemart.com.au/product/airmez-matrix-pro-30000-puffs-strawberry-grape/
9032,Airmez Matrix Pro 30000 Puffs – Watermelon Ice,Airmez Matrix Pro 30000 Puffs,,49,AUD,false,true,simple,images/airmez-matrix-pro-30000-puffs-watermelon-ice.webp,https://aussievapemart.com.au/product/airmez-matrix-pro-30000-puffs-watermelon-ice/
9031,Airmez Matrix Pro 30000 Puffs – Strawberry Ice,Airmez Matrix Pro 30000 Puffs,,49,AUD,false,true,simple,images/airmez-matrix-pro-30000-puffs-strawberry-ice.webp,https://aussievapemart.com.au/product/airmez-matrix-pro-30000-puffs-strawberry-ice/
9030,Airmez Xbeats 40000 Puffs – Blueberry Banana,Airmez Xbeats 40000 Puffs,,55,AUD,false,true,simple,images/airmez-xbeats-40000-puffs-blueberry-banana.webp,https://aussievapemart.com.au/product/airmez-xbeats-40000-puffs-blueberry-banana/
9029,Airmez Xbeats 40000 Puffs – Blueberry Ice,Airmez Xbeats 40000 Puffs,,55,AUD,false,true,simple,images/airmez-xbeats-40000-puffs-blueberry-ice.webp,https://aussievapemart.com.au/product/airmez-xbeats-40000-puffs-blueberry-ice/
9028,Airmez Xbeats 40000 Puffs – Strawberry Kiwi,Airmez Xbeats 40000 Puffs,,55,AUD,false,true,simple,images/airmez-xbeats-40000-puffs-strawberry-kiwi.webp,https://aussievapemart.com.au/product/airmez-xbeats-40000-puffs-strawberry-kiwi/
9027,Airmez Xbeats 40000 Puffs – Fizzy Cherry Cola,Airmez Xbeats 40000 Puffs,,55,AUD,false,true,simple,images/airmez-xbeats-40000-puffs-fizzy-cherry-cola.webp,https://aussievapemart.com.au/product/airmez-xbeats-40000-puffs-fizzy-cherry-cola/
9026,Airmez Xbeats 40000 Puffs – Mango Ice,Airmez Xbeats 40000 Puffs,,55,AUD,false,true,simple,images/airmez-xbeats-40000-puffs-mango-ice.webp,https://aussievapemart.com.au/product/airmez-xbeats-40000-puffs-mango-ice/
9025,Airmez Xbeats 40000 Puffs – Mr. Blue,Airmez Xbeats 40000 Puffs,,55,AUD,false,true,simple,images/airmez-xbeats-40000-puffs-mr-blue.webp,https://aussievapemart.com.au/product/airmez-xbeats-40000-puffs-mr-blue/
9024,Airmez Xbeats 40000 Puffs – Pineapple Ice,Airmez Xbeats 40000 Puffs,,55,AUD,false,true,simple,images/airmez-xbeats-40000-puffs-pineapple-ice.webp,https://aussievapemart.com.au/product/airmez-xbeats-40000-puffs-pineapple-ice/
9023,Airmez Xbeats 40000 Puffs – Strawberry Watermelon Grape,Airmez Xbeats 40000 Puffs,,55,AUD,false,true,simple,images/airmez-xbeats-40000-puffs-strawberry-watermelon-grape.webp,https://aussievapemart.com.au/product/airmez-xbeats-40000-puffs-strawberry-watermelon-grape/
9022,Airmez Xbeats 40000 Puffs – Tropical Punch,Airmez Xbeats 40000 Puffs,,55,AUD,false,true,simple,images/airmez-xbeats-40000-puffs-tropical-punch.webp,https://aussievapemart.com.au/product/airmez-xbeats-40000-puffs-tropical-punch/
9021,Airmez Xbeats 40000 Puffs – Watermelon Ice,Airmez Xbeats 40000 Puffs,,55,AUD,false,true,simple,images/airmez-xbeats-40000-puffs-watermelon-ice.webp,https://aussievapemart.com.au/product/airmez-xbeats-40000-puffs-watermelon-ice/
9020,Airmez Xbeats 40000 Puffs – Peach,Airmez Xbeats 40000 Puffs,,55,AUD,false,true,simple,images/airmez-xbeats-40000-puffs-peach.webp,https://aussievapemart.com.au/product/airmez-xbeats-40000-puffs-peach/
9019,Airmez Xbeats 40000 Puffs – Summer Dream,Airmez Xbeats 40000 Puffs,,55,AUD,false,true,simple,images/airmez-xbeats-40000-puffs-summer-dream.webp,https://aussievapemart.com.au/product/airmez-xbeats-40000-puffs-summer-dream/
9018,Airmez Xbeats 40000 Puffs – Double Apple,Airmez Xbeats 40000 Puffs,,55,AUD,false,true,simple,images/airmez-xbeats-40000-puffs-double-apple.webp,https://aussievapemart.com.au/product/airmez-xbeats-40000-puffs-double-apple/
9017,Airmez Xbeats 40000 Puffs – Kiwi Grape Raspberry,Airmez Xbeats 40000 Puffs,,55,AUD,false,true,simple,images/airmez-xbeats-40000-puffs-kiwi-grape-raspberry.webp,https://aussievapemart.com.au/product/airmez-xbeats-40000-puffs-kiwi-grape-raspberry/
9016,Airmez Xbeats 40000 Puffs – Cola Mint,Airmez Xbeats 40000 Puffs,,55,AUD,false,true,simple,images/airmez-xbeats-40000-puffs-cola-mint.webp,https://aussievapemart.com.au/product/airmez-xbeats-40000-puffs-cola-mint/
9015,Airmez Xbeats 40000 Puffs – Banana Taffy Freeze,Airmez Xbeats 40000 Puffs,,55,AUD,false,true,simple,images/airmez-xbeats-40000-puffs-banana-taffy-freeze.webp,https://aussievapemart.com.au/product/airmez-xbeats-40000-puffs-banana-taffy-freeze/
9014,Airmez Xbeats 40000 Puffs – Blackberry B-Pop,Airmez Xbeats 40000 Puffs,,55,AUD,false,true,simple,images/airmez-xbeats-40000-puffs-blackberry-b-pop.webp,https://aussievapemart.com.au/product/airmez-xbeats-40000-puffs-blackberry-b-pop/
9013,Airmez Xbeats 40000 Puffs – Blue Rancher,Airmez Xbeats 40000 Puffs,,55,AUD,false,true,simple,images/airmez-xbeats-40000-puffs-blue-rancher.webp,https://aussievapemart.com.au/product/airmez-xbeats-40000-puffs-blue-rancher/
9012,Airmez Xbeats 40000 Puffs – Blue Razz,Airmez Xbeats 40000 Puffs,,55,AUD,false,true,simple,images/airmez-xbeats-40000-puffs-blue-razz.webp,https://aussievapemart.com.au/product/airmez-xbeats-40000-puffs-blue-razz/
9011,Airmez Xbeats 40000 Puffs – Ice Pop,Airmez Xbeats 40000 Puffs,,55,AUD,false,true,simple,images/airmez-xbeats-40000-puffs-ice-pop.webp,https://aussievapemart.com.au/product/airmez-xbeats-40000-puffs-ice-pop/
9010,Airmez Xbeats 40000 Puffs – Lemon Heads,Airmez Xbeats 40000 Puffs,,55,AUD,false,true,simple,images/airmez-xbeats-40000-puffs-lemon-heads.webp,https://aussievapemart.com.au/product/airmez-xbeats-40000-puffs-lemon-heads/
9009,Airmez Xbeats 40000 Puffs – Raspberry Peach Lime,Airmez Xbeats 40000 Puffs,,55,AUD,false,true,simple,images/airmez-xbeats-40000-puffs-raspberry-peach-lime.webp,https://aussievapemart.com.au/product/airmez-xbeats-40000-puffs-raspberry-peach-lime/
9008,Airmez Xbeats 40000 Puffs – Sour Apple Ice,Airmez Xbeats 40000 Puffs,,55,AUD,false,true,simple,images/airmez-xbeats-40000-puffs-sour-apple-ice.webp,https://aussievapemart.com.au/product/airmez-xbeats-40000-puffs-sour-apple-ice/
9007,Airmez Xbeats 40000 Puffs – Sour Fcuking Fab,Airmez Xbeats 40000 Puffs,,55,AUD,false,true,simple,images/airmez-xbeats-40000-puffs-sour-fcuking-fab.webp,https://aussievapemart.com.au/product/airmez-xbeats-40000-puffs-sour-fcuking-fab/
9006,Airmez Xbeats 40000 Puffs – Sour Mango Pineapple,Airmez Xbeats 40000 Puffs,,55,AUD,false,true,simple,images/airmez-xbeats-40000-puffs-sour-mango-pineapple.webp,https://aussievapemart.com.au/product/airmez-xbeats-40000-puffs-sour-mango-pineapple/
9005,Airmez Xbeats 40000 Puffs – Strawberry B-Pop,Airmez Xbeats 40000 Puffs,,55,AUD,false,true,simple,images/airmez-xbeats-40000-puffs-strawberry-b-pop.webp,https://aussievapemart.com.au/product/airmez-xbeats-40000-puffs-strawberry-b-pop/
8818,Rogue Wax Works Dynavap Cooling Unit,ACCESSORIES,,0,AUD,false,false,variable,images/rogue-wax-works-dynavap-cooling-unit.jpg,https://aussievapemart.com.au/product/rogue-wax-works-dynavap-cooling-unit/
8817,Metal V1 DynaVap Storage Tube,ACCESSORIES,,26.95,AUD,false,true,simple,images/metal-v1-dynavap-storage-tube.jpg,https://aussievapemart.com.au/product/metal-v1-dynavap-storage-tube/
8799,Mag Debowler,ACCESSORIES,,26.95,AUD,false,true,simple,images/mag-debowler.jpg,https://aussievapemart.com.au/product/mag-debowler/
8788,Magnetic Cap Remover,ACCESSORIES,,14.95,AUD,false,true,simple,images/magnetic-cap-remover.jpg,https://aussievapemart.com.au/product/magnetic-cap-remover/
8787,Ed&#8217;s TNT 14mm adapter for Dynavap Tip,ACCESSORIES,,49.95,AUD,false,true,simple,images/eds-tnt-14mm-adapter-for-dynavap-tip.jpg,https://aussievapemart.com.au/product/eds-tnt-14mm-adapter-for-dynavap-tip/
8786,3in1 adapter for Dynavap Tip,ACCESSORIES,,22.95,AUD,false,true,simple,images/3in1-adapter-for-dynavap-tip.jpg,https://aussievapemart.com.au/product/3in1-adapter-for-dynavap-tip/
8774,18mm adapter for Dynavap Tip,ACCESSORIES,,19.95,AUD,false,true,simple,images/18mm-adapter-for-dynavap-tip.jpg,https://aussievapemart.com.au/product/18mm-adapter-for-dynavap-tip/
8773,14mm adapter for Dynavap Tip,ACCESSORIES,,19.95,AUD,false,true,simple,images/14mm-adapter-for-dynavap-tip.jpg,https://aussievapemart.com.au/product/14mm-adapter-for-dynavap-tip/
8770,Single Airport BB Stem XXL,ACCESSORIES,,0,AUD,false,false,variable,images/single-airport-bb-stem-xxl.jpg,https://aussievapemart.com.au/product/single-airport-bb-stem-xxl/
8765,DynaKit &#8211; Basic Titanium,ACCESSORIES,,39.95,AUD,false,true,simple,images/dynakit-basic-titanium.jpg,https://aussievapemart.com.au/product/dynakit-basic-titanium/
8764,DynaKit &#8211; Basic Stainless,ACCESSORIES,,32,AUD,false,true,simple,images/dynakit-basic-stainless.jpg,https://aussievapemart.com.au/product/dynakit-basic-stainless/
8763,Green DynaVap Storage Tube,ACCESSORIES,,3,AUD,false,true,simple,images/green-dynavap-storage-tube.jpg,https://aussievapemart.com.au/product/green-dynavap-storage-tube/
8742,DynaKit &#8211; Maintenance,ACCESSORIES,,14.95,AUD,false,true,simple,images/dynakit-maintenance.jpg,https://aussievapemart.com.au/product/dynakit-maintenance/
8741,Omni Condenser Assembly W/ Mouthpiece,ACCESSORIES,,120,AUD,false,true,simple,images/omni-condenser-assembly-w-mouthpiece.jpg,https://aussievapemart.com.au/product/omni-condenser-assembly-w-mouthpiece/
8740,Standard Titanium Condenser W/ O-Rings,ACCESSORIES,,16.95,AUD,false,true,simple,images/standard-titanium-condenser-w-o-rings.jpg,https://aussievapemart.com.au/product/standard-titanium-condenser-w-o-rings/
8739,XL Titanium Condenser W/ O-Rings,ACCESSORIES,,16.95,AUD,false,true,simple,images/xl-titanium-condenser-w-o-rings.jpg,https://aussievapemart.com.au/product/xl-titanium-condenser-w-o-rings/
8738,Standard Condenser Kit W/ Light Wood Spinning Mouthpiece,ACCESSORIES,,38.95,AUD,false,true,simple,images/standard-condenser-kit-w-light-wood-spinning-mouthpiece.jpg,https://aussievapemart.com.au/product/standard-condenser-kit-w-light-wood-spinning-mouthpiece/
8736,XL Condenser Kit W/ Light Wood Spinning Mouthpiece,ACCESSORIES,,38.95,AUD,false,true,simple,images/xl-condenser-kit-w-light-wood-spinning-mouthpiece.jpg,https://aussievapemart.com.au/product/xl-condenser-kit-w-light-wood-spinning-mouthpiece/
8734,Light Wood Spinning Mouthpiece,ACCESSORIES,,22.95,AUD,false,true,simple,images/light-wood-spinning-mouthpiece.jpg,https://aussievapemart.com.au/product/light-wood-spinning-mouthpiece/
8733,Dark Wood Spinning Mouthpiece,ACCESSORIES,,22.95,AUD,false,true,simple,images/dark-wood-spinning-mouthpiece.jpg,https://aussievapemart.com.au/product/dark-wood-spinning-mouthpiece/
8732,Titanium Spinning Mouthpiece,ACCESSORIES,,40.5,AUD,false,true,simple,images/titanium-spinning-mouthpiece.jpg,https://aussievapemart.com.au/product/titanium-spinning-mouthpiece/
8731,NonaVong Body | 45mm Light Wood,ACCESSORIES,,46.5,AUD,false,true,simple,images/nonavong-body-45mm-light-wood.jpg,https://aussievapemart.com.au/product/nonavong-body-45mm-light-wood/
8730,The BB9 &#8211; Grey or Pink,ACCESSORIES,,0,AUD,false,false,variable,images/the-bb9-grey-or-pink.jpg,https://aussievapemart.com.au/product/the-bb9-grey-or-pink/
8729,The BB6,ACCESSORIES,,0,AUD,false,false,variable,images/the-bb6.jpg,https://aussievapemart.com.au/product/the-bb6/
8727,Titanium OMNI Tip by DynaVap,ACCESSORIES,,86,AUD,false,true,simple,images/titanium-omni-tip-by-dynavap.jpg,https://aussievapemart.com.au/product/titanium-omni-tip-by-dynavap/
8726,Titanium VonG Tip by DynaVap,ACCESSORIES,,78,AUD,false,true,simple,images/titanium-vong-tip-by-dynavap.jpg,https://aussievapemart.com.au/product/titanium-vong-tip-by-dynavap/
8725,2021 Stainless Steel Tip by DynaVap,ACCESSORIES,,42,AUD,false,true,simple,images/2021-stainless-steel-tip-by-dynavap.jpg,https://aussievapemart.com.au/product/2021-stainless-steel-tip-by-dynavap/
8724,Helix Titanium Tip by Dynavap,ACCESSORIES,,92.5,AUD,false,true,simple,images/helix-titanium-tip-by-dynavap.jpg,https://aussievapemart.com.au/product/helix-titanium-tip-by-dynavap/
8723,DynaCoil Titanium Kit,ACCESSORIES,,89,AUD,false,true,simple,images/dynacoil-titanium-kit.jpg,https://aussievapemart.com.au/product/dynacoil-titanium-kit/
8722,DynaCoil,ACCESSORIES,,39,AUD,false,true,simple,images/dynacoil.jpg,https://aussievapemart.com.au/product/dynacoil/
8420,The Armored Cap,ACCESSORIES,,61.85,AUD,false,true,simple,images/the-armored-cap.jpg,https://aussievapemart.com.au/product/the-armored-cap/
8406,Captive Cap by DynaVap,ACCESSORIES,,39.95,AUD,false,true,simple,images/captive-cap-by-dynavap.jpg,https://aussievapemart.com.au/product/captive-cap-by-dynavap/
8392,The Ballr Cap by Dynavap,ACCESSORIES,,79.95,AUD,false,true,simple,images/the-ballr-cap-by-dynavap.jpg,https://aussievapemart.com.au/product/the-ballr-cap-by-dynavap/
8391,Fat Mouthpiece,ACCESSORIES,,3.25,AUD,false,true,simple,images/fat-mouthpiece.jpg,https://aussievapemart.com.au/product/fat-mouthpiece/
8390,NonaVong-S Light Wood,ACCESSORIES,,149.95,AUD,false,true,simple,images/nonavong-s-light-wood.jpg,https://aussievapemart.com.au/product/nonavong-s-light-wood/
8379,OmniVong Light Wood,ACCESSORIES,,219.95,AUD,false,true,simple,images/omnivong-light-wood.jpg,https://aussievapemart.com.au/product/omnivong-light-wood/
8378,The 2020 &#8220;M&#8221; PhantoM,ACCESSORIES,,114.95,AUD,false,true,simple,images/the-2020-m-phantom.jpg,https://aussievapemart.com.au/product/the-2020-m-phantom/
8377,THE OMNI Flame Powered Extraction Device,ACCESSORIES,,289.95,AUD,false,true,simple,images/the-omni-flame-powered-extraction-device.jpg,https://aussievapemart.com.au/product/the-omni-flame-powered-extraction-device/
8363,VONG (I) Titanium Flame Powered Extraction Device,ACCESSORIES,,219.95,AUD,true,true,simple,images/vong-i-titanium-flame-powered-extraction-device.jpg,https://aussievapemart.com.au/product/vong-i-titanium-flame-powered-extraction-device/
8349,The 2020 &#8220;M&#8221; Flame Powered Extraction Device,ACCESSORIES,,91.9,AUD,false,true,simple,images/the-2020-m-flame-powered-extraction-device.jpg,https://aussievapemart.com.au/product/the-2020-m-flame-powered-extraction-device/
8348,THE &#8220;M&#8221; 2021 EDITION,ACCESSORIES,,117.95,AUD,false,true,simple,images/the-m-2021-edition.jpg,https://aussievapemart.com.au/product/the-m-2021-edition/
8333,Titanium &#8220;M&#8221; Plus Flame Powered Extraction Device (Fall Colours),ACCESSORIES,,189.95,AUD,false,true,variable,images/titanium-m-plus-flame-powered-extraction-device-fall-colours.jpg,https://aussievapemart.com.au/product/titanium-m-plus-flame-powered-extraction-device-fall-colours/
8320,&#8220;M&#8221; Plus,ACCESSORIES,,134.95,AUD,false,true,simple,images/m-plus.jpg,https://aussievapemart.com.au/product/m-plus/
8310,The UniDyn by Dynavap (Flame powered extraction device),ACCESSORIES,,245,AUD,false,true,simple,images/the-unidyn-by-dynavap-flame-powered-extraction-device.jpg,https://aussievapemart.com.au/product/the-unidyn-by-dynavap-flame-powered-extraction-device/
8296,THE &#8220;B&#8221;,ACCESSORIES,,77,AUD,false,true,simple,images/the-b.png,https://aussievapemart.com.au/product/the-b/
8295,Nettle Leaf 25g,ACCESSORIES,,7.95,AUD,false,true,simple,images/nettle-leaf-25g.jpg,https://aussievapemart.com.au/product/nettle-leaf-25g/
8280,HydroBrick Flame Powered Extraction Device by Sticky Brick Labs,ACCESSORIES,,209.95,AUD,false,true,variable,images/hydrobrick-flame-powered-extraction-device-by-sticky-brick-labs.jpg,https://aussievapemart.com.au/product/hydrobrick-flame-powered-extraction-device-by-sticky-brick-labs/
8209,The New Flip Brick Flame Powered Extraction Device By Stick Brick Labs,ACCESSORIES,,154.95,AUD,false,true,variable,images/the-new-flip-brick-flame-powered-extraction-device-by-stick-brick-labs.jpg,https://aussievapemart.com.au/product/the-new-flip-brick-flame-powered-extraction-device-by-stick-brick-labs/
8195,OG Brick Flame Powered Extraction Device (Bubinga) By Sticky Brick Labs,ACCESSORIES,,304.95,AUD,false,true,simple,images/og-brick-flame-powered-extraction-device-bubinga-by-sticky-brick-labs.jpg,https://aussievapemart.com.au/product/og-brick-flame-powered-extraction-device-bubinga-by-sticky-brick-labs/
8194,OG Brick Flame Powered Extraction Device by Sticky Brick Labs,ACCESSORIES,,274.95,AUD,false,true,variable,images/og-brick-flame-powered-extraction-device-by-sticky-brick-labs.png,https://aussievapemart.com.au/product/og-brick-flame-powered-extraction-device-by-sticky-brick-labs/
8193,HydroBrick Maxx Flame Powered Extraction Device (Bubinga),ACCESSORIES,,319.95,AUD,false,true,simple,images/hydrobrick-maxx-flame-powered-extraction-device-bubinga.jpg,https://aussievapemart.com.au/product/hydrobrick-maxx-flame-powered-extraction-device-bubinga/
8192,HydroBrick Maxx Flame Powered Extraction Device by Sticky Brick Labs,ACCESSORIES,,308.95,AUD,false,true,variable,images/hydrobrick-maxx-flame-powered-extraction-device-by-sticky-brick-labs.jpg,https://aussievapemart.com.au/product/hydrobrick-maxx-flame-powered-extraction-device-by-sticky-brick-labs/
8191,Blurple Anodised XL Vortex &#038; Intercooler Plus Titanium Tip (P4),ACCESSORIES,,295,AUD,false,true,simple,images/blurple-anodised-xl-vortex-intercooler-plus-titanium-tip-p4.jpg,https://aussievapemart.com.au/product/blurple-anodised-xl-vortex-intercooler-plus-titanium-tip-p4/
8190,Green 2 Anodised XL Vortex &#038; Intercooler Plus Titanium Tip,ACCESSORIES,,295,AUD,false,true,simple,images/green-2-anodised-xl-vortex-intercooler-plus-titanium-tip.jpg,https://aussievapemart.com.au/product/green-2-anodised-xl-vortex-intercooler-plus-titanium-tip/
8189,Blurple Anodised XL Vortex &#038; Intercooler Plus Titanium Tip (P3),ACCESSORIES,,295,AUD,false,true,simple,images/blurple-anodised-xl-vortex-intercooler-plus-titanium-tip-p3.jpg,https://aussievapemart.com.au/product/blurple-anodised-xl-vortex-intercooler-plus-titanium-tip-p3/
8188,Blurple/gold XL Vortex &#038; Intercooler Plus Titanium Tip,ACCESSORIES,,295,AUD,false,true,simple,images/blurple-gold-xl-vortex-intercooler-plus-titanium-tip.jpg,https://aussievapemart.com.au/product/blurple-gold-xl-vortex-intercooler-plus-titanium-tip/
8187,Storz &#038; Bickel XL Acrylic 3 pc Herb Grinder,ACCESSORIES,,17.95,AUD,false,true,simple,images/storz-bickel-xl-acrylic-3-pc-herb-grinder.jpg,https://aussievapemart.com.au/product/storz-bickel-xl-acrylic-3-pc-herb-grinder/
8186,Storz &#038; Bickel Acrylic 3 pc Herb Grinder,ACCESSORIES,,8.95,AUD,false,true,simple,images/storz-bickel-acrylic-3-pc-herb-grinder.jpg,https://aussievapemart.com.au/product/storz-bickel-acrylic-3-pc-herb-grinder/
8184,The Vapbag,ACCESSORIES,,19.95,AUD,false,true,simple,images/the-vapbag.jpg,https://aussievapemart.com.au/product/the-vapbag/
8182,SlimStash Zebrawood,ACCESSORIES,,24.5,AUD,false,true,simple,images/slimstash-zebrawood.jpg,https://aussievapemart.com.au/product/slimstash-zebrawood/
8181,XL Wenge DynaStash ER,ACCESSORIES,,89.95,AUD,false,true,simple,images/xl-wenge-dynastash-er.jpg,https://aussievapemart.com.au/product/xl-wenge-dynastash-er/
8180,Walnut DynaStash,ACCESSORIES,,59.95,AUD,false,true,simple,images/walnut-dynastash.jpg,https://aussievapemart.com.au/product/walnut-dynastash/
8178,Maple DynaStash,ACCESSORIES,,69.95,AUD,false,true,simple,images/maple-dynastash.jpg,https://aussievapemart.com.au/product/maple-dynastash/
8177,Wenge DynaStash,ACCESSORIES,,69.95,AUD,false,true,simple,images/wenge-dynastash.jpg,https://aussievapemart.com.au/product/wenge-dynastash/
8176,XL Wenge DynaStash,ACCESSORIES,,79.95,AUD,false,true,simple,images/xl-wenge-dynastash.jpg,https://aussievapemart.com.au/product/xl-wenge-dynastash/
8174,DynaStash ER-Walnut,ACCESSORIES,,69.5,AUD,false,true,simple,images/dynastash-er-walnut.jpg,https://aussievapemart.com.au/product/dynastash-er-walnut/
8173,Ryot Hauler Bag Carbon Series,ACCESSORIES,,179.95,AUD,false,true,simple,images/ryot-hauler-bag-carbon-series.jpg,https://aussievapemart.com.au/product/ryot-hauler-bag-carbon-series/
8172,RYOT® 500mm SmellSafe™ Pro-Duffle,ACCESSORIES,,114.95,AUD,false,true,simple,images/ryot-500mm-smellsafe-pro-duffle.jpg,https://aussievapemart.com.au/product/ryot-500mm-smellsafe-pro-duffle/
8171,RYOT® 406mm SmellSafe™ Pro-Duffle,ACCESSORIES,,99,AUD,false,true,simple,images/ryot-406mm-smellsafe-pro-duffle.jpg,https://aussievapemart.com.au/product/ryot-406mm-smellsafe-pro-duffle/
8170,RYOT® 305mm SmellSafe™ Pro-Duffle,ACCESSORIES,,79,AUD,false,true,simple,images/ryot-305mm-smellsafe-pro-duffle.jpg,https://aussievapemart.com.au/product/ryot-305mm-smellsafe-pro-duffle/
8169,RYOT® SmellSafe™ HeadCase Grey,ACCESSORIES,,26.9,AUD,false,true,simple,images/ryot-smellsafe-headcase-grey.jpg,https://aussievapemart.com.au/product/ryot-smellsafe-headcase-grey/
8168,RYOT® SmellSafe™ HeadCase Natural,ACCESSORIES,,26.9,AUD,false,true,simple,images/ryot-smellsafe-headcase-natural.jpg,https://aussievapemart.com.au/product/ryot-smellsafe-headcase-natural/
8167,Ryot PackRatz Medium Carbon Series,ACCESSORIES,,44.95,AUD,false,true,variable,images/ryot-packratz-medium-carbon-series.jpg,https://aussievapemart.com.au/product/ryot-packratz-medium-carbon-series/
8156,RYOT® SmellSafe™ Small PackRatz,ACCESSORIES,,37.5,AUD,false,true,simple,images/ryot-smellsafe-small-packratz.jpg,https://aussievapemart.com.au/product/ryot-smellsafe-small-packratz/
8138,Ryot Piper Carbon Series (New),ACCESSORIES,,47.95,AUD,false,true,variable,images/ryot-piper-carbon-series-new.jpg,https://aussievapemart.com.au/product/ryot-piper-carbon-series-new/
7981,Ryot 35cm Axe Pack W/ SmellSafe Technology,ACCESSORIES,,129.95,AUD,false,true,simple,images/ryot-35cm-axe-pack-w-smellsafe-technology.jpg,https://aussievapemart.com.au/product/ryot-35cm-axe-pack-w-smellsafe-technology/
7980,Ryot 4L Safe Case Carbon Series Large,ACCESSORIES,,96.5,AUD,false,true,variable,images/ryot-4l-safe-case-carbon-series-large.jpg,https://aussievapemart.com.au/product/ryot-4l-safe-case-carbon-series-large/
7979,Ryot 2.3L Safe Case Carbon Series Small,ACCESSORIES,,79.99,AUD,false,true,simple,images/ryot-2-3l-safe-case-carbon-series-small.jpg,https://aussievapemart.com.au/product/ryot-2-3l-safe-case-carbon-series-small/
7978,Ryot Slym Case W/ Smell Safe Technology,ACCESSORIES,,39.95,AUD,false,true,variable,images/ryot-slym-case-w-smell-safe-technology.jpg,https://aussievapemart.com.au/product/ryot-slym-case-w-smell-safe-technology/
7977,Ryot SmellSafe Hard Shell Krypto-Kit,ACCESSORIES,,38.95,AUD,false,true,variable,images/ryot-smellsafe-hard-shell-krypto-kit.jpg,https://aussievapemart.com.au/product/ryot-smellsafe-hard-shell-krypto-kit/
7976,Ryot SmellSafe Krypto-Kit,ACCESSORIES,,37.95,AUD,false,true,variable,images/ryot-smellsafe-krypto-kit.jpg,https://aussievapemart.com.au/product/ryot-smellsafe-krypto-kit/
7965,Dynavap Hemp Shield Zipper Case,ACCESSORIES,,19.5,AUD,false,true,simple,images/dynavap-hemp-shield-zipper-case.jpg,https://aussievapemart.com.au/product/dynavap-hemp-shield-zipper-case/
7964,Dynavap Hard Shell Storage Case,ACCESSORIES,,89.95,AUD,false,true,simple,images/dynavap-hard-shell-storage-case.jpg,https://aussievapemart.com.au/product/dynavap-hard-shell-storage-case/
7955,Ryot Waist Pack,ACCESSORIES,,59.95,AUD,false,true,simple,images/ryot-waist-pack.jpg,https://aussievapemart.com.au/product/ryot-waist-pack/
7944,Angus Glass Mouthpiece,ACCESSORIES,,8.95,AUD,false,true,simple,images/angus-glass-mouthpiece.jpg,https://aussievapemart.com.au/product/angus-glass-mouthpiece/
7943,OG Brick Replacement Glass Kit,ACCESSORIES,,36.95,AUD,false,true,simple,images/og-brick-replacement-glass-kit.jpg,https://aussievapemart.com.au/product/og-brick-replacement-glass-kit/
7933,FIERCE Bent Glass Mouthpiece,ACCESSORIES,,24.95,AUD,false,true,simple,images/fierce-bent-glass-mouthpiece.jpg,https://aussievapemart.com.au/product/fierce-bent-glass-mouthpiece/
7932,Flip Brick Replacement O-ring Pack,ACCESSORIES,,6.95,AUD,false,true,simple,images/flip-brick-replacement-o-ring-pack.jpg,https://aussievapemart.com.au/product/flip-brick-replacement-o-ring-pack/
7917,HydroBrick Maxx Replacement O-ring Pack,ACCESSORIES,,9.95,AUD,false,true,simple,images/hydrobrick-maxx-replacement-o-ring-pack.jpg,https://aussievapemart.com.au/product/hydrobrick-maxx-replacement-o-ring-pack/
7916,18mm Stem for HydroBrick/Maxx/Flip Brick/HotRod Injector,ACCESSORIES,,21.95,AUD,false,true,simple,images/18mm-stem-for-hydrobrick-maxx-flip-brick-hotrod-injector.jpg,https://aussievapemart.com.au/product/18mm-stem-for-hydrobrick-maxx-flip-brick-hotrod-injector/
7894,OG Brick Replacement O-Ring Pack,ACCESSORIES,,9.95,AUD,false,true,simple,images/og-brick-replacement-o-ring-pack.jpg,https://aussievapemart.com.au/product/og-brick-replacement-o-ring-pack/
7893,OG Brick &#038; HydroBrick Flame Intake,ACCESSORIES,,14.95,AUD,false,true,simple,images/og-brick-hydrobrick-flame-intake.jpg,https://aussievapemart.com.au/product/og-brick-hydrobrick-flame-intake/
7876,14mm Stem for HydroBrick/Maxx/Flip Brick/HotRod Injector,ACCESSORIES,,21.95,AUD,false,true,simple,images/14mm-stem-for-hydrobrick-maxx-flip-brick-hotrod-injector.jpg,https://aussievapemart.com.au/product/14mm-stem-for-hydrobrick-maxx-flip-brick-hotrod-injector/
7875,Junior Glass Mouthpiece,ACCESSORIES,,23.95,AUD,false,true,simple,images/junior-glass-mouthpiece.jpg,https://aussievapemart.com.au/product/junior-glass-mouthpiece/
7874,VapeXheat Shield,ACCESSORIES,,15,AUD,false,true,simple,images/vapexheat-shield.jpg,https://aussievapemart.com.au/product/vapexheat-shield/
7873,HydroBrick &#038; Maxx Whip Adapter,ACCESSORIES,,39.95,AUD,false,true,variable,images/hydrobrick-maxx-whip-adapter.jpg,https://aussievapemart.com.au/product/hydrobrick-maxx-whip-adapter/
7872,Junior/Runt O-ring Pack,ACCESSORIES,,6.95,AUD,false,true,simple,images/junior-runt-o-ring-pack.jpg,https://aussievapemart.com.au/product/junior-runt-o-ring-pack/
7871,Junior Water Pipe Adapter,ACCESSORIES,,44.95,AUD,false,true,simple,images/junior-water-pipe-adapter.jpg,https://aussievapemart.com.au/product/junior-water-pipe-adapter/
7869,Sticky Brick Butter,ACCESSORIES,,16.7,AUD,false,true,simple,images/sticky-brick-butter.jpg,https://aussievapemart.com.au/product/sticky-brick-butter/
7849,DynaWax,ACCESSORIES,,8.95,AUD,false,true,simple,images/dynawax.jpg,https://aussievapemart.com.au/product/dynawax/
7848,Stainless Steel Tip by DynaVap,ACCESSORIES,,44.95,AUD,false,true,simple,images/stainless-steel-tip-by-dynavap.jpg,https://aussievapemart.com.au/product/stainless-steel-tip-by-dynavap/
7847,Junior/Original Flip Brick/Runt Bent Flame Intake,ACCESSORIES,,19.95,AUD,false,true,simple,images/junior-original-flip-brick-runt-bent-flame-intake.jpg,https://aussievapemart.com.au/product/junior-original-flip-brick-runt-bent-flame-intake/
7846,Captive Low Temp Cap by DynaVap,ACCESSORIES,,39.95,AUD,false,true,simple,images/captive-low-temp-cap-by-dynavap.jpg,https://aussievapemart.com.au/product/captive-low-temp-cap-by-dynavap/
7845,Condenser O-Ring Kit,ACCESSORIES,,7,AUD,false,true,simple,images/condenser-o-ring-kit.jpg,https://aussievapemart.com.au/product/condenser-o-ring-kit/
7844,Titanium Tip by Dynavap,ACCESSORIES,,63,AUD,false,true,simple,images/titanium-tip-by-dynavap.jpg,https://aussievapemart.com.au/product/titanium-tip-by-dynavap/
7843,High Temp O-Ring Kit,ACCESSORIES,,7.95,AUD,false,true,simple,images/high-temp-o-ring-kit.jpg,https://aussievapemart.com.au/product/high-temp-o-ring-kit/
7842,The Cap by DynaVap,ACCESSORIES,,32,AUD,false,true,simple,images/the-cap-by-dynavap.jpg,https://aussievapemart.com.au/product/the-cap-by-dynavap/
7841,Stainless Steel CCD DynaVap Screens (3 Pack),ACCESSORIES,,10.95,AUD,false,true,simple,images/stainless-steel-ccd-dynavap-screens-3-pack.jpg,https://aussievapemart.com.au/product/stainless-steel-ccd-dynavap-screens-3-pack/
7840,Titanium CCD DynaVap Screens (3 Pack),ACCESSORIES,,19.45,AUD,false,true,simple,images/titanium-ccd-dynavap-screens-3-pack.jpg,https://aussievapemart.com.au/product/titanium-ccd-dynavap-screens-3-pack/
7838,Titanium Mag Scoop,ACCESSORIES,,26.95,AUD,false,true,simple,images/titanium-mag-scoop.jpg,https://aussievapemart.com.au/product/titanium-mag-scoop/
7837,"The OGB, Original Grinder Buddy (TRWW)",ACCESSORIES,,9.95,AUD,false,true,simple,images/the-ogb-original-grinder-buddy-trww.jpg,https://aussievapemart.com.au/product/the-ogb-original-grinder-buddy-trww/
7836,ROFFU Multi-Tool,ACCESSORIES,,12.89,AUD,false,true,simple,images/roffu-multi-tool.jpg,https://aussievapemart.com.au/product/roffu-multi-tool/
7835,Coloured Mighty Stand Gold/Silver/Rainbow/White/Orange,ACCESSORIES,,16.95,AUD,false,true,variable,images/coloured-mighty-stand-gold-silver-rainbow-white-orange.jpg,https://aussievapemart.com.au/product/coloured-mighty-stand-gold-silver-rainbow-white-orange/
7834,14/18mm Male or Female Stand,ACCESSORIES,,19.95,AUD,false,true,variable,images/14-18mm-male-or-female-stand.jpg,https://aussievapemart.com.au/product/14-18mm-male-or-female-stand/
7833,Glass Adapters,ACCESSORIES,,9.95,AUD,false,true,variable,images/glass-adapters.jpg,https://aussievapemart.com.au/product/glass-adapters/
7830,14mm Bent MP Bubbler,ACCESSORIES,,45,AUD,false,true,simple,images/14mm-bent-mp-bubbler.jpg,https://aussievapemart.com.au/product/14mm-bent-mp-bubbler/
7829,18mm Bent MP Bubbler,ACCESSORIES,,45,AUD,false,true,simple,images/18mm-bent-mp-bubbler.jpg,https://aussievapemart.com.au/product/18mm-bent-mp-bubbler/
7828,Matrix 14mm Cool Water Tool,ACCESSORIES,,34.5,AUD,false,true,simple,images/matrix-14mm-cool-water-tool.jpg,https://aussievapemart.com.au/product/matrix-14mm-cool-water-tool/
7659,14mm Kannastor Press,ACCESSORIES,,28.95,AUD,false,true,simple,images/14mm-kannastor-press.jpg,https://aussievapemart.com.au/product/14mm-kannastor-press/
7647,DynaMag,ACCESSORIES,,7.95,AUD,false,true,simple,images/dynamag.jpg,https://aussievapemart.com.au/product/dynamag/
7627,Mighty/Mighty+ Stand,ACCESSORIES,,16.95,AUD,false,true,variable,images/mighty-mighty-stand.jpg,https://aussievapemart.com.au/product/mighty-mighty-stand/
7626,SnapStash &#8211; Small,ACCESSORIES,,1.9,AUD,false,true,simple,images/snapstash-small.jpg,https://aussievapemart.com.au/product/snapstash-small/
7625,SnapStash &#8211; Large,ACCESSORIES,,2,AUD,false,true,simple,images/snapstash-large.jpg,https://aussievapemart.com.au/product/snapstash-large/
7624,EVO Adapter Parts by VapeXhale,ACCESSORIES,,17.95,AUD,false,true,variable,images/evo-adapter-parts-by-vapexhale.jpg,https://aussievapemart.com.au/product/evo-adapter-parts-by-vapexhale/
7606,Vertigo Triple Cyclone,ACCESSORIES,,23.5,AUD,false,true,simple,images/vertigo-triple-cyclone.jpg,https://aussievapemart.com.au/product/vertigo-triple-cyclone/
7605,Honest Jet Lighter,ACCESSORIES,,17.95,AUD,false,true,simple,images/honest-jet-lighter.jpg,https://aussievapemart.com.au/product/honest-jet-lighter/
7604,DynaVap Single Jet Lighter (Honest),ACCESSORIES,,17.95,AUD,false,true,simple,images/dynavap-single-jet-lighter-honest.jpg,https://aussievapemart.com.au/product/dynavap-single-jet-lighter-honest/
7595,Duality (1+1 Torch),ACCESSORIES,,56,AUD,false,true,variable,images/duality-11-torch.jpg,https://aussievapemart.com.au/product/duality-11-torch/
7594,A1 Whip Adapters,ACCESSORIES,,18.95,AUD,false,true,variable,images/a1-whip-adapters.jpg,https://aussievapemart.com.au/product/a1-whip-adapters/
7573,Kannastor GR8TR V2 Storage Puck Black Edition 56mm,ACCESSORIES,,29.95,AUD,false,true,simple,images/kannastor-gr8tr-v2-storage-puck-black-edition-56mm.jpg,https://aussievapemart.com.au/product/kannastor-gr8tr-v2-storage-puck-black-edition-56mm/
7572,Vapexhale HydraFoot,ACCESSORIES,,24.9,AUD,false,true,simple,images/vapexhale-hydrafoot.png,https://aussievapemart.com.au/product/vapexhale-hydrafoot/
7560,HydroBrick 18mm Female Dry Mouthpiece,ACCESSORIES,,38.95,AUD,false,true,simple,images/hydrobrick-18mm-female-dry-mouthpiece.jpg,https://aussievapemart.com.au/product/hydrobrick-18mm-female-dry-mouthpiece/
7548,SmokeBuddy Original Air Filter,ACCESSORIES,,25.95,AUD,false,true,simple,images/smokebuddy-original-air-filter.jpg,https://aussievapemart.com.au/product/smokebuddy-original-air-filter/
7547,SmokeBuddy Junior Air Filter,ACCESSORIES,,20.95,AUD,false,true,simple,images/smokebuddy-junior-air-filter.jpg,https://aussievapemart.com.au/product/smokebuddy-junior-air-filter/
7546,Large Magnet Top for SLX Tray,ACCESSORIES,,18.95,AUD,false,true,simple,images/large-magnet-top-for-slx-tray.jpg,https://aussievapemart.com.au/product/large-magnet-top-for-slx-tray/
7545,SLX Large Ceramic Coated Tray,ACCESSORIES,,37.95,AUD,false,true,simple,images/slx-large-ceramic-coated-tray.jpg,https://aussievapemart.com.au/product/slx-large-ceramic-coated-tray/
7544,Small Magnet Top for SLX Tray,ACCESSORIES,,14.95,AUD,false,true,simple,images/small-magnet-top-for-slx-tray.jpg,https://aussievapemart.com.au/product/small-magnet-top-for-slx-tray/
7543,SLX Small Ceramic Coated Tray,ACCESSORIES,,24.95,AUD,false,true,simple,images/slx-small-ceramic-coated-tray.jpg,https://aussievapemart.com.au/product/slx-small-ceramic-coated-tray/
7542,10 X Boveda 62% Humidity Pack 67g,ACCESSORIES,,79.95,AUD,false,true,simple,images/10-x-boveda-62-humidity-pack-67g.jpg,https://aussievapemart.com.au/product/10-x-boveda-62-humidity-pack-67g/
7541,Boveda 62% Humidity Pack 67g,ACCESSORIES,,9.95,AUD,true,true,simple,images/boveda-62-humidity-pack-67g.jpg,https://aussievapemart.com.au/product/boveda-62-humidity-pack-67g/
7540,10 x Boveda 62% Humidity Pack 8g,ACCESSORIES,,22.5,AUD,false,true,simple,images/10-x-boveda-62-humidity-pack-8g.jpg,https://aussievapemart.com.au/product/10-x-boveda-62-humidity-pack-8g/
7539,Boveda 62% Humidity Pack 8g,ACCESSORIES,,3.25,AUD,true,true,simple,images/boveda-62-humidity-pack-8g.jpg,https://aussievapemart.com.au/product/boveda-62-humidity-pack-8g/
7528,Stash Tool &#8211; Cocobolo/Maple/Bubinga,ACCESSORIES,,14.95,AUD,false,true,variable,images/stash-tool-cocobolo-maple-bubinga.jpg,https://aussievapemart.com.au/product/stash-tool-cocobolo-maple-bubinga/
7527,Old Head Stir Stick,ACCESSORIES,,18.5,AUD,false,true,simple,images/old-head-stir-stick.jpg,https://aussievapemart.com.au/product/old-head-stir-stick/
7526,Old Head Measuring Spoon,ACCESSORIES,,59.95,AUD,false,true,simple,images/old-head-measuring-spoon.jpg,https://aussievapemart.com.au/product/old-head-measuring-spoon/
7525,Replacement Mouthpiece,ACCESSORIES,,12,AUD,false,true,variable,images/replacement-mouthpiece.jpg,https://aussievapemart.com.au/product/replacement-mouthpiece/
7524,Honest Torch,ACCESSORIES,,39.99,AUD,false,true,simple,images/honest-torch.jpg,https://aussievapemart.com.au/product/honest-torch/
7523,Elev8 Silicone Mat 15cm (Smooth),ACCESSORIES,,16.95,AUD,false,true,variable,images/elev8-silicone-mat-15cm-smooth.jpg,https://aussievapemart.com.au/product/elev8-silicone-mat-15cm-smooth/
7522,Elev8 All Glass Vapour Tamer,ACCESSORIES,,64.95,AUD,true,true,variable,images/elev8-all-glass-vapour-tamer.jpg,https://aussievapemart.com.au/product/elev8-all-glass-vapour-tamer/
7521,Custom SideKick Mouthpiece,ACCESSORIES,,23,AUD,false,true,variable,images/custom-sidekick-mouthpiece.jpg,https://aussievapemart.com.au/product/custom-sidekick-mouthpiece/
7520,Glass Joint Whip Adapters (SBL),ACCESSORIES,,18.95,AUD,false,true,variable,images/glass-joint-whip-adapters-sbl.jpg,https://aussievapemart.com.au/product/glass-joint-whip-adapters-sbl/
7519,Stainless Steel Screens,ACCESSORIES,,7.95,AUD,false,true,variable,images/stainless-steel-screens.jpg,https://aussievapemart.com.au/product/stainless-steel-screens/
7518,Black/Green/yellow Vinyl Tubing | Whip Hose (900mm),ACCESSORIES,,10.95,AUD,false,true,variable,images/black-green-yellow-vinyl-tubing-whip-hose-900mm.jpg,https://aussievapemart.com.au/product/black-green-yellow-vinyl-tubing-whip-hose-900mm/
7516,ELEV8R 18mm Rig Adapter (All Glass),ACCESSORIES,,44.95,AUD,false,true,simple,images/elev8r-18mm-rig-adapter-all-glass.jpg,https://aussievapemart.com.au/product/elev8r-18mm-rig-adapter-all-glass/
7515,ELEV8R 14mm rig adapter,ACCESSORIES,,44.95,AUD,false,true,variable,images/elev8r-14mm-rig-adapter.jpg,https://aussievapemart.com.au/product/elev8r-14mm-rig-adapter/
7514,ELEV8R Quartz Replacement Heater,ACCESSORIES,,59.9,AUD,false,true,simple,images/elev8r-quartz-replacement-heater.jpg,https://aussievapemart.com.au/product/elev8r-quartz-replacement-heater/
7513,ELEV8R Flame Powered Extraction Device | All Glass / Standard |,ACCESSORIES,,178.99,AUD,false,true,variable,images/elev8r-flame-powered-extraction-device-all-glass-standard.jpg,https://aussievapemart.com.au/product/elev8r-flame-powered-extraction-device-all-glass-standard/
7512,ELEV8R Flame Powered Extraction Device Rig Kit,ACCESSORIES,,99.95,AUD,false,true,variable,images/elev8r-flame-powered-extraction-device-rig-kit.jpg,https://aussievapemart.com.au/product/elev8r-flame-powered-extraction-device-rig-kit/
7511,Elev8 Quartz HoneySuckle Dab Straw,ACCESSORIES,,29.95,AUD,false,true,simple,images/elev8-quartz-honeysuckle-dab-straw.jpg,https://aussievapemart.com.au/product/elev8-quartz-honeysuckle-dab-straw/
7510,Elev8 Dab Straw,ACCESSORIES,,19.95,AUD,false,true,simple,images/elev8-dab-straw.jpg,https://aussievapemart.com.au/product/elev8-dab-straw/
7508,Elev8 Silicone Joint Plug,ACCESSORIES,,7.95,AUD,false,true,variable,images/elev8-silicone-joint-plug.jpg,https://aussievapemart.com.au/product/elev8-silicone-joint-plug/
7507,Rogue Wax Works Dynavap Debowler &#038; Tamper,ACCESSORIES,,23.95,AUD,false,true,simple,images/rogue-wax-works-dynavap-debowler-tamper.jpg,https://aussievapemart.com.au/product/rogue-wax-works-dynavap-debowler-tamper/
7319,Tidy Tips,ACCESSORIES,,4.2,AUD,false,true,simple,images/tidy-tips.jpg,https://aussievapemart.com.au/product/tidy-tips/
7318,Better Homes &#038; Gardens Wax Melts,ACCESSORIES,,9.95,AUD,false,true,variable,images/better-homes-gardens-wax-melts.jpg,https://aussievapemart.com.au/product/better-homes-gardens-wax-melts/
7317,Silver Surfer AromaTop,ACCESSORIES,,28.95,AUD,false,true,simple,images/silver-surfer-aromatop.jpg,https://aussievapemart.com.au/product/silver-surfer-aromatop/
7316,Volcano Cleaning Brush,ACCESSORIES,,3.95,AUD,false,true,simple,images/volcano-cleaning-brush.jpg,https://aussievapemart.com.au/product/volcano-cleaning-brush/
7315,Huny Bucket,ACCESSORIES,,7.95,AUD,false,true,variable,images/huny-bucket.jpg,https://aussievapemart.com.au/product/huny-bucket/
7314,Quartz Dish For Essential Oil Kit,ACCESSORIES,,29.95,AUD,false,true,variable,images/quartz-dish-for-essential-oil-kit.jpg,https://aussievapemart.com.au/product/quartz-dish-for-essential-oil-kit/
7299,SideKick Bubbler Mouthpiece,ACCESSORIES,,49.95,AUD,true,true,simple,images/sidekick-bubbler-mouthpiece.jpg,https://aussievapemart.com.au/product/sidekick-bubbler-mouthpiece/
7298,Ground Glass Sick Clips,ACCESSORIES,,5.5,AUD,false,true,variable,images/ground-glass-sick-clips.jpg,https://aussievapemart.com.au/product/ground-glass-sick-clips/
7297,14mm Female to 18mm Male adapter,ACCESSORIES,,10.95,AUD,false,true,simple,images/14mm-female-to-18mm-male-adapter.jpg,https://aussievapemart.com.au/product/14mm-female-to-18mm-male-adapter/
7296,14mm Male to 18mm Female adapter,ACCESSORIES,,11.5,AUD,false,true,simple,images/14mm-male-to-18mm-female-adapter.jpg,https://aussievapemart.com.au/product/14mm-male-to-18mm-female-adapter/
7289,Female Ground Glass Hose Adapter/Vapour Bag Mouthpiece,ACCESSORIES,,21.95,AUD,false,true,simple,images/female-ground-glass-hose-adapter-vapour-bag-mouthpiece.jpg,https://aussievapemart.com.au/product/female-ground-glass-hose-adapter-vapour-bag-mouthpiece/
7288,18mm Male Ground Glass Hose adapter,ACCESSORIES,,17.95,AUD,false,true,simple,images/18mm-male-ground-glass-hose-adapter.jpg,https://aussievapemart.com.au/product/18mm-male-ground-glass-hose-adapter/
7287,Elev8 J-Hook 14mm or 18mm,ACCESSORIES,,27.95,AUD,false,true,variable,images/elev8-j-hook-14mm-or-18mm.jpg,https://aussievapemart.com.au/product/elev8-j-hook-14mm-or-18mm/
7286,Elev8 Ground Glass Mouthpiece (Angled),ACCESSORIES,,12,AUD,false,true,simple,images/elev8-ground-glass-mouthpiece-angled.jpg,https://aussievapemart.com.au/product/elev8-ground-glass-mouthpiece-angled/
7285,Skull Pick,ACCESSORIES,,8.95,AUD,false,true,variable,images/skull-pick.jpg,https://aussievapemart.com.au/product/skull-pick/
7266,Stainless Steel Stir Stick (5 Pack),ACCESSORIES,,8.95,AUD,false,true,simple,images/stainless-steel-stir-stick-5-pack.jpg,https://aussievapemart.com.au/product/stainless-steel-stir-stick-5-pack/
7265,Stainless Steel Poker/Dab Tool No 1,ACCESSORIES,,9.95,AUD,false,true,simple,images/stainless-steel-poker-dab-tool-no-1.jpg,https://aussievapemart.com.au/product/stainless-steel-poker-dab-tool-no-1/
7264,Stainless Steel Poker/Dab Tool No 2,ACCESSORIES,,12.95,AUD,false,true,simple,images/stainless-steel-poker-dab-tool-no-2.jpg,https://aussievapemart.com.au/product/stainless-steel-poker-dab-tool-no-2/
7263,Titanium Poker/Dab Tool,ACCESSORIES,,29.95,AUD,false,true,simple,images/titanium-poker-dab-tool.jpg,https://aussievapemart.com.au/product/titanium-poker-dab-tool/
7262,Mushroom Pick,ACCESSORIES,,9.95,AUD,false,true,variable,images/mushroom-pick.jpg,https://aussievapemart.com.au/product/mushroom-pick/
7261,Marble Pick,ACCESSORIES,,8.95,AUD,false,true,variable,images/marble-pick.jpg,https://aussievapemart.com.au/product/marble-pick/
7260,Special Blue Ultra Pure Butane Plus 420ML (CAN NOT BE EXPRESSS SHIPPED),ACCESSORIES,,59.99,AUD,false,true,variable,images/special-blue-ultra-pure-butane-plus-420ml-can-not-be-expresss-shipped.jpg,https://aussievapemart.com.au/product/special-blue-ultra-pure-butane-plus-420ml-can-not-be-expresss-shipped/
7259,VooPoo Uforce Replacement Coils,ACCESSORIES,,5.59,AUD,true,true,variable,images/voopoo-uforce-replacement-coils.jpg,https://aussievapemart.com.au/product/voopoo-uforce-replacement-coils/
7258,Voopoo PnP Replacement Coils,ACCESSORIES,,5.4,AUD,false,true,variable,images/voopoo-pnp-replacement-coils.jpg,https://aussievapemart.com.au/product/voopoo-pnp-replacement-coils/
7257,Vaporesso GTX Replacement Coils,ACCESSORIES,,4.99,AUD,false,true,variable,images/vaporesso-gtx-replacement-coils.jpg,https://aussievapemart.com.au/product/vaporesso-gtx-replacement-coils/
7256,UWell Crown X Replacement Pod,ACCESSORIES,,19.99,AUD,false,true,variable,images/uwell-crown-x-replacement-pod.jpg,https://aussievapemart.com.au/product/uwell-crown-x-replacement-pod/
7255,UWell Caliburn G3 Replacement Pod,ACCESSORIES,,29.99,AUD,false,true,variable,images/uwell-caliburn-g3-replacement-pod.jpg,https://aussievapemart.com.au/product/uwell-caliburn-g3-replacement-pod/
7254,UWell Caliburn G2 Replacement Pod,ACCESSORIES,,15.99,AUD,false,true,variable,images/uwell-caliburn-g2-replacement-pod.jpg,https://aussievapemart.com.au/product/uwell-caliburn-g2-replacement-pod/
7253,UWell Caliburn G Replacement Pod,ACCESSORIES,,15.99,AUD,false,true,variable,images/uwell-caliburn-g-replacement-pod.jpg,https://aussievapemart.com.au/product/uwell-caliburn-g-replacement-pod/
7238,UWell Caliburn A3 Replacement Pod,ACCESSORIES,,5.99,AUD,false,true,variable,images/uwell-caliburn-a3-replacement-pod.jpg,https://aussievapemart.com.au/product/uwell-caliburn-a3-replacement-pod/
7237,UWell Caliburn A2 Replacement Pod,ACCESSORIES,,5.99,AUD,false,true,simple,images/uwell-caliburn-a2-replacement-pod.jpg,https://aussievapemart.com.au/product/uwell-caliburn-a2-replacement-pod/
7236,Utillian 2 Dual Quartz Replacement Coil,ACCESSORIES,,17.99,AUD,false,true,variable,images/utillian-2-dual-quartz-replacement-coil.jpg,https://aussievapemart.com.au/product/utillian-2-dual-quartz-replacement-coil/
7235,STLTH Nexa Closed Pod Vape Device,ACCESSORIES,,16.99,AUD,false,true,simple,images/stlth-nexa-closed-pod-vape-device.jpg,https://aussievapemart.com.au/product/stlth-nexa-closed-pod-vape-device/
7234,STLTH Monster E-Liquid Pod Pack &#8211; Strawberry Mango Ice,ACCESSORIES,,10.39,AUD,true,true,simple,images/stlth-monster-e-liquid-pod-pack-strawberry-mango-ice.jpg,https://aussievapemart.com.au/product/stlth-monster-e-liquid-pod-pack-strawberry-mango-ice/
7233,STLTH Monster E-Liquid Pod Pack &#8211; Ice Mint,ACCESSORIES,,10.39,AUD,true,true,simple,images/stlth-monster-e-liquid-pod-pack-ice-mint.jpg,https://aussievapemart.com.au/product/stlth-monster-e-liquid-pod-pack-ice-mint/
7232,STLTH Monster E-Liquid Pod Pack &#8211; Grape Ice,ACCESSORIES,,10.39,AUD,true,true,simple,images/stlth-monster-e-liquid-pod-pack-grape-ice.jpg,https://aussievapemart.com.au/product/stlth-monster-e-liquid-pod-pack-grape-ice/
7231,STLTH Loop Open Refillable Pod Pack,ACCESSORIES,,11.99,AUD,false,true,simple,images/stlth-loop-open-refillable-pod-pack.jpg,https://aussievapemart.com.au/product/stlth-loop-open-refillable-pod-pack/
7230,Square Silicon Ashtray &#8211; Assorted Colours,ACCESSORIES,,9.99,AUD,false,true,simple,images/square-silicon-ashtray-assorted-colours.jpg,https://aussievapemart.com.au/product/square-silicon-ashtray-assorted-colours/
7229,Smoker&#8217;s Gift Set &#8211; Canna Girl Design,ACCESSORIES,,39.99,AUD,false,true,simple,images/smokers-gift-set-canna-girl-design.png,https://aussievapemart.com.au/product/smokers-gift-set-canna-girl-design/
7228,Smoker&#8217;s Gift Set &#8211; Backwoods Design,ACCESSORIES,,39.99,AUD,false,true,simple,images/smokers-gift-set-backwoods-design.png,https://aussievapemart.com.au/product/smokers-gift-set-backwoods-design/
7227,SMOK V8 X-Baby Replacement Coils,ACCESSORIES,,3.99,AUD,true,true,variable,images/smok-v8-x-baby-replacement-coils.jpg,https://aussievapemart.com.au/product/smok-v8-x-baby-replacement-coils/
7226,SMOK V8 Mini Replacement Coils,ACCESSORIES,,4.79,AUD,true,true,variable,images/smok-v8-mini-replacement-coils.jpg,https://aussievapemart.com.au/product/smok-v8-mini-replacement-coils/
7225,SMOK V12 Prince P-Tank Replacement Coils,ACCESSORIES,,4.79,AUD,true,true,variable,images/smok-v12-prince-p-tank-replacement-coils.jpg,https://aussievapemart.com.au/product/smok-v12-prince-p-tank-replacement-coils/
7224,SMOK TFV9 Replacement Coils,ACCESSORIES,,5.99,AUD,false,true,simple,images/smok-tfv9-replacement-coils.jpg,https://aussievapemart.com.au/product/smok-tfv9-replacement-coils/
7223,SMOK TFV8 Replacement Coils,ACCESSORIES,,7.99,AUD,true,true,variable,images/smok-tfv8-replacement-coils.jpg,https://aussievapemart.com.au/product/smok-tfv8-replacement-coils/
7222,SMOK TFV18 Tank,ACCESSORIES,,44.99,AUD,false,true,variable,images/smok-tfv18-tank.jpg,https://aussievapemart.com.au/product/smok-tfv18-tank/
7221,SMOK TFV18 Replacement Coils,ACCESSORIES,,7.99,AUD,false,true,variable,images/smok-tfv18-replacement-coils.jpg,https://aussievapemart.com.au/product/smok-tfv18-replacement-coils/
7220,SMOK TFV16 Replacement Coils,ACCESSORIES,,6.39,AUD,true,true,variable,images/smok-tfv16-replacement-coils.jpg,https://aussievapemart.com.au/product/smok-tfv16-replacement-coils/
7219,SMOK TFV16 Lite Replacement Coils,ACCESSORIES,,5.6,AUD,true,true,variable,images/smok-tfv16-lite-replacement-coils.jpg,https://aussievapemart.com.au/product/smok-tfv16-lite-replacement-coils/
7218,SMOK TFV12 Cloud Beast King Replacement Coils,ACCESSORIES,,8.79,AUD,true,true,variable,images/smok-tfv12-cloud-beast-king-replacement-coils.jpg,https://aussievapemart.com.au/product/smok-tfv12-cloud-beast-king-replacement-coils/
7034,SMOK RPM2 Replacement Coils,ACCESSORIES,,5.99,AUD,false,true,variable,images/smok-rpm2-replacement-coils.jpg,https://aussievapemart.com.au/product/smok-rpm2-replacement-coils/
7033,SMOK RPM160 Replacement Coils,ACCESSORIES,,5.59,AUD,true,true,simple,images/smok-rpm160-replacement-coils.jpg,https://aussievapemart.com.au/product/smok-rpm160-replacement-coils/
7022,SMOK RPM Replacement Coils,ACCESSORIES,,5,AUD,false,true,variable,images/smok-rpm-replacement-coils.jpg,https://aussievapemart.com.au/product/smok-rpm-replacement-coils/
7021,SMOK RPM C Replacement Pod,ACCESSORIES,,5.99,AUD,false,true,simple,images/smok-rpm-c-replacement-pod.jpg,https://aussievapemart.com.au/product/smok-rpm-c-replacement-pod/
7020,SMOK RPM 5 Replacement Pod,ACCESSORIES,,5.99,AUD,false,true,simple,images/smok-rpm-5-replacement-pod.jpg,https://aussievapemart.com.au/product/smok-rpm-5-replacement-pod/
7019,SMOK RGC Replacement Coils,ACCESSORIES,,5.99,AUD,false,true,simple,images/smok-rgc-replacement-coils.jpg,https://aussievapemart.com.au/product/smok-rgc-replacement-coils/
7009,SMOK Novo X Replacement Pod,ACCESSORIES,,5.69,AUD,false,true,variable,images/smok-novo-x-replacement-pod.jpg,https://aussievapemart.com.au/product/smok-novo-x-replacement-pod/
7008,SMOK Novo 4 Replacement Pod,ACCESSORIES,,5.59,AUD,true,true,simple,images/smok-novo-4-replacement-pod.jpg,https://aussievapemart.com.au/product/smok-novo-4-replacement-pod/
7007,SMOK Novo 4 Mini Replacement Pod,ACCESSORIES,,4.79,AUD,true,true,simple,images/smok-novo-4-mini-replacement-pod.jpg,https://aussievapemart.com.au/product/smok-novo-4-mini-replacement-pod/
7006,SMOK Nord Replacement Coils,ACCESSORIES,,4.99,AUD,false,true,variable,images/smok-nord-replacement-coils.jpg,https://aussievapemart.com.au/product/smok-nord-replacement-coils/
6990,SMOK Nord Pro Replacement Pod,ACCESSORIES,,4.99,AUD,false,true,simple,images/smok-nord-pro-replacement-pod.jpg,https://aussievapemart.com.au/product/smok-nord-pro-replacement-pod/
6989,SMOK Nord Pro Replacement Coils,ACCESSORIES,,4.99,AUD,false,true,variable,images/smok-nord-pro-replacement-coils.jpg,https://aussievapemart.com.au/product/smok-nord-pro-replacement-coils/
6988,SMOK Nord GT Replacement Pod,ACCESSORIES,,5.99,AUD,false,true,variable,images/smok-nord-gt-replacement-pod.jpg,https://aussievapemart.com.au/product/smok-nord-gt-replacement-pod/
6987,SMOK Nord C Replacement Pod,ACCESSORIES,,5.99,AUD,false,true,simple,images/smok-nord-c-replacement-pod.jpg,https://aussievapemart.com.au/product/smok-nord-c-replacement-pod/
6986,SMOK Nord 50W Replacement Pod,ACCESSORIES,,4.99,AUD,false,true,variable,images/smok-nord-50w-replacement-pod.jpg,https://aussievapemart.com.au/product/smok-nord-50w-replacement-pod/
6985,SMOK Nord 5 Replacement Pod,ACCESSORIES,,5.99,AUD,false,true,simple,images/smok-nord-5-replacement-pod.jpg,https://aussievapemart.com.au/product/smok-nord-5-replacement-pod/
6984,SMOK Nord 4 Replacement Pod,ACCESSORIES,,4.99,AUD,false,true,variable,images/smok-nord-4-replacement-pod.jpg,https://aussievapemart.com.au/product/smok-nord-4-replacement-pod/
6983,SMOK Nord 2 Replacement Pod,ACCESSORIES,,4,AUD,false,true,variable,images/smok-nord-2-replacement-pod.jpg,https://aussievapemart.com.au/product/smok-nord-2-replacement-pod/
6982,SMOK LP2 Replacement Coils,ACCESSORIES,,5.99,AUD,false,true,variable,images/smok-lp2-replacement-coils.jpg,https://aussievapemart.com.au/product/smok-lp2-replacement-coils/
6981,SMOK LP1 Replacement Coils,ACCESSORIES,,4.99,AUD,false,true,variable,images/smok-lp1-replacement-coils.jpg,https://aussievapemart.com.au/product/smok-lp1-replacement-coils/
6980,SMOK IPX 80 Replacement Pod,ACCESSORIES,,5.99,AUD,false,true,variable,images/smok-ipx-80-replacement-pod.jpg,https://aussievapemart.com.au/product/smok-ipx-80-replacement-pod/
6979,SMOK Glass,ACCESSORIES,,2.15,AUD,false,true,variable,images/smok-glass.jpg,https://aussievapemart.com.au/product/smok-glass/
6978,Silicone Rolling Tray 145x200mm &#8211; Rasta,ACCESSORIES,,11.99,AUD,false,true,simple,images/silicone-rolling-tray-145x200mm-rasta.jpg,https://aussievapemart.com.au/product/silicone-rolling-tray-145x200mm-rasta/
6977,Silicone and Glass Container &#8211; Rasta,ACCESSORIES,,5.99,AUD,false,true,simple,images/silicone-and-glass-container-rasta.png,https://aussievapemart.com.au/product/silicone-and-glass-container-rasta/
6976,Shipping Protection by Route,ACCESSORIES,,1.57,AUD,false,true,variable,images/shipping-protection-by-route.png,https://aussievapemart.com.au/product/shipping-protection-by-route/
6975,Samsung 25R 18650 Battery,ACCESSORIES,,13.99,AUD,false,true,simple,images/samsung-25r-18650-battery.jpg,https://aussievapemart.com.au/product/samsung-25r-18650-battery/
6974,Ronson Multi Fill Butane,ACCESSORIES,,5.99,AUD,false,true,simple,images/ronson-multi-fill-butane.jpg,https://aussievapemart.com.au/product/ronson-multi-fill-butane/
6973,OCB Black Premium Filter Tips Booklet,ACCESSORIES,,1.99,AUD,false,true,simple,images/ocb-black-premium-filter-tips-booklet.jpg,https://aussievapemart.com.au/product/ocb-black-premium-filter-tips-booklet/
6972,Nice Glass Stainless Metal Container,ACCESSORIES,,18.99,AUD,false,true,simple,images/nice-glass-stainless-metal-container.jpg,https://aussievapemart.com.au/product/nice-glass-stainless-metal-container/
6971,Nice Glass Double Wall 14mm Ashcatcher &#8211; Gold,ACCESSORIES,,25.99,AUD,false,true,simple,images/nice-glass-double-wall-14mm-ashcatcher-gold.jpg,https://aussievapemart.com.au/product/nice-glass-double-wall-14mm-ashcatcher-gold/
6958,Nice Glass Double Wall 14mm Ashcatcher &#8211; Blue,ACCESSORIES,,25.99,AUD,false,true,simple,images/nice-glass-double-wall-14mm-ashcatcher-blue.jpg,https://aussievapemart.com.au/product/nice-glass-double-wall-14mm-ashcatcher-blue/
6957,Metal Rolling Tray &#8211; Stay Classy,ACCESSORIES,,8.49,AUD,false,true,variable,images/metal-rolling-tray-stay-classy.png,https://aussievapemart.com.au/product/metal-rolling-tray-stay-classy/
6956,Metal Rolling Tray &#8211; Donuts,ACCESSORIES,,8.99,AUD,false,true,variable,images/metal-rolling-tray-donuts.png,https://aussievapemart.com.au/product/metal-rolling-tray-donuts/
6955,Infyniti 300g x 0.01g Mobile Scale,ACCESSORIES,,17.99,AUD,false,true,simple,images/infyniti-300g-x-0-01g-mobile-scale.jpg,https://aussievapemart.com.au/product/infyniti-300g-x-0-01g-mobile-scale/
6954,Glass Ashtray,ACCESSORIES,,9.99,AUD,false,true,variable,images/glass-ashtray.png,https://aussievapemart.com.au/product/glass-ashtray/
6953,Geekvape Supermesh Replacement Coils,ACCESSORIES,,5.99,AUD,false,true,variable,images/geekvape-supermesh-replacement-coils.jpg,https://aussievapemart.com.au/product/geekvape-supermesh-replacement-coils/
6952,Gear Premium Glass Stem 19 mm M to 14 mm F &#8211; Clear,ACCESSORIES,,17.39,AUD,false,true,variable,images/gear-premium-glass-stem-19-mm-m-to-14-mm-f-clear.png,https://aussievapemart.com.au/product/gear-premium-glass-stem-19-mm-m-to-14-mm-f-clear/
6951,Gear Premium 14mm Ash Catcher,ACCESSORIES,,0,AUD,false,false,variable,images/gear-premium-14mm-ash-catcher.jpg,https://aussievapemart.com.au/product/gear-premium-14mm-ash-catcher/
6950,Full Color Cylinder 45 Degree Ashcatcher,ACCESSORIES,,25.99,AUD,false,true,simple,images/full-color-cylinder-45-degree-ashcatcher.jpg,https://aussievapemart.com.au/product/full-color-cylinder-45-degree-ashcatcher/
6949,FreeMax Mesh Pro Replacement Coils,ACCESSORIES,,6.39,AUD,true,true,variable,images/freemax-mesh-pro-replacement-coils.jpg,https://aussievapemart.com.au/product/freemax-mesh-pro-replacement-coils/
6948,Elements Rolling Papers &#8211; Single Wide Double Window,ACCESSORIES,,2.99,AUD,false,true,simple,images/elements-rolling-papers-single-wide-double-window.jpg,https://aussievapemart.com.au/product/elements-rolling-papers-single-wide-double-window/
6947,Efest Lush Q2 Battery Charger,ACCESSORIES,,27.99,AUD,false,true,simple,images/efest-lush-q2-battery-charger.jpg,https://aussievapemart.com.au/product/efest-lush-q2-battery-charger/
6946,Directional Flow UV Glass Carb Cap Glow &#8211; Dark Pink,ACCESSORIES,,9.99,AUD,false,true,simple,images/directional-flow-uv-glass-carb-cap-glow-dark-pink.jpg,https://aussievapemart.com.au/product/directional-flow-uv-glass-carb-cap-glow-dark-pink/
6945,Directional Flow UV Glass Carb Cap Glow &#8211; Dark Blue,ACCESSORIES,,9.99,AUD,false,true,simple,images/directional-flow-uv-glass-carb-cap-glow-dark-blue.jpg,https://aussievapemart.com.au/product/directional-flow-uv-glass-carb-cap-glow-dark-blue/
6944,Cotton Bacon Prime,ACCESSORIES,,8.99,AUD,false,true,simple,images/cotton-bacon-prime.jpg,https://aussievapemart.com.au/product/cotton-bacon-prime/
6943,Ceramic Stash Jar &#8211; Stoner Girl,ACCESSORIES,,17.99,AUD,false,true,simple,images/ceramic-stash-jar-stoner-girl.png,https://aussievapemart.com.au/product/ceramic-stash-jar-stoner-girl/
6942,Ceramic Stash Jar &#8211; Pineapple,ACCESSORIES,,19.49,AUD,false,true,simple,images/ceramic-stash-jar-pineapple.png,https://aussievapemart.com.au/product/ceramic-stash-jar-pineapple/
6941,Ceramic Stash Jar &#8211; Donut,ACCESSORIES,,19.99,AUD,false,true,simple,images/ceramic-stash-jar-donut.png,https://aussievapemart.com.au/product/ceramic-stash-jar-donut/
6940,Bic Mini Lighter,ACCESSORIES,,2.25,AUD,false,true,simple,images/bic-mini-lighter.jpg,https://aussievapemart.com.au/product/bic-mini-lighter/
6939,Aspire PockeX AIO Replacement Coils,ACCESSORIES,,3.44,AUD,true,true,variable,images/aspire-pockex-aio-replacement-coils.jpg,https://aussievapemart.com.au/product/aspire-pockex-aio-replacement-coils/
6837,Aspire Nautilus Replacement Coils,ACCESSORIES,,4,AUD,false,true,variable,images/aspire-nautilus-replacement-coils.jpg,https://aussievapemart.com.au/product/aspire-nautilus-replacement-coils/
6836,Aspire Nautilus 2S Replacement Coils,ACCESSORIES,,4,AUD,false,true,simple,images/aspire-nautilus-2s-replacement-coils.jpg,https://aussievapemart.com.au/product/aspire-nautilus-2s-replacement-coils/
6835,Aspire 18650 2900mAh Battery,ACCESSORIES,,12.99,AUD,false,true,simple,images/aspire-18650-2900mah-battery.jpg,https://aussievapemart.com.au/product/aspire-18650-2900mah-battery/
6827,Apple Drop Salt E-Liquid &#8211; Watermelon 30ml,ACCESSORIES,,27.99,AUD,false,true,variable,images/apple-drop-salt-e-liquid-watermelon-30ml.jpg,https://aussievapemart.com.au/product/apple-drop-salt-e-liquid-watermelon-30ml/
6826,5.5&#8243; Clear PREEMO Open-Ended Downstem,ACCESSORIES,,7.99,AUD,false,true,simple,images/5-5-clear-preemo-open-ended-downstem.jpg,https://aussievapemart.com.au/product/5-5-clear-preemo-open-ended-downstem/
6825,5&#8243; Glass Dabber Tool &#8211; Assorted Design,ACCESSORIES,,4.48,AUD,false,true,simple,images/5-glass-dabber-tool-assorted-design.jpg,https://aussievapemart.com.au/product/5-glass-dabber-tool-assorted-design/
6824,4.5&#8243; Stainless Steel Dab Tool w/ Silicone Cover &#8211; Assorted Colour,ACCESSORIES,,5.99,AUD,false,true,simple,images/4-5-stainless-steel-dab-tool-w-silicone-cover-assorted-colour.jpg,https://aussievapemart.com.au/product/4-5-stainless-steel-dab-tool-w-silicone-cover-assorted-colour/
6815,3.2&#8243; Square Silicone Ashtray Assorted Color,ACCESSORIES,,9.99,AUD,false,true,simple,images/3-2-square-silicone-ashtray-assorted-color.png,https://aussievapemart.com.au/product/3-2-square-silicone-ashtray-assorted-color/
6814,420 Pipe Mug &#8211; Black,ACCESSORIES,,19.99,AUD,false,true,simple,images/420-pipe-mug-black.png,https://aussievapemart.com.au/product/420-pipe-mug-black/
6813,6-in-1 Universal Anodized Titanium Nail,ACCESSORIES,,39.99,AUD,false,true,simple,images/6-in-1-universal-anodized-titanium-nail.jpg,https://aussievapemart.com.au/product/6-in-1-universal-anodized-titanium-nail/
6812,Utillian 8 E Rig Concentrate Vape Device,ACCESSORIES,,299.99,AUD,false,true,variable,images/utillian-8-e-rig-concentrate-vape-device.jpg,https://aussievapemart.com.au/product/utillian-8-e-rig-concentrate-vape-device/
6811,EC420 Toothless See Through Grinder &#8211; 65mm 5-Piece,ACCESSORIES,,49.99,AUD,false,true,variable,images/ec420-toothless-see-through-grinder-65mm-5-piece.png,https://aussievapemart.com.au/product/ec420-toothless-see-through-grinder-65mm-5-piece/
6810,RAW Life 4 Piece Grinder V3,ACCESSORIES,,66.95,AUD,false,true,variable,images/raw-life-4-piece-grinder-v3.jpg,https://aussievapemart.com.au/product/raw-life-4-piece-grinder-v3/
6809,14mm Male Bucket Bowl,ACCESSORIES,,7.99,AUD,false,true,simple,images/14mm-male-bucket-bowl.jpg,https://aussievapemart.com.au/product/14mm-male-bucket-bowl/
6808,Infyniti Convex 50mm 4-Piece Grinder &#8211; Red,ACCESSORIES,,0,AUD,false,true,simple,images/infyniti-convex-50mm-4-piece-grinder-red.png,https://aussievapemart.com.au/product/infyniti-convex-50mm-4-piece-grinder-red/
6807,EC420 Weaving Wood Style 63mm 4 Piece Grinder &#8211; Orange/Copper,ACCESSORIES,,44.99,AUD,false,true,simple,images/ec420-weaving-wood-style-63mm-4-piece-grinder-orange-copper.png,https://aussievapemart.com.au/product/ec420-weaving-wood-style-63mm-4-piece-grinder-orange-copper/
6806,Infyniti Convex 50mm 4-Piece Grinder &#8211; Gold,ACCESSORIES,,0,AUD,false,true,simple,images/infyniti-convex-50mm-4-piece-grinder-gold.png,https://aussievapemart.com.au/product/infyniti-convex-50mm-4-piece-grinder-gold/
6789,Infyniti Convex 50mm 4-Piece Grinder &#8211; Purple,ACCESSORIES,,17.99,AUD,false,true,simple,images/infyniti-convex-50mm-4-piece-grinder-purple.png,https://aussievapemart.com.au/product/infyniti-convex-50mm-4-piece-grinder-purple/
6788,4&#8243; Titan Silicone Pipe w/ Glass Bowl &#8211; Rasta,ACCESSORIES,,13.99,AUD,false,true,simple,images/4-titan-silicone-pipe-w-glass-bowl-rasta.jpg,https://aussievapemart.com.au/product/4-titan-silicone-pipe-w-glass-bowl-rasta/
6787,Infyniti Heavy Duty 100mm 4-Piece Grinder,ACCESSORIES,,57.49,AUD,false,true,variable,images/infyniti-heavy-duty-100mm-4-piece-grinder.png,https://aussievapemart.com.au/product/infyniti-heavy-duty-100mm-4-piece-grinder/
6774,EC420 Camouflage 65mm 4-Piece Grinder,ACCESSORIES,,32.49,AUD,false,true,simple,images/ec420-camouflage-65mm-4-piece-grinder.png,https://aussievapemart.com.au/product/ec420-camouflage-65mm-4-piece-grinder/
6773,EC420 Weaving Wood Style 63mm 4 Piece Grinder  &#8211; Black,ACCESSORIES,,44.99,AUD,false,true,simple,images/ec420-weaving-wood-style-63mm-4-piece-grinder-black.png,https://aussievapemart.com.au/product/ec420-weaving-wood-style-63mm-4-piece-grinder-black/
6772,Infyniti Convex 50mm 4-Piece Grinder &#8211; Blue,ACCESSORIES,,25,AUD,false,true,simple,images/infyniti-convex-50mm-4-piece-grinder-blue.png,https://aussievapemart.com.au/product/infyniti-convex-50mm-4-piece-grinder-blue/
6771,Gorilla Hybrid Grinder 55mm 4-Piece,ACCESSORIES,,22.99,AUD,false,true,simple,images/gorilla-hybrid-grinder-55mm-4-piece.jpg,https://aussievapemart.com.au/product/gorilla-hybrid-grinder-55mm-4-piece/
6770,EC420 UFO Shape 80mm 4-Piece Grinder,ACCESSORIES,,49.99,AUD,false,true,variable,images/ec420-ufo-shape-80mm-4-piece-grinder.png,https://aussievapemart.com.au/product/ec420-ufo-shape-80mm-4-piece-grinder/
6769,EC420 Magnet Core Screwless Grinder &#8211; 55mm 4-Piece &#8211; Rainbow,ACCESSORIES,,32.49,AUD,false,true,simple,images/ec420-magnet-core-screwless-grinder-55mm-4-piece-rainbow.png,https://aussievapemart.com.au/product/ec420-magnet-core-screwless-grinder-55mm-4-piece-rainbow/
6768,10&#8243; Phoenix Star Color Drop Beaker Bong,ACCESSORIES,,74.99,AUD,false,true,variable,images/10-phoenix-star-color-drop-beaker-bong.jpg,https://aussievapemart.com.au/product/10-phoenix-star-color-drop-beaker-bong/
6767,EC420 Diamond Shape Grinder &#8211; 55mm 4-Piece,ACCESSORIES,,24.99,AUD,false,true,variable,images/ec420-diamond-shape-grinder-55mm-4-piece.jpg,https://aussievapemart.com.au/product/ec420-diamond-shape-grinder-55mm-4-piece/
6766,2.5&#8243; Spiral Glass Hand Pipe &#8211; Assorted Colour,ACCESSORIES,,6.25,AUD,false,true,simple,images/2-5-spiral-glass-hand-pipe-assorted-colour.jpg,https://aussievapemart.com.au/product/2-5-spiral-glass-hand-pipe-assorted-colour/
6765,Gorilla Sativa Grinder 55mm 4-Piece,ACCESSORIES,,22.99,AUD,false,true,simple,images/gorilla-sativa-grinder-55mm-4-piece.jpg,https://aussievapemart.com.au/product/gorilla-sativa-grinder-55mm-4-piece/
6764,EC420 Maze 65mm 4-Piece Grinder &#8211; Purple,ACCESSORIES,,34.99,AUD,false,true,simple,images/ec420-maze-65mm-4-piece-grinder-purple.png,https://aussievapemart.com.au/product/ec420-maze-65mm-4-piece-grinder-purple/
6763,Cheech &#038; Chong 56mm 4-Piece Grinder &#8211; Green,ACCESSORIES,,26.99,AUD,false,true,simple,images/cheech-chong-56mm-4-piece-grinder-green.png,https://aussievapemart.com.au/product/cheech-chong-56mm-4-piece-grinder-green/
6762,Gorilla Indica Grinder 55mm 4-Piece,ACCESSORIES,,22.99,AUD,false,true,simple,images/gorilla-indica-grinder-55mm-4-piece.jpg,https://aussievapemart.com.au/product/gorilla-indica-grinder-55mm-4-piece/
6761,EC420 Wood Grain 65mm 4-Piece Grinder,ACCESSORIES,,32.49,AUD,false,true,simple,images/ec420-wood-grain-65mm-4-piece-grinder.png,https://aussievapemart.com.au/product/ec420-wood-grain-65mm-4-piece-grinder/
6760,5&#8243; Baby Yoda Silicone Water Pipe,ACCESSORIES,,39.99,AUD,false,true,variable,images/5-baby-yoda-silicone-water-pipe.jpg,https://aussievapemart.com.au/product/5-baby-yoda-silicone-water-pipe/
6759,"Aluminium Grinder, 40 mm x 38 mm, 4 parts",ACCESSORIES,,12.39,AUD,false,true,variable,images/aluminium-grinder-40-mm-x-38-mm-4-parts.jpg,https://aussievapemart.com.au/product/aluminium-grinder-40-mm-x-38-mm-4-parts/
6758,14mm Male Clear Bubbler Bowl,ACCESSORIES,,5.62,AUD,false,true,simple,images/14mm-male-clear-bubbler-bowl.png,https://aussievapemart.com.au/product/14mm-male-clear-bubbler-bowl/
6757,14mm Male Red Eye Glass Cone Pull-Out w/ Leaf Handle Bowl,ACCESSORIES,,13.99,AUD,false,true,variable,images/14mm-male-red-eye-glass-cone-pull-out-w-leaf-handle-bowl.jpg,https://aussievapemart.com.au/product/14mm-male-red-eye-glass-cone-pull-out-w-leaf-handle-bowl/
6756,3.5&#8243; Die-Cut Metal Pipe &#8211; Assorted Colour,ACCESSORIES,,3.99,AUD,false,true,simple,images/3-5-die-cut-metal-pipe-assorted-colour.jpg,https://aussievapemart.com.au/product/3-5-die-cut-metal-pipe-assorted-colour/
6755,East Coast 420 Full Colour Cone Bowl,ACCESSORIES,,8.99,AUD,false,true,variable,images/east-coast-420-full-colour-cone-bowl.jpg,https://aussievapemart.com.au/product/east-coast-420-full-colour-cone-bowl/
6754,Zeus Grime Wipes,ACCESSORIES,,6.99,AUD,false,true,simple,images/zeus-grime-wipes.jpg,https://aussievapemart.com.au/product/zeus-grime-wipes/
6753,Zeus Grime Sticks,ACCESSORIES,,7.99,AUD,false,true,simple,images/zeus-grime-sticks.jpg,https://aussievapemart.com.au/product/zeus-grime-sticks/
6752,Utillian 8 Glass Mouthpiece,ACCESSORIES,,79.99,AUD,false,true,simple,images/utillian-8-glass-mouthpiece.jpg,https://aussievapemart.com.au/product/utillian-8-glass-mouthpiece/
6751,Utillian 8 Ruby Pearl Pack,ACCESSORIES,,14.99,AUD,false,true,simple,images/utillian-8-ruby-pearl-pack.jpg,https://aussievapemart.com.au/product/utillian-8-ruby-pearl-pack/
6750,Utillian 8 Multi-Tool,ACCESSORIES,,34.99,AUD,false,true,simple,images/utillian-8-multi-tool.jpg,https://aussievapemart.com.au/product/utillian-8-multi-tool/
6749,Utillian 2 USB Charger,ACCESSORIES,,6.99,AUD,false,true,simple,images/utillian-2-usb-charger.jpg,https://aussievapemart.com.au/product/utillian-2-usb-charger/
6748,Black Cleaning Brush,ACCESSORIES,,3,AUD,false,true,variable,images/black-cleaning-brush.png,https://aussievapemart.com.au/product/black-cleaning-brush/
6747,Smokebuddy Original Personal Air Filter,ACCESSORIES,,34.99,AUD,false,true,variable,images/smokebuddy-original-personal-air-filter.jpg,https://aussievapemart.com.au/product/smokebuddy-original-personal-air-filter/
6746,Brass Screens 5 Screens/pk,ACCESSORIES,,0.25,AUD,false,true,simple,images/brass-screens-5-screens-pk.jpg,https://aussievapemart.com.au/product/brass-screens-5-screens-pk/
6745,Silver Screens 5 Screens/pk,ACCESSORIES,,0.25,AUD,false,true,simple,images/silver-screens-5-screens-pk.jpg,https://aussievapemart.com.au/product/silver-screens-5-screens-pk/
6724,FREEMAX MAXUS PRO TANK RESIN EDITION,ACCESSORIES | FREEMAX COILS | Tanks,,52.79,AUD,false,true,simple,images/freemax-maxus-pro-tank-resin-edition-8.jpeg,https://aussievapemart.com.au/product/freemax-maxus-pro-tank-resin-edition-8/
6723,FREEMAX MAXUS PRO TANK METAL EDITION (M PRO 2 TANK),ACCESSORIES | FREEMAX COILS | Tanks,,43.79,AUD,true,true,simple,images/freemax-maxus-pro-tank-metal-edition-m-pro-2-tank-8.jpeg,https://aussievapemart.com.au/product/freemax-maxus-pro-tank-metal-edition-m-pro-2-tank-8/
6722,FREEMAX MAXUS PRO TANK RESIN EDITION,ACCESSORIES | FREEMAX COILS | Tanks,,52.79,AUD,false,true,simple,images/freemax-maxus-pro-tank-resin-edition-7.jpeg,https://aussievapemart.com.au/product/freemax-maxus-pro-tank-resin-edition-7/
6721,FREEMAX MAXUS PRO TANK METAL EDITION (M PRO 2 TANK),ACCESSORIES | FREEMAX COILS | Tanks,,43.79,AUD,true,true,simple,images/freemax-maxus-pro-tank-metal-edition-m-pro-2-tank-7.jpeg,https://aussievapemart.com.au/product/freemax-maxus-pro-tank-metal-edition-m-pro-2-tank-7/
6720,FREEMAX MAXUS PRO TANK RESIN EDITION,ACCESSORIES | FREEMAX COILS | Tanks,,52.79,AUD,false,true,simple,images/freemax-maxus-pro-tank-resin-edition-6.jpeg,https://aussievapemart.com.au/product/freemax-maxus-pro-tank-resin-edition-6/
6719,FREEMAX MAXUS PRO TANK METAL EDITION (M PRO 2 TANK),ACCESSORIES | FREEMAX COILS | Tanks,,43.79,AUD,true,true,simple,images/freemax-maxus-pro-tank-metal-edition-m-pro-2-tank-6.jpeg,https://aussievapemart.com.au/product/freemax-maxus-pro-tank-metal-edition-m-pro-2-tank-6/
6718,FREEMAX MAXUS PRO TANK RESIN EDITION,ACCESSORIES | FREEMAX COILS | Tanks,,52.79,AUD,false,true,simple,images/freemax-maxus-pro-tank-resin-edition-5.jpeg,https://aussievapemart.com.au/product/freemax-maxus-pro-tank-resin-edition-5/
6717,FREEMAX MAXUS PRO TANK METAL EDITION (M PRO 2 TANK),ACCESSORIES | FREEMAX COILS | Tanks,,43.79,AUD,true,true,simple,images/freemax-maxus-pro-tank-metal-edition-m-pro-2-tank-5.jpeg,https://aussievapemart.com.au/product/freemax-maxus-pro-tank-metal-edition-m-pro-2-tank-5/
6716,FREEMAX MESH PRO REPLACEMENT COILS 3PCS,ACCESSORIES | FREEMAX COILS,,22.38,AUD,false,true,simple,images/freemax-mesh-pro-replacement-coils-3pcs-3.jpeg,https://aussievapemart.com.au/product/freemax-mesh-pro-replacement-coils-3pcs-3/
6715,FREEMAX MAXUS PRO TANK RESIN EDITION,ACCESSORIES | FREEMAX COILS | Tanks,,52.79,AUD,false,true,simple,images/freemax-maxus-pro-tank-resin-edition-4.jpeg,https://aussievapemart.com.au/product/freemax-maxus-pro-tank-resin-edition-4/
6714,FREEMAX MAXUS PRO TANK METAL EDITION (M PRO 2 TANK),ACCESSORIES | FREEMAX COILS | Tanks,,43.79,AUD,true,true,simple,images/freemax-maxus-pro-tank-metal-edition-m-pro-2-tank-4.jpeg,https://aussievapemart.com.au/product/freemax-maxus-pro-tank-metal-edition-m-pro-2-tank-4/
6691,FREEMAX MAXUS PRO TANK RESIN EDITION,ACCESSORIES | FREEMAX COILS | Tanks,,52.79,AUD,false,true,simple,images/freemax-maxus-pro-tank-resin-edition-3.jpeg,https://aussievapemart.com.au/product/freemax-maxus-pro-tank-resin-edition-3/
6690,FREEMAX MAXUS PRO TANK METAL EDITION (M PRO 2 TANK),ACCESSORIES | FREEMAX COILS | Tanks,,43.79,AUD,true,true,simple,images/freemax-maxus-pro-tank-metal-edition-m-pro-2-tank-3.jpeg,https://aussievapemart.com.au/product/freemax-maxus-pro-tank-metal-edition-m-pro-2-tank-3/
6688,FREEMAX GX 1OHM MESH COIL (5PCS),ACCESSORIES | FREEMAX COILS,,29.63,AUD,false,true,simple,images/freemax-gx-1ohm-mesh-coil-5pcs-2.jpeg,https://aussievapemart.com.au/product/freemax-gx-1ohm-mesh-coil-5pcs-2/
6687,"FREEMAX GX 0,8OHM MESH COIL (5PCS)",ACCESSORIES | FREEMAX COILS,,29.63,AUD,false,true,simple,images/freemax-gx-08ohm-mesh-coil-5pcs-2.jpeg,https://aussievapemart.com.au/product/freemax-gx-08ohm-mesh-coil-5pcs-2/
6684,FREEMAX MAXUS PRO TANK RESIN EDITION,ACCESSORIES | FREEMAX COILS | Tanks,,52.79,AUD,false,true,simple,images/freemax-maxus-pro-tank-resin-edition-2.jpeg,https://aussievapemart.com.au/product/freemax-maxus-pro-tank-resin-edition-2/
6683,FREEMAX MAXUS PRO TANK METAL EDITION (M PRO 2 TANK),ACCESSORIES | FREEMAX COILS | Tanks,,43.79,AUD,true,true,simple,images/freemax-maxus-pro-tank-metal-edition-m-pro-2-tank-2.jpeg,https://aussievapemart.com.au/product/freemax-maxus-pro-tank-metal-edition-m-pro-2-tank-2/
6682,FreeMax Mesh Pro (Kanthal) Coils,ACCESSORIES | FREEMAX COILS,,21.86,AUD,false,true,simple,images/freemax-mesh-pro-kanthal-coils.jpeg,https://aussievapemart.com.au/product/freemax-mesh-pro-kanthal-coils/
6679,FREEMAX GX-P 1OHM MESH COIL (5PCS),ACCESSORIES | FREEMAX COILS,,26.39,AUD,false,true,simple,images/freemax-gx-p-1ohm-mesh-coil-5pcs.jpeg,https://aussievapemart.com.au/product/freemax-gx-p-1ohm-mesh-coil-5pcs/
6678,FREEMAX MAXUS PRO TANK RESIN EDITION,ACCESSORIES | FREEMAX COILS | Tanks,,52.79,AUD,false,true,simple,images/freemax-maxus-pro-tank-resin-edition.jpeg,https://aussievapemart.com.au/product/freemax-maxus-pro-tank-resin-edition/
6677,FREEMAX MAXUS PRO TANK METAL EDITION (M PRO 2 TANK),ACCESSORIES | FREEMAX COILS | Tanks,,43.79,AUD,true,true,simple,images/freemax-maxus-pro-tank-metal-edition-m-pro-2-tank.jpeg,https://aussievapemart.com.au/product/freemax-maxus-pro-tank-metal-edition-m-pro-2-tank/
6676,HQD Click Plus 30000 – Banana Ice,HQD Click Plus 30000,,45,AUD,false,true,simple,images/hqd-click-plus-30000-banana-ice.webp,https://aussievapemart.com.au/product/hqd-click-plus-30000-banana-ice/
6675,HQD Click Plus 30000 – Black Ice,HQD Click Plus 30000,,45,AUD,false,true,simple,images/hqd-click-plus-30000-black-ice.webp,https://aussievapemart.com.au/product/hqd-click-plus-30000-black-ice/
6674,HQD Click Plus 30000 – Blackberry Cherry Pomegranate,HQD Click Plus 30000,,45,AUD,false,true,simple,images/hqd-click-plus-30000-blackberry-cherry-pomegranate.webp,https://aussievapemart.com.au/product/hqd-click-plus-30000-blackberry-cherry-pomegranate/
6673,HQD Click Plus 30000 – Double Apple,HQD Click Plus 30000,,45,AUD,false,true,simple,images/hqd-click-plus-30000-double-apple.webp,https://aussievapemart.com.au/product/hqd-click-plus-30000-double-apple/
6672,HQD Click Plus 30000 – Fresh Berries,HQD Click Plus 30000,,45,AUD,false,true,simple,images/hqd-click-plus-30000-fresh-berries.webp,https://aussievapemart.com.au/product/hqd-click-plus-30000-fresh-berries/
6671,HQD Click Plus 30000 – Grape Ice,HQD Click Plus 30000,,45,AUD,false,true,simple,images/hqd-click-plus-30000-grape-ice.jpg,https://aussievapemart.com.au/product/hqd-click-plus-30000-grape-ice/
6670,HQD Click Plus 30000 – Ice Mint,HQD Click Plus 30000,,45,AUD,false,true,simple,images/hqd-click-plus-30000-ice-mint.webp,https://aussievapemart.com.au/product/hqd-click-plus-30000-ice-mint/
6669,HQD Click Plus 30000 – Mixed Berries,HQD Click Plus 30000,,45,AUD,false,true,simple,images/hqd-click-plus-30000-mixed-berries.webp,https://aussievapemart.com.au/product/hqd-click-plus-30000-mixed-berries/
6668,HQD Click Plus 30000 – Passionfruit Mango Lemon,HQD Click Plus 30000,,45,AUD,false,true,simple,images/hqd-click-plus-30000-passionfruit-mango-lemon.webp,https://aussievapemart.com.au/product/hqd-click-plus-30000-passionfruit-mango-lemon/
6667,HQD Click Plus 30000 – Blueberry Blast,HQD Click Plus 30000,,5,AUD,false,true,simple,images/hqd-click-plus-30000-blueberry-blast.webp,https://aussievapemart.com.au/product/hqd-click-plus-30000-blueberry-blast/
6666,HQD Click Plus 30000 – Kiwi Pineapple,HQD Click Plus 30000,,45,AUD,false,true,simple,images/hqd-click-plus-30000-kiwi-pineapple.webp,https://aussievapemart.com.au/product/hqd-click-plus-30000-kiwi-pineapple/
6665,HQD Click Plus 30000 – Passionfruit Kiwi Guava,HQD Click Plus 30000,,45,AUD,false,true,simple,images/hqd-click-plus-30000-passionfruit-kiwi-guava.webp,https://aussievapemart.com.au/product/hqd-click-plus-30000-passionfruit-kiwi-guava/
6648,HQD Click Plus 30000 – Strawberry Kiwi,HQD Click Plus 30000,,45,AUD,false,true,simple,images/hqd-click-plus-30000-strawberry-kiwi.webp,https://aussievapemart.com.au/product/hqd-click-plus-30000-strawberry-kiwi/
6647,HQD Click Plus 30000 – Strawberry Watermelon,HQD Click Plus 30000,,45,AUD,false,true,simple,images/hqd-click-plus-30000-strawberry-watermelon.webp,https://aussievapemart.com.au/product/hqd-click-plus-30000-strawberry-watermelon/
6646,HQD Click Plus 30000 – Watermelon Ice,HQD Click Plus 30000,,45,AUD,false,true,simple,images/hqd-click-plus-30000-watermelon-ice.webp,https://aussievapemart.com.au/product/hqd-click-plus-30000-watermelon-ice/
6645,HQD Cuive Slick 20000 – Raspberry Grape,HQD Cuive Slick 20000,,45,AUD,false,true,simple,images/hqd-cuive-slick-20000-raspberry-grape.webp,https://aussievapemart.com.au/product/hqd-cuive-slick-20000-raspberry-grape/
6644,HQD Cuive Slick 20000 – Mixed Berry,HQD Cuive Slick 20000,,45,AUD,false,true,simple,images/hqd-cuive-slick-20000-mixed-berry.webp,https://aussievapemart.com.au/product/hqd-cuive-slick-20000-mixed-berry/
6643,HQD Cuive Slick 20000 – Blueberry Raspberry,HQD Cuive Slick 20000,,45,AUD,false,true,simple,images/hqd-cuive-slick-20000-blueberry-raspberry.webp,https://aussievapemart.com.au/product/hqd-cuive-slick-20000-blueberry-raspberry/
6642,HQD Cuive Slick 20000 – Blackcurrant Grape,HQD Cuive Slick 20000,,45,AUD,false,true,simple,images/hqd-cuive-slick-20000-blackcurrant-grape.webp,https://aussievapemart.com.au/product/hqd-cuive-slick-20000-blackcurrant-grape/
6641,HQD Cuive Slick 20000 – Banana Ice,HQD Cuive Slick 20000,,45,AUD,false,true,simple,images/hqd-cuive-slick-20000-banana-ice.webp,https://aussievapemart.com.au/product/hqd-cuive-slick-20000-banana-ice/
6640,HQD Cuive Slick 20000 – Blackberry Ice,HQD Cuive Slick 20000,,45,AUD,false,true,simple,images/hqd-cuive-slick-20000-blackberry-ice.webp,https://aussievapemart.com.au/product/hqd-cuive-slick-20000-blackberry-ice/
6639,HQD Cuive Slick 20000 – Grape Ice,HQD Cuive Slick 20000,,45,AUD,false,true,simple,images/hqd-cuive-slick-20000-grape-ice.webp,https://aussievapemart.com.au/product/hqd-cuive-slick-20000-grape-ice/
6638,HQD Cuive Slick 20000 – Ice Mint,HQD Cuive Slick 20000,,45,AUD,false,true,simple,images/hqd-cuive-slick-20000-ice-mint.webp,https://aussievapemart.com.au/product/hqd-cuive-slick-20000-ice-mint/
6637,HQD Cuive Slick 20000 – Kiwi Pomegranate,HQD Cuive Slick 20000,,45,AUD,false,true,simple,images/hqd-cuive-slick-20000-kiwi-pomegranate.webp,https://aussievapemart.com.au/product/hqd-cuive-slick-20000-kiwi-pomegranate/
6636,HQD Cuive Slick 20000 – Passionfruit Watermelon Ice,HQD Cuive Slick 20000,,45,AUD,false,true,simple,images/hqd-cuive-slick-20000-passionfruit-watermelon-ice.webp,https://aussievapemart.com.au/product/hqd-cuive-slick-20000-passionfruit-watermelon-ice/
6635,HQD Cuive Slick 20000 – Strawberry Kiwi,HQD Cuive Slick 20000,,45,AUD,false,true,simple,images/hqd-cuive-slick-20000-strawberry-kiwi.webp,https://aussievapemart.com.au/product/hqd-cuive-slick-20000-strawberry-kiwi/
6634,HQD Cuive Slick 20000 – Double Apple,HQD Cuive Slick 20000,,45,AUD,false,true,simple,images/hqd-cuive-slick-20000-double-apple.webp,https://aussievapemart.com.au/product/hqd-cuive-slick-20000-double-apple/
6633,HQD Cuive Slick 20000 – Apple Grape,HQD Cuive Slick 20000,,45,AUD,false,true,simple,images/hqd-cuive-slick-20000-apple-grape.webp,https://aussievapemart.com.au/product/hqd-cuive-slick-20000-apple-grape/
6632,HQD Cuive Slick 20000 – Strawberry Watermelon,HQD Cuive Slick 20000,,45,AUD,false,true,simple,images/hqd-cuive-slick-20000-strawberry-watermelon.webp,https://aussievapemart.com.au/product/hqd-cuive-slick-20000-strawberry-watermelon/
6631,HQD Cuvie Slick 6000 – Blueberry Raspberry,HQD Cuvie Slick 6000,,39,AUD,false,true,simple,images/hqd-cuvie-slick-6000-blueberry-raspberry-2.webp,https://aussievapemart.com.au/product/hqd-cuvie-slick-6000-blueberry-raspberry-2/
6630,HQD Cuvie Slick 6000 – Ice Mint,HQD Cuvie Slick 6000,,39,AUD,false,true,simple,images/hqd-cuvie-slick-6000-ice-mint-2.webp,https://aussievapemart.com.au/product/hqd-cuvie-slick-6000-ice-mint-2/
6629,HQD Cuvie Slick 6000 – Strawberry Banana,HQD Cuvie Slick 6000,,39,AUD,false,true,simple,images/hqd-cuvie-slick-6000-strawberry-banana-2.webp,https://aussievapemart.com.au/product/hqd-cuvie-slick-6000-strawberry-banana-2/
6628,HQD Cuvie Slick 6000 – Raspberry Grape,HQD Cuvie Slick 6000,,39,AUD,false,true,simple,images/hqd-cuvie-slick-6000-raspberry-grape-2.webp,https://aussievapemart.com.au/product/hqd-cuvie-slick-6000-raspberry-grape-2/
6627,HQD Cuvie Slick 6000 – Black Dragon option,HQD Cuvie Slick 6000,,29,AUD,false,true,simple,images/hqd-cuvie-slick-6000-black-dragon-option-2.webp,https://aussievapemart.com.au/product/hqd-cuvie-slick-6000-black-dragon-option-2/
6626,HQD Cuvie Slick 6000 – Black Ice,HQD Cuvie Slick 6000,,29,AUD,false,true,simple,images/hqd-cuvie-slick-6000-black-ice-2.webp,https://aussievapemart.com.au/product/hqd-cuvie-slick-6000-black-ice-2/
6625,HQD Cuvie Slick 6000 – Blueberry Lemonade,HQD Cuvie Slick 6000,,29,AUD,false,true,simple,images/hqd-cuvie-slick-6000-blueberry-lemonade-2.webp,https://aussievapemart.com.au/product/hqd-cuvie-slick-6000-blueberry-lemonade-2/
6624,HQD Cuvie Slick 6000 – Grapey,HQD Cuvie Slick 6000,,29,AUD,false,true,simple,images/hqd-cuvie-slick-6000-grapey-2.webp,https://aussievapemart.com.au/product/hqd-cuvie-slick-6000-grapey-2/
6623,HQD Cuvie Slick 6000 – Kiwi Lemon,HQD Cuvie Slick 6000,,39,AUD,false,true,simple,images/hqd-cuvie-slick-6000-kiwi-lemon-2.webp,https://aussievapemart.com.au/product/hqd-cuvie-slick-6000-kiwi-lemon-2/
6622,HQD Cuvie Slick 6000 – Lemon Mint,HQD Cuvie Slick 6000,,29,AUD,false,true,simple,images/hqd-cuvie-slick-6000-lemon-mint-2.webp,https://aussievapemart.com.au/product/hqd-cuvie-slick-6000-lemon-mint-2/
6621,HQD Cuvie Slick 6000 – Lemon Passion Fruit,HQD Cuvie Slick 6000,,29,AUD,false,true,simple,images/hqd-cuvie-slick-6000-lemon-passion-fruit-2.webp,https://aussievapemart.com.au/product/hqd-cuvie-slick-6000-lemon-passion-fruit-2/
6620,HQD Cuvie Slick 6000 – Lush Ice,HQD Cuvie Slick 6000,,29,AUD,false,true,simple,images/hqd-cuvie-slick-6000-lush-ice-2.webp,https://aussievapemart.com.au/product/hqd-cuvie-slick-6000-lush-ice-2/
6619,HQD Cuvie Slick 6000 – Mango Honeydew Ice,HQD Cuvie Slick 6000,,29,AUD,false,true,simple,images/hqd-cuvie-slick-6000-mango-honeydew-ice-2.webp,https://aussievapemart.com.au/product/hqd-cuvie-slick-6000-mango-honeydew-ice-2/
6610,HQD Cuvie Slick 6000 – Strawberry Kiwi,HQD Cuvie Slick 6000,,29,AUD,false,true,simple,images/hqd-cuvie-slick-6000-strawberry-kiwi-2.webp,https://aussievapemart.com.au/product/hqd-cuvie-slick-6000-strawberry-kiwi-2/
6609,HQD Cuvie Slick 6000 – Strawberry Watermelon,HQD Miracle 8000 Puffs,,29,AUD,false,true,simple,images/hqd-cuvie-slick-6000-strawberry-watermelon-2.webp,https://aussievapemart.com.au/product/hqd-cuvie-slick-6000-strawberry-watermelon-2/
6608,HQD Cuvie Slick 6000 – Banana Pomegranate Cherry,HQD Cuvie Slick 6000,,29,AUD,false,true,simple,images/hqd-cuvie-slick-6000-banana-pomegranate-cherry-2.webp,https://aussievapemart.com.au/product/hqd-cuvie-slick-6000-banana-pomegranate-cherry-2/
6607,HQD Cuvie Slick 6000 – Blackberry Cherry Pomegranate,HQD Cuvie Slick 6000,,29,AUD,false,true,simple,images/hqd-cuvie-slick-6000-blackberry-cherry-pomegranate-2.webp,https://aussievapemart.com.au/product/hqd-cuvie-slick-6000-blackberry-cherry-pomegranate-2/
6606,HQD Cuvie Slick 6000 – Blackberry Raspberry Lemon,HQD Cuvie Slick 6000,,29,AUD,false,true,simple,images/hqd-cuvie-slick-6000-blackberry-raspberry-lemon-2.webp,https://aussievapemart.com.au/product/hqd-cuvie-slick-6000-blackberry-raspberry-lemon-2/
6605,HQD Cuvie Slick 6000 – Kiwi Pineapple,HQD Cuvie Slick 6000,,29,AUD,false,true,simple,images/hqd-cuvie-slick-6000-kiwi-pineapple-2.webp,https://aussievapemart.com.au/product/hqd-cuvie-slick-6000-kiwi-pineapple-2/
6604,HQD Cuvie Slick 6000 – Banana Ice,HQD Cuvie Slick 6000,,29,AUD,false,true,simple,images/hqd-cuvie-slick-6000-banana-ice-2.webp,https://aussievapemart.com.au/product/hqd-cuvie-slick-6000-banana-ice-2/
6603,HQD Cuvie Slick 6000 – Peach Berry,HQD Cuvie Slick 6000,,29,AUD,false,true,simple,images/hqd-cuvie-slick-6000-peach-berry-2.webp,https://aussievapemart.com.au/product/hqd-cuvie-slick-6000-peach-berry-2/
6602,HQD Cuvie Slick 6000 – Cherry Pomegranate,HQD Cuvie Slick 6000,,39,AUD,false,true,simple,images/hqd-cuvie-slick-6000-cherry-pomegranate-2.webp,https://aussievapemart.com.au/product/hqd-cuvie-slick-6000-cherry-pomegranate-2/
6601,HQD Cuvie Slick 6000 – Cola,HQD Cuvie Slick 6000,,29,AUD,false,true,simple,images/hqd-cuvie-slick-6000-cola-2.webp,https://aussievapemart.com.au/product/hqd-cuvie-slick-6000-cola-2/
6600,HQD Miracle 8000 – Black Dragon,HQD Miracle 8000 Puffs,,42,AUD,false,true,simple,images/hqd-miracle-8000-black-dragon-2.webp,https://aussievapemart.com.au/product/hqd-miracle-8000-black-dragon-2/
6599,HQD Miracle 8000 – Black Ice,HQD Miracle 8000 Puffs,,42,AUD,false,true,simple,images/hqd-miracle-8000-black-ice-2.webp,https://aussievapemart.com.au/product/hqd-miracle-8000-black-ice-2/
6598,HQD Miracle 8000 – Blackberry Pomegranate Cherry,HQD Miracle 8000 Puffs,,42,AUD,false,true,simple,images/hqd-miracle-8000-blackberry-pomegranate-cherry-2.webp,https://aussievapemart.com.au/product/hqd-miracle-8000-blackberry-pomegranate-cherry-2/
6597,HQD Miracle 8000 – Cherry Pomegranate,HQD Miracle 8000 Puffs,,42,AUD,false,true,simple,images/hqd-miracle-8000-cherry-pomegranate-2.webp,https://aussievapemart.com.au/product/hqd-miracle-8000-cherry-pomegranate-2/
6596,HQD Miracle 8000 – Double Apple,HQD Miracle 8000 Puffs,,42,AUD,false,true,simple,images/hqd-miracle-8000-double-apple-2.webp,https://aussievapemart.com.au/product/hqd-miracle-8000-double-apple-2/
6595,HQD Miracle 8000 – Grape,HQD Miracle 8000 Puffs,,42,AUD,false,true,simple,images/hqd-miracle-8000-grape-2.webp,https://aussievapemart.com.au/product/hqd-miracle-8000-grape-2/
6594,HQD Miracle 8000 – Mango Dragon,HQD Miracle 8000 Puffs,,42,AUD,false,true,simple,images/hqd-miracle-8000-mango-dragon-2.webp,https://aussievapemart.com.au/product/hqd-miracle-8000-mango-dragon-2/
6593,HQD Miracle 8000 – Passion Fruit Kiwi Guava,HQD Miracle 8000 Puffs,,42,AUD,false,true,simple,images/hqd-miracle-8000-passion-fruit-kiwi-guava-2.webp,https://aussievapemart.com.au/product/hqd-miracle-8000-passion-fruit-kiwi-guava-2/
6592,HQD Miracle 8000 – Passion Fruit Mango Lime,HQD Miracle 8000 Puffs,,42,AUD,false,true,simple,images/hqd-miracle-8000-passion-fruit-mango-lime-2.webp,https://aussievapemart.com.au/product/hqd-miracle-8000-passion-fruit-mango-lime-2/
6591,HQD Miracle 8000 – Raspberry Grape,HQD Miracle 8000 Puffs,,42,AUD,false,true,simple,images/hqd-miracle-8000-raspberry-grape-2.webp,https://aussievapemart.com.au/product/hqd-miracle-8000-raspberry-grape-2/
6590,HQD Miracle 8000 – Strawberry Raspberry,HQD Miracle 8000 Puffs,,42,AUD,false,true,simple,images/hqd-miracle-8000-strawberry-raspberry-2.webp,https://aussievapemart.com.au/product/hqd-miracle-8000-strawberry-raspberry-2/
6589,HQD Miracle 8000 – Strawberry Watermelon,HQD Miracle 8000 Puffs,,42,AUD,false,true,simple,images/hqd-miracle-8000-strawberry-watermelon-2.webp,https://aussievapemart.com.au/product/hqd-miracle-8000-strawberry-watermelon-2/
6588,Geek Bar Pulse 15000 Zero Nicotine,Geek Bar | Nicotine Free Vapes,,22,AUD,false,true,simple,images/geek-bar-pulse-15000-zero-nicotine.jpg,https://aussievapemart.com.au/product/geek-bar-pulse-15000-zero-nicotine/
6565,HQD Cuvie Slick 6000 – Blueberry Raspberry,HQD Cuvie Slick 6000,,39,AUD,false,true,simple,images/hqd-cuvie-slick-6000-blueberry-raspberry.webp,https://aussievapemart.com.au/product/hqd-cuvie-slick-6000-blueberry-raspberry/
6564,HQD Cuvie Slick 6000 – Ice Mint,HQD Cuvie Slick 6000,,39,AUD,false,true,simple,images/hqd-cuvie-slick-6000-ice-mint.webp,https://aussievapemart.com.au/product/hqd-cuvie-slick-6000-ice-mint/
6563,HQD Cuvie Slick 6000 – Strawberry Banana,HQD Cuvie Slick 6000,,39,AUD,false,true,simple,images/hqd-cuvie-slick-6000-strawberry-banana.webp,https://aussievapemart.com.au/product/hqd-cuvie-slick-6000-strawberry-banana/
6562,HQD Cuvie Slick 6000 – Raspberry Grape,HQD Cuvie Slick 6000,,39,AUD,false,true,simple,images/hqd-cuvie-slick-6000-raspberry-grape.webp,https://aussievapemart.com.au/product/hqd-cuvie-slick-6000-raspberry-grape/
6561,HQD Cuvie Slick 6000 – Black Dragon option,HQD Cuvie Slick 6000,,29,AUD,false,true,simple,images/hqd-cuvie-slick-6000-black-dragon-option.webp,https://aussievapemart.com.au/product/hqd-cuvie-slick-6000-black-dragon-option/
6560,HQD Cuvie Slick 6000 – Black Ice,HQD Cuvie Slick 6000,,29,AUD,false,true,simple,images/hqd-cuvie-slick-6000-black-ice.webp,https://aussievapemart.com.au/product/hqd-cuvie-slick-6000-black-ice/
6559,HQD Cuvie Slick 6000 – Blueberry Lemonade,HQD Cuvie Slick 6000,,29,AUD,false,true,simple,images/hqd-cuvie-slick-6000-blueberry-lemonade.webp,https://aussievapemart.com.au/product/hqd-cuvie-slick-6000-blueberry-lemonade/
6558,HQD Cuvie Slick 6000 – Grapey,HQD Cuvie Slick 6000,,29,AUD,false,true,simple,images/hqd-cuvie-slick-6000-grapey.webp,https://aussievapemart.com.au/product/hqd-cuvie-slick-6000-grapey/
6557,HQD Cuvie Slick 6000 – Kiwi Lemon,HQD Cuvie Slick 6000,,39,AUD,false,true,simple,images/hqd-cuvie-slick-6000-kiwi-lemon.webp,https://aussievapemart.com.au/product/hqd-cuvie-slick-6000-kiwi-lemon/
6556,HQD Cuvie Slick 6000 – Lemon Mint,HQD Cuvie Slick 6000,,29,AUD,false,true,simple,images/hqd-cuvie-slick-6000-lemon-mint.webp,https://aussievapemart.com.au/product/hqd-cuvie-slick-6000-lemon-mint/
6555,HQD Cuvie Slick 6000 – Lemon Passion Fruit,HQD Cuvie Slick 6000,,29,AUD,false,true,simple,images/hqd-cuvie-slick-6000-lemon-passion-fruit.webp,https://aussievapemart.com.au/product/hqd-cuvie-slick-6000-lemon-passion-fruit/
6554,HQD Cuvie Slick 6000 – Lush Ice,HQD Cuvie Slick 6000,,29,AUD,false,true,simple,images/hqd-cuvie-slick-6000-lush-ice.webp,https://aussievapemart.com.au/product/hqd-cuvie-slick-6000-lush-ice/
6553,HQD Cuvie Slick 6000 – Mango Honeydew Ice,HQD Cuvie Slick 6000,,29,AUD,false,true,simple,images/hqd-cuvie-slick-6000-mango-honeydew-ice.webp,https://aussievapemart.com.au/product/hqd-cuvie-slick-6000-mango-honeydew-ice/
6552,HQD Cuvie Slick 6000 – Strawberry Kiwi,HQD Cuvie Slick 6000,,29,AUD,false,true,simple,images/hqd-cuvie-slick-6000-strawberry-kiwi.webp,https://aussievapemart.com.au/product/hqd-cuvie-slick-6000-strawberry-kiwi/
6551,HQD Cuvie Slick 6000 – Strawberry Watermelon,HQD Miracle 8000 Puffs,,29,AUD,false,true,simple,images/hqd-cuvie-slick-6000-strawberry-watermelon.webp,https://aussievapemart.com.au/product/hqd-cuvie-slick-6000-strawberry-watermelon/
6550,HQD Cuvie Slick 6000 – Banana Pomegranate Cherry,HQD Cuvie Slick 6000,,29,AUD,false,true,simple,images/hqd-cuvie-slick-6000-banana-pomegranate-cherry.webp,https://aussievapemart.com.au/product/hqd-cuvie-slick-6000-banana-pomegranate-cherry/
6549,HQD Cuvie Slick 6000 – Blackberry Cherry Pomegranate,HQD Cuvie Slick 6000,,29,AUD,false,true,simple,images/hqd-cuvie-slick-6000-blackberry-cherry-pomegranate.webp,https://aussievapemart.com.au/product/hqd-cuvie-slick-6000-blackberry-cherry-pomegranate/
6548,HQD Cuvie Slick 6000 – Blackberry Raspberry Lemon,HQD Cuvie Slick 6000,,29,AUD,false,true,simple,images/hqd-cuvie-slick-6000-blackberry-raspberry-lemon.webp,https://aussievapemart.com.au/product/hqd-cuvie-slick-6000-blackberry-raspberry-lemon/
6547,HQD Cuvie Slick 6000 – Kiwi Pineapple,HQD Cuvie Slick 6000,,29,AUD,false,true,simple,images/hqd-cuvie-slick-6000-kiwi-pineapple.webp,https://aussievapemart.com.au/product/hqd-cuvie-slick-6000-kiwi-pineapple/
6546,HQD Cuvie Slick 6000 – Banana Ice,HQD Cuvie Slick 6000,,29,AUD,false,true,simple,images/hqd-cuvie-slick-6000-banana-ice.webp,https://aussievapemart.com.au/product/hqd-cuvie-slick-6000-banana-ice/
6545,HQD Cuvie Slick 6000 – Peach Berry,HQD Cuvie Slick 6000,,29,AUD,false,true,simple,images/hqd-cuvie-slick-6000-peach-berry.webp,https://aussievapemart.com.au/product/hqd-cuvie-slick-6000-peach-berry/
6544,HQD Cuvie Slick 6000 – Cherry Pomegranate,HQD Cuvie Slick 6000,,39,AUD,false,true,simple,images/hqd-cuvie-slick-6000-cherry-pomegranate.webp,https://aussievapemart.com.au/product/hqd-cuvie-slick-6000-cherry-pomegranate/
6543,HQD Cuvie Slick 6000 – Cola,HQD Cuvie Slick 6000,,29,AUD,false,true,simple,images/hqd-cuvie-slick-6000-cola.webp,https://aussievapemart.com.au/product/hqd-cuvie-slick-6000-cola/
6542,HQD Miracle 8000 – Black Dragon,HQD Miracle 8000 Puffs,,42,AUD,false,true,simple,images/hqd-miracle-8000-black-dragon.webp,https://aussievapemart.com.au/product/hqd-miracle-8000-black-dragon/
6541,HQD Miracle 8000 – Black Ice,HQD Miracle 8000 Puffs,,42,AUD,false,true,simple,images/hqd-miracle-8000-black-ice.webp,https://aussievapemart.com.au/product/hqd-miracle-8000-black-ice/
6540,HQD Miracle 8000 – Blackberry Pomegranate Cherry,HQD Miracle 8000 Puffs,,42,AUD,false,true,simple,images/hqd-miracle-8000-blackberry-pomegranate-cherry.webp,https://aussievapemart.com.au/product/hqd-miracle-8000-blackberry-pomegranate-cherry/
6539,HQD Miracle 8000 – Cherry Pomegranate,HQD Miracle 8000 Puffs,,42,AUD,false,true,simple,images/hqd-miracle-8000-cherry-pomegranate.webp,https://aussievapemart.com.au/product/hqd-miracle-8000-cherry-pomegranate/
6538,HQD Miracle 8000 – Double Apple,HQD Miracle 8000 Puffs,,42,AUD,false,true,simple,images/hqd-miracle-8000-double-apple.webp,https://aussievapemart.com.au/product/hqd-miracle-8000-double-apple/
6537,HQD Miracle 8000 – Grape,HQD Miracle 8000 Puffs,,42,AUD,false,true,simple,images/hqd-miracle-8000-grape.webp,https://aussievapemart.com.au/product/hqd-miracle-8000-grape/
6536,HQD Miracle 8000 – Mango Dragon,HQD Miracle 8000 Puffs,,42,AUD,false,true,simple,images/hqd-miracle-8000-mango-dragon.webp,https://aussievapemart.com.au/product/hqd-miracle-8000-mango-dragon/
6520,HQD Miracle 8000 – Passion Fruit Kiwi Guava,HQD Miracle 8000 Puffs,,42,AUD,false,true,simple,images/hqd-miracle-8000-passion-fruit-kiwi-guava.webp,https://aussievapemart.com.au/product/hqd-miracle-8000-passion-fruit-kiwi-guava/
6519,HQD Miracle 8000 – Passion Fruit Mango Lime,HQD Miracle 8000 Puffs,,42,AUD,false,true,simple,images/hqd-miracle-8000-passion-fruit-mango-lime.webp,https://aussievapemart.com.au/product/hqd-miracle-8000-passion-fruit-mango-lime/
6518,HQD Miracle 8000 – Raspberry Grape,HQD Miracle 8000 Puffs,,42,AUD,false,true,simple,images/hqd-miracle-8000-raspberry-grape.webp,https://aussievapemart.com.au/product/hqd-miracle-8000-raspberry-grape/
6517,HQD Miracle 8000 – Strawberry Raspberry,HQD Miracle 8000 Puffs,,42,AUD,false,true,simple,images/hqd-miracle-8000-strawberry-raspberry.webp,https://aussievapemart.com.au/product/hqd-miracle-8000-strawberry-raspberry/
6516,HQD Miracle 8000 – Strawberry Watermelon,HQD Miracle 8000 Puffs,,42,AUD,false,true,simple,images/hqd-miracle-8000-strawberry-watermelon.webp,https://aussievapemart.com.au/product/hqd-miracle-8000-strawberry-watermelon/
6515,GEEK BAR VAPE 9000 PUFF – STRAWBERRY BANANA,Geek Bar | PULSE 9000,,39.95,AUD,false,true,simple,images/geek-bar-vape-9000-puff-strawberry-banana-2.jpg,https://aussievapemart.com.au/product/geek-bar-vape-9000-puff-strawberry-banana-2/
6514,GEEK BAR VAPE 9000 PUFF – SOUR APPLE ICE,Geek Bar | PULSE 9000,,39.95,AUD,false,true,simple,images/geek-bar-vape-9000-puff-sour-apple-ice-2.jpg,https://aussievapemart.com.au/product/geek-bar-vape-9000-puff-sour-apple-ice-2/
6513,GEEK BAR VAPE 9000 PUFF – STRAWBERRY MANGO,Geek Bar | PULSE 9000,,39.95,AUD,false,true,simple,images/geek-bar-vape-9000-puff-strawberry-mango-2.jpg,https://aussievapemart.com.au/product/geek-bar-vape-9000-puff-strawberry-mango-2/
6512,GEEK BAR VAPE 9000 PUFF – WHITE GUMMY ICE,Geek Bar | PULSE 9000,,39.95,AUD,false,true,simple,images/geek-bar-vape-9000-puff-white-gummy-ice-2.jpg,https://aussievapemart.com.au/product/geek-bar-vape-9000-puff-white-gummy-ice-2/
6511,GEEK BAR VAPE 9000 PUFF – GRAPE BLOW POP,Geek Bar | PULSE 9000,,39.95,AUD,false,true,simple,images/geek-bar-vape-9000-puff-grape-blow-pop-2.jpg,https://aussievapemart.com.au/product/geek-bar-vape-9000-puff-grape-blow-pop-2/
6510,GEEK BAR VAPE 9000 PUFF – TROPICAL RAINBOW BLAST,Geek Bar | PULSE 9000,,39.95,AUD,false,true,simple,images/geek-bar-vape-9000-puff-tropical-rainbow-blast-2.jpg,https://aussievapemart.com.au/product/geek-bar-vape-9000-puff-tropical-rainbow-blast-2/
6509,GEEK BAR VAPE 9000 PUFF – MIAMI MINT,Geek Bar | PULSE 9000,,39.95,AUD,false,true,simple,images/geek-bar-vape-9000-puff-miami-mint-2.jpg,https://aussievapemart.com.au/product/geek-bar-vape-9000-puff-miami-mint-2/
6508,GEEK BAR VAPE 9000 PUFF – DRAGON MELON,Geek Bar | PULSE 9000,,39.95,AUD,false,true,simple,images/geek-bar-vape-9000-puff-dragon-melon-2.jpg,https://aussievapemart.com.au/product/geek-bar-vape-9000-puff-dragon-melon-2/
6494,GEEK BAR VAPE 9000 PUFF – BLUE RAZZ ICE,Geek Bar | PULSE 9000,,39.95,AUD,false,true,simple,images/geek-bar-vape-9000-puff-blue-razz-ice-2.jpg,https://aussievapemart.com.au/product/geek-bar-vape-9000-puff-blue-razz-ice-2/
6493,GEEK BAR VAPE 9000 PUFF – WATERMELON ICE,Geek Bar | PULSE 9000,,39.95,AUD,false,true,simple,images/geek-bar-vape-9000-puff-watermelon-ice-2.jpg,https://aussievapemart.com.au/product/geek-bar-vape-9000-puff-watermelon-ice-2/
6492,GEEK BAR VAPE 9000 PUFF – JUICY PEACH ICE,Geek Bar | PULSE 9000,,39.95,AUD,false,true,simple,images/geek-bar-vape-9000-puff-juicy-peach-ice-2.jpg,https://aussievapemart.com.au/product/geek-bar-vape-9000-puff-juicy-peach-ice-2/
6491,GEEK BAR VAPE 9000 PUFF – STRAWBERRY CC,Geek Bar | PULSE 9000,,39.95,AUD,false,true,simple,images/geek-bar-vape-9000-puff-strawberry-cc-2.jpg,https://aussievapemart.com.au/product/geek-bar-vape-9000-puff-strawberry-cc-2/
6490,GEEK BAR VAPE 9000 PUFF – CHERRY BOMB,Geek Bar | PULSE 9000,,39.95,AUD,false,true,simple,images/geek-bar-vape-9000-puff-cherry-bomb-2.jpg,https://aussievapemart.com.au/product/geek-bar-vape-9000-puff-cherry-bomb-2/
6489,GEEK BAR VAPE 9000 PUFF – BLUE MINT,Geek Bar | PULSE 9000,,39.95,AUD,false,true,simple,images/geek-bar-vape-9000-puff-blue-mint-2.jpg,https://aussievapemart.com.au/product/geek-bar-vape-9000-puff-blue-mint-2/
6488,GEEK BAR VAPE 9000 PUFF – MEXICO MANGO,Geek Bar | PULSE 9000,,39.95,AUD,false,true,simple,images/geek-bar-vape-9000-puff-mexico-mango-2.jpg,https://aussievapemart.com.au/product/geek-bar-vape-9000-puff-mexico-mango-2/
6487,GEEK BAR VAPE 9000 PUFF – STRAWBERRY BANANA,Geek Bar | PULSE 9000,,39.95,AUD,false,true,simple,images/geek-bar-vape-9000-puff-strawberry-banana.jpg,https://aussievapemart.com.au/product/geek-bar-vape-9000-puff-strawberry-banana/
6486,GEEK BAR VAPE 9000 PUFF – SOUR APPLE ICE,Geek Bar | PULSE 9000,,39.95,AUD,false,true,simple,images/geek-bar-vape-9000-puff-sour-apple-ice.jpg,https://aussievapemart.com.au/product/geek-bar-vape-9000-puff-sour-apple-ice/
6485,GEEK BAR VAPE 9000 PUFF – STRAWBERRY MANGO,Geek Bar | PULSE 9000,,39.95,AUD,false,true,simple,images/geek-bar-vape-9000-puff-strawberry-mango.jpg,https://aussievapemart.com.au/product/geek-bar-vape-9000-puff-strawberry-mango/
6484,GEEK BAR VAPE 9000 PUFF – WHITE GUMMY ICE,Geek Bar | PULSE 9000,,39.95,AUD,false,true,simple,images/geek-bar-vape-9000-puff-white-gummy-ice.jpg,https://aussievapemart.com.au/product/geek-bar-vape-9000-puff-white-gummy-ice/
6483,GEEK BAR VAPE 9000 PUFF – GRAPE BLOW POP,Geek Bar | PULSE 9000,,39.95,AUD,false,true,simple,images/geek-bar-vape-9000-puff-grape-blow-pop.jpg,https://aussievapemart.com.au/product/geek-bar-vape-9000-puff-grape-blow-pop/
6470,GEEK BAR VAPE 9000 PUFF – TROPICAL RAINBOW BLAST,Geek Bar | PULSE 9000,,39.95,AUD,false,true,simple,images/geek-bar-vape-9000-puff-tropical-rainbow-blast.jpg,https://aussievapemart.com.au/product/geek-bar-vape-9000-puff-tropical-rainbow-blast/
6469,GEEK BAR VAPE 9000 PUFF – MIAMI MINT,Geek Bar | PULSE 9000,,39.95,AUD,false,true,simple,images/geek-bar-vape-9000-puff-miami-mint.jpg,https://aussievapemart.com.au/product/geek-bar-vape-9000-puff-miami-mint/
6468,GEEK BAR VAPE 9000 PUFF – DRAGON MELON,Geek Bar | PULSE 9000,,39.95,AUD,false,true,simple,images/geek-bar-vape-9000-puff-dragon-melon.jpg,https://aussievapemart.com.au/product/geek-bar-vape-9000-puff-dragon-melon/
6467,GEEK BAR VAPE 9000 PUFF – BLUE RAZZ ICE,Geek Bar | PULSE 9000,,39.95,AUD,false,true,simple,images/geek-bar-vape-9000-puff-blue-razz-ice.jpg,https://aussievapemart.com.au/product/geek-bar-vape-9000-puff-blue-razz-ice/
6466,GEEK BAR VAPE 9000 PUFF – WATERMELON ICE,Geek Bar | PULSE 9000,,39.95,AUD,false,true,simple,images/geek-bar-vape-9000-puff-watermelon-ice.jpg,https://aussievapemart.com.au/product/geek-bar-vape-9000-puff-watermelon-ice/
6465,GEEK BAR VAPE 9000 PUFF – JUICY PEACH ICE,Geek Bar | PULSE 9000,,39.95,AUD,false,true,simple,images/geek-bar-vape-9000-puff-juicy-peach-ice.jpg,https://aussievapemart.com.au/product/geek-bar-vape-9000-puff-juicy-peach-ice/
6464,GEEK BAR VAPE 9000 PUFF – STRAWBERRY CC,Geek Bar | PULSE 9000,,39.95,AUD,false,true,simple,images/geek-bar-vape-9000-puff-strawberry-cc.jpg,https://aussievapemart.com.au/product/geek-bar-vape-9000-puff-strawberry-cc/
6463,GEEK BAR VAPE 9000 PUFF – CHERRY BOMB,Geek Bar | PULSE 9000,,39.95,AUD,false,true,simple,images/geek-bar-vape-9000-puff-cherry-bomb.jpg,https://aussievapemart.com.au/product/geek-bar-vape-9000-puff-cherry-bomb/
6462,GEEK BAR VAPE 9000 PUFF – BLUE MINT,Geek Bar | PULSE 9000,,39.95,AUD,false,true,simple,images/geek-bar-vape-9000-puff-blue-mint.jpg,https://aussievapemart.com.au/product/geek-bar-vape-9000-puff-blue-mint/
6461,GEEK BAR VAPE 9000 PUFF – MEXICO MANGO,Geek Bar | PULSE 9000,,39.95,AUD,false,true,simple,images/geek-bar-vape-9000-puff-mexico-mango.jpg,https://aussievapemart.com.au/product/geek-bar-vape-9000-puff-mexico-mango/
6460,Geek Bar Pulse X Platinum Edition Disposable Vape Device &#8211; Watermelon Ice,Geek Bar,,62.99,AUD,false,true,simple,images/geek-bar-pulse-x-platinum-edition-disposable-vape-device-watermelon-ice.jpg,https://aussievapemart.com.au/product/geek-bar-pulse-x-platinum-edition-disposable-vape-device-watermelon-ice/
6459,Geek Bar Pulse X Platinum Edition Disposable Vape Device &#8211; Tropical Orange Ice,Geek Bar,,62.99,AUD,false,true,simple,images/geek-bar-pulse-x-platinum-edition-disposable-vape-device-tropical-orange-ice.jpg,https://aussievapemart.com.au/product/geek-bar-pulse-x-platinum-edition-disposable-vape-device-tropical-orange-ice/
6446,Geek Bar Pulse X Platinum Edition Disposable Vape Device &#8211; Strawberry Twist Ice,Geek Bar,,62.99,AUD,false,true,simple,images/geek-bar-pulse-x-platinum-edition-disposable-vape-device-strawberry-twist-ice.jpg,https://aussievapemart.com.au/product/geek-bar-pulse-x-platinum-edition-disposable-vape-device-strawberry-twist-ice/
6445,Geek Bar Pulse X Platinum Edition Disposable Vape Device &#8211; Peach Berry Lime Ice,Geek Bar,,62.99,AUD,false,true,simple,images/geek-bar-pulse-x-platinum-edition-disposable-vape-device-peach-berry-lime-ice.jpg,https://aussievapemart.com.au/product/geek-bar-pulse-x-platinum-edition-disposable-vape-device-peach-berry-lime-ice/
6444,Geek Bar Pulse X Disposable Vape Device &#8211; Winter Berry Ice,Geek Bar,,36.99,AUD,false,true,simple,images/geek-bar-pulse-x-disposable-vape-device-winter-berry-ice.jpg,https://aussievapemart.com.au/product/geek-bar-pulse-x-disposable-vape-device-winter-berry-ice/
6443,Geek Bar Pulse X Disposable Vape Device &#8211; White Grape Ice,Geek Bar,,36.99,AUD,false,true,simple,images/geek-bar-pulse-x-disposable-vape-device-white-grape-ice.jpg,https://aussievapemart.com.au/product/geek-bar-pulse-x-disposable-vape-device-white-grape-ice/
6442,Geek Bar Pulse X Disposable Vape Device &#8211; Watermelon Ice,Geek Bar,,36.99,AUD,false,true,simple,images/geek-bar-pulse-x-disposable-vape-device-watermelon-ice.jpg,https://aussievapemart.com.au/product/geek-bar-pulse-x-disposable-vape-device-watermelon-ice/
6441,Geek Bar Pulse X Disposable Vape Device &#8211; Tropical Orange Ice,Geek Bar,,36.99,AUD,false,true,simple,images/geek-bar-pulse-x-disposable-vape-device-tropical-orange-ice.jpg,https://aussievapemart.com.au/product/geek-bar-pulse-x-disposable-vape-device-tropical-orange-ice/
6440,Geek Bar Pulse X Disposable Vape Device &#8211; Strawnana Orange Ice,Geek Bar,,36.99,AUD,false,true,simple,images/geek-bar-pulse-x-disposable-vape-device-strawnana-orange-ice.jpg,https://aussievapemart.com.au/product/geek-bar-pulse-x-disposable-vape-device-strawnana-orange-ice/
6439,Geek Bar Pulse X Disposable Vape Device &#8211; Strawberry Twist Ice,Geek Bar,,36.99,AUD,false,true,simple,images/geek-bar-pulse-x-disposable-vape-device-strawberry-twist-ice.jpg,https://aussievapemart.com.au/product/geek-bar-pulse-x-disposable-vape-device-strawberry-twist-ice/
6438,Geek Bar Pulse X Disposable Vape Device &#8211; Strawberry Kiwi,Geek Bar,,36.99,AUD,false,true,simple,images/geek-bar-pulse-x-disposable-vape-device-strawberry-kiwi.jpg,https://aussievapemart.com.au/product/geek-bar-pulse-x-disposable-vape-device-strawberry-kiwi/
6437,Geek Bar Pulse X Disposable Vape Device &#8211; Sour Strawberry Ice,Geek Bar,,36.99,AUD,false,true,simple,images/geek-bar-pulse-x-disposable-vape-device-sour-strawberry-ice.jpg,https://aussievapemart.com.au/product/geek-bar-pulse-x-disposable-vape-device-sour-strawberry-ice/
6436,Geek Bar Pulse X Disposable Vape Device &#8211; Sour Peach Ice,Geek Bar,,36.99,AUD,false,true,simple,images/geek-bar-pulse-x-disposable-vape-device-sour-peach-ice.jpg,https://aussievapemart.com.au/product/geek-bar-pulse-x-disposable-vape-device-sour-peach-ice/
6435,Geek Bar Pulse X Disposable Vape Device &#8211; Sour Blue Ice,Geek Bar,,36.99,AUD,false,true,simple,images/geek-bar-pulse-x-disposable-vape-device-sour-blue-ice.jpg,https://aussievapemart.com.au/product/geek-bar-pulse-x-disposable-vape-device-sour-blue-ice/
6434,Geek Bar Pulse X Disposable Vape Device &#8211; Root Ice,Geek Bar,,36.99,AUD,false,true,simple,images/geek-bar-pulse-x-disposable-vape-device-root-ice.jpg,https://aussievapemart.com.au/product/geek-bar-pulse-x-disposable-vape-device-root-ice/
6420,Geek Bar Pulse X Disposable Vape Device &#8211; Razz Mango Ice,Geek Bar,,36.99,AUD,false,true,simple,images/geek-bar-pulse-x-disposable-vape-device-razz-mango-ice.jpg,https://aussievapemart.com.au/product/geek-bar-pulse-x-disposable-vape-device-razz-mango-ice/
6419,Geek Bar Pulse X Disposable Vape Device &#8211; Raspberry Citrus Ice,Geek Bar,,36.99,AUD,false,true,simple,images/geek-bar-pulse-x-disposable-vape-device-raspberry-citrus-ice.jpg,https://aussievapemart.com.au/product/geek-bar-pulse-x-disposable-vape-device-raspberry-citrus-ice/
6418,Geek Bar Pulse X Disposable Vape Device &#8211; Peach Lemon Ice,Geek Bar,,36.99,AUD,false,true,simple,images/geek-bar-pulse-x-disposable-vape-device-peach-lemon-ice.jpg,https://aussievapemart.com.au/product/geek-bar-pulse-x-disposable-vape-device-peach-lemon-ice/
6417,Geek Bar Pulse X Disposable Vape Device &#8211; Peach Berry Lime Ice,Geek Bar,,36.99,AUD,false,true,simple,images/geek-bar-pulse-x-disposable-vape-device-peach-berry-lime-ice.jpg,https://aussievapemart.com.au/product/geek-bar-pulse-x-disposable-vape-device-peach-berry-lime-ice/
6416,Geek Bar Pulse X Disposable Vape Device &#8211; Miami Mint,Geek Bar,,36.99,AUD,false,true,simple,images/geek-bar-pulse-x-disposable-vape-device-miami-mint.jpg,https://aussievapemart.com.au/product/geek-bar-pulse-x-disposable-vape-device-miami-mint/
6415,Geek Bar Pulse X Disposable Vape Device &#8211; Mango Pineapple Ice,Geek Bar,,36.99,AUD,false,true,simple,images/geek-bar-pulse-x-disposable-vape-device-mango-pineapple-ice.jpg,https://aussievapemart.com.au/product/geek-bar-pulse-x-disposable-vape-device-mango-pineapple-ice/
6414,Geek Bar Pulse X Disposable Vape Device &#8211; Mango Peach Ice,Geek Bar,,36.99,AUD,false,true,simple,images/geek-bar-pulse-x-disposable-vape-device-mango-peach-ice.jpg,https://aussievapemart.com.au/product/geek-bar-pulse-x-disposable-vape-device-mango-peach-ice/
6413,Geek Bar Pulse X Disposable Vape Device &#8211; Looper,Geek Bar,,36.99,AUD,false,true,simple,images/geek-bar-pulse-x-disposable-vape-device-looper.jpg,https://aussievapemart.com.au/product/geek-bar-pulse-x-disposable-vape-device-looper/
6412,Geek Bar Pulse X Disposable Vape Device &#8211; Lime Berry Orange Ice,Geek Bar,,36.99,AUD,false,true,simple,images/geek-bar-pulse-x-disposable-vape-device-lime-berry-orange-ice.jpg,https://aussievapemart.com.au/product/geek-bar-pulse-x-disposable-vape-device-lime-berry-orange-ice/
6411,Geek Bar Pulse X Disposable Vape Device &#8211; Juicy Peach Ice,Geek Bar,,36.99,AUD,false,true,simple,images/geek-bar-pulse-x-disposable-vape-device-juicy-peach-ice.jpg,https://aussievapemart.com.au/product/geek-bar-pulse-x-disposable-vape-device-juicy-peach-ice/
6410,Geek Bar Pulse X Disposable Vape Device &#8211; Grapefruit Ice,Geek Bar,,36.99,AUD,false,true,simple,images/geek-bar-pulse-x-disposable-vape-device-grapefruit-ice.jpg,https://aussievapemart.com.au/product/geek-bar-pulse-x-disposable-vape-device-grapefruit-ice/
6409,Geek Bar Pulse X Disposable Vape Device &#8211; Coconut Ice,Geek Bar,,36.99,AUD,false,true,simple,images/geek-bar-pulse-x-disposable-vape-device-coconut-ice.jpg,https://aussievapemart.com.au/product/geek-bar-pulse-x-disposable-vape-device-coconut-ice/
6396,Geek Bar Pulse X Disposable Vape Device &#8211; Classic Ice,Geek Bar,,36.99,AUD,false,true,simple,images/geek-bar-pulse-x-disposable-vape-device-classic-ice.jpg,https://aussievapemart.com.au/product/geek-bar-pulse-x-disposable-vape-device-classic-ice/
6395,Geek Bar Pulse X Disposable Vape Device &#8211; Citrus Smash Ice,Geek Bar,,36.99,AUD,false,true,simple,images/geek-bar-pulse-x-disposable-vape-device-citrus-smash-ice.jpg,https://aussievapemart.com.au/product/geek-bar-pulse-x-disposable-vape-device-citrus-smash-ice/
6394,Geek Bar Pulse X Disposable Vape Device &#8211; Cherry Blast Ice,Geek Bar,,36.99,AUD,false,true,simple,images/geek-bar-pulse-x-disposable-vape-device-cherry-blast-ice.jpg,https://aussievapemart.com.au/product/geek-bar-pulse-x-disposable-vape-device-cherry-blast-ice/
6393,Geek Bar Pulse X Disposable Vape Device &#8211; Banana Ice,Geek Bar,,36.99,AUD,false,true,simple,images/geek-bar-pulse-x-disposable-vape-device-banana-ice.jpg,https://aussievapemart.com.au/product/geek-bar-pulse-x-disposable-vape-device-banana-ice/
6392,Geek Bar Pulse X Disposable Vape Device &#8211; Apple Kiwi Ice,Geek Bar,,36.99,AUD,false,true,simple,images/geek-bar-pulse-x-disposable-vape-device-apple-kiwi-ice.jpg,https://aussievapemart.com.au/product/geek-bar-pulse-x-disposable-vape-device-apple-kiwi-ice/
6391,Geek Bar Pulse Disposable Vape Device &#8211; White Grape Ice,Geek Bar,,31.99,AUD,false,true,simple,images/geek-bar-pulse-disposable-vape-device-white-grape-ice.jpg,https://aussievapemart.com.au/product/geek-bar-pulse-disposable-vape-device-white-grape-ice/
6390,Geek Bar Pulse Disposable Vape Device &#8211; Watermelon Ice,Geek Bar,,31.99,AUD,false,true,simple,images/geek-bar-pulse-disposable-vape-device-watermelon-ice.jpg,https://aussievapemart.com.au/product/geek-bar-pulse-disposable-vape-device-watermelon-ice/
6389,Geek Bar Pulse Disposable Vape Device &#8211; Tropical Mango Ice,Geek Bar,,31.99,AUD,false,true,simple,images/geek-bar-pulse-disposable-vape-device-tropical-mango-ice.jpg,https://aussievapemart.com.au/product/geek-bar-pulse-disposable-vape-device-tropical-mango-ice/
6388,Geek Bar Pulse Disposable Vape Device &#8211; Tropical Burst Ice,Geek Bar,,31.99,AUD,false,true,simple,images/geek-bar-pulse-disposable-vape-device-tropical-burst-ice.jpg,https://aussievapemart.com.au/product/geek-bar-pulse-disposable-vape-device-tropical-burst-ice/
6387,Geek Bar Pulse Disposable Vape Device &#8211; Strawberry Mango Ice,Geek Bar,,31.99,AUD,false,true,simple,images/geek-bar-pulse-disposable-vape-device-strawberry-mango-ice.jpg,https://aussievapemart.com.au/product/geek-bar-pulse-disposable-vape-device-strawberry-mango-ice/
6386,Geek Bar Pulse Disposable Vape Device &#8211; Punch Ice,Geek Bar,,31.99,AUD,false,true,simple,images/geek-bar-pulse-disposable-vape-device-punch-ice.jpg,https://aussievapemart.com.au/product/geek-bar-pulse-disposable-vape-device-punch-ice/
6385,Geek Bar Pulse Disposable Vape Device &#8211; Pink Lemon Ice,Geek Bar,,31.99,AUD,false,true,simple,images/geek-bar-pulse-disposable-vape-device-pink-lemon-ice.jpg,https://aussievapemart.com.au/product/geek-bar-pulse-disposable-vape-device-pink-lemon-ice/
6384,Geek Bar Pulse Disposable Vape Device &#8211; Pineapple Ice,Geek Bar,,31.99,AUD,false,true,simple,images/geek-bar-pulse-disposable-vape-device-pineapple-ice.jpg,https://aussievapemart.com.au/product/geek-bar-pulse-disposable-vape-device-pineapple-ice/
6383,Geek Bar Pulse Disposable Vape Device &#8211; Peach Passion Ice,Geek Bar,,31.99,AUD,false,true,simple,images/geek-bar-pulse-disposable-vape-device-peach-passion-ice.jpg,https://aussievapemart.com.au/product/geek-bar-pulse-disposable-vape-device-peach-passion-ice/
6368,Geek Bar Pulse Disposable Vape Device &#8211; Peach Nectarine Ice,Geek Bar,,31.99,AUD,false,true,simple,images/geek-bar-pulse-disposable-vape-device-peach-nectarine-ice.jpg,https://aussievapemart.com.au/product/geek-bar-pulse-disposable-vape-device-peach-nectarine-ice/
6367,Geek Bar Pulse Disposable Vape Device &#8211; Nectarine Ice,Geek Bar,,31.99,AUD,false,true,simple,images/geek-bar-pulse-disposable-vape-device-nectarine-ice.jpg,https://aussievapemart.com.au/product/geek-bar-pulse-disposable-vape-device-nectarine-ice/
6366,Geek Bar Pulse Disposable Vape Device &#8211; Juicy Peach Ice,Geek Bar,,31.99,AUD,false,true,simple,images/geek-bar-pulse-disposable-vape-device-juicy-peach-ice.jpg,https://aussievapemart.com.au/product/geek-bar-pulse-disposable-vape-device-juicy-peach-ice/
6365,Geek Bar Pulse Disposable Vape Device &#8211; Ice Blast,Geek Bar,,31.99,AUD,false,true,simple,images/geek-bar-pulse-disposable-vape-device-ice-blast.jpg,https://aussievapemart.com.au/product/geek-bar-pulse-disposable-vape-device-ice-blast/
6364,Geek Bar Pulse Disposable Vape Device &#8211; Green Apple Ice,Geek Bar,,31.99,AUD,false,true,simple,images/geek-bar-pulse-disposable-vape-device-green-apple-ice.jpg,https://aussievapemart.com.au/product/geek-bar-pulse-disposable-vape-device-green-apple-ice/
6363,Geek Bar Pulse Disposable Vape Device &#8211; Grape Honeydew Ice,Geek Bar,,31.99,AUD,false,true,simple,images/geek-bar-pulse-disposable-vape-device-grape-honeydew-ice.jpg,https://aussievapemart.com.au/product/geek-bar-pulse-disposable-vape-device-grape-honeydew-ice/
6362,Geek Bar Pulse Disposable Vape Device &#8211; Fuji Melon Ice,Geek Bar,,31.99,AUD,false,true,simple,images/geek-bar-pulse-disposable-vape-device-fuji-melon-ice.jpg,https://aussievapemart.com.au/product/geek-bar-pulse-disposable-vape-device-fuji-melon-ice/
6361,Geek Bar Pulse Disposable Vape Device &#8211; Dragon Melon Ice,Geek Bar,,31.99,AUD,false,true,simple,images/geek-bar-pulse-disposable-vape-device-dragon-melon-ice.jpg,https://aussievapemart.com.au/product/geek-bar-pulse-disposable-vape-device-dragon-melon-ice/
6360,Geek Bar Pulse Disposable Vape Device &#8211; Coconut Ice,Geek Bar,,31.99,AUD,false,true,simple,images/geek-bar-pulse-disposable-vape-device-coconut-ice.jpg,https://aussievapemart.com.au/product/geek-bar-pulse-disposable-vape-device-coconut-ice/
6359,Geek Bar Pulse Disposable Vape Device &#8211; Cherry Blast Ice,Geek Bar,,31.99,AUD,false,true,simple,images/geek-bar-pulse-disposable-vape-device-cherry-blast-ice.jpg,https://aussievapemart.com.au/product/geek-bar-pulse-disposable-vape-device-cherry-blast-ice/
6358,Geek Bar Pulse Disposable Vape Device &#8211; Berry Trio Ice,Geek Bar,,31.99,AUD,false,true,simple,images/geek-bar-pulse-disposable-vape-device-berry-trio-ice.jpg,https://aussievapemart.com.au/product/geek-bar-pulse-disposable-vape-device-berry-trio-ice/
6357,Geek Bar Digiflavour Lush Disposable Vape Device &#8211; White Freeze,Geek Bar,,36.99,AUD,false,true,simple,images/geek-bar-digiflavour-lush-disposable-vape-device-white-freeze.jpg,https://aussievapemart.com.au/product/geek-bar-digiflavour-lush-disposable-vape-device-white-freeze/
6356,Geek Bar Digiflavour Lush Disposable Vape Device &#8211; Raspberry Ice,Geek Bar,,36.99,AUD,false,true,simple,images/geek-bar-digiflavour-lush-disposable-vape-device-raspberry-ice.jpg,https://aussievapemart.com.au/product/geek-bar-digiflavour-lush-disposable-vape-device-raspberry-ice/
6355,Geek Bar Digiflavour Lush Disposable Vape Device &#8211; Polar Mint,Geek Bar,,36.99,AUD,false,true,simple,images/geek-bar-digiflavour-lush-disposable-vape-device-polar-mint.jpg,https://aussievapemart.com.au/product/geek-bar-digiflavour-lush-disposable-vape-device-polar-mint/
6354,Geek Bar Digiflavour Lush Disposable Vape Device &#8211; Lush Ice,Geek Bar,,36.99,AUD,false,true,simple,images/geek-bar-digiflavour-lush-disposable-vape-device-lush-ice.jpg,https://aussievapemart.com.au/product/geek-bar-digiflavour-lush-disposable-vape-device-lush-ice/
6353,Geek Bar Digiflavour Lush Disposable Vape Device &#8211; Juicy Peach Ice,Geek Bar,,36.99,AUD,false,true,simple,images/geek-bar-digiflavour-lush-disposable-vape-device-juicy-peach-ice.jpg,https://aussievapemart.com.au/product/geek-bar-digiflavour-lush-disposable-vape-device-juicy-peach-ice/
6352,Geek Bar Digiflavour Lush Disposable Vape Device &#8211; Green Apple Ice,Geek Bar,,36.99,AUD,false,true,simple,images/geek-bar-digiflavour-lush-disposable-vape-device-green-apple-ice.jpg,https://aussievapemart.com.au/product/geek-bar-digiflavour-lush-disposable-vape-device-green-apple-ice/
6351,Geek Bar Digiflavour Lush Disposable Vape Device &#8211; Cherry Blast Ice,Geek Bar,,36.99,AUD,false,true,simple,images/geek-bar-digiflavour-lush-disposable-vape-device-cherry-blast-ice.jpg,https://aussievapemart.com.au/product/geek-bar-digiflavour-lush-disposable-vape-device-cherry-blast-ice/
6350,Geek Bar Digiflavour Lush Disposable Vape Device &#8211; Blue Razz Lemon Ice,Geek Bar,,36.99,AUD,false,true,simple,images/geek-bar-digiflavour-lush-disposable-vape-device-blue-razz-lemon-ice.jpg,https://aussievapemart.com.au/product/geek-bar-digiflavour-lush-disposable-vape-device-blue-razz-lemon-ice/
6349,Geek Bar BRK E-Liquid Pod Pack &#8211; Winter Berry Ice,Geek Bar,,29.99,AUD,false,true,simple,images/geek-bar-brk-e-liquid-pod-pack-winter-berry-ice.jpg,https://aussievapemart.com.au/product/geek-bar-brk-e-liquid-pod-pack-winter-berry-ice/
6348,Geek Bar BRK E-Liquid Pod Pack &#8211; Tropical Mango Ice,Geek Bar,,29.99,AUD,false,true,simple,images/geek-bar-brk-e-liquid-pod-pack-tropical-mango-ice.jpg,https://aussievapemart.com.au/product/geek-bar-brk-e-liquid-pod-pack-tropical-mango-ice/
6347,Geek Bar BRK E-Liquid Pod Pack &#8211; Strawberry Freeze,Geek Bar,,29.99,AUD,false,true,simple,images/geek-bar-brk-e-liquid-pod-pack-strawberry-freeze.jpg,https://aussievapemart.com.au/product/geek-bar-brk-e-liquid-pod-pack-strawberry-freeze/
6346,Geek Bar BRK E-Liquid Pod Pack &#8211; Peach Berry Lime Ice,Geek Bar,,29.99,AUD,false,true,simple,images/geek-bar-brk-e-liquid-pod-pack-peach-berry-lime-ice.jpg,https://aussievapemart.com.au/product/geek-bar-brk-e-liquid-pod-pack-peach-berry-lime-ice/
6345,Geek Bar BRK E-Liquid Pod Pack &#8211; Miami Mint,Geek Bar,,29.99,AUD,false,true,simple,images/geek-bar-brk-e-liquid-pod-pack-miami-mint.jpg,https://aussievapemart.com.au/product/geek-bar-brk-e-liquid-pod-pack-miami-mint/
6344,Geek Bar BRK E-Liquid Pod Pack &#8211; Ice Blast,Geek Bar,,29.99,AUD,false,true,simple,images/geek-bar-brk-e-liquid-pod-pack-ice-blast.jpg,https://aussievapemart.com.au/product/geek-bar-brk-e-liquid-pod-pack-ice-blast/
6343,Geek Bar BRK E-Liquid Pod Pack &#8211; Coconut Ice,Geek Bar,,29.99,AUD,false,true,simple,images/geek-bar-brk-e-liquid-pod-pack-coconut-ice.jpg,https://aussievapemart.com.au/product/geek-bar-brk-e-liquid-pod-pack-coconut-ice/
6342,Geek Bar BRK E-Liquid Pod Pack &#8211; Cherry Blast Ice,Geek Bar,,29.99,AUD,false,true,simple,images/geek-bar-brk-e-liquid-pod-pack-cherry-blast-ice.jpg,https://aussievapemart.com.au/product/geek-bar-brk-e-liquid-pod-pack-cherry-blast-ice/
6341,Geek Bar BRK E-Liquid Pod Pack &#8211; Blue Razz Ice,Geek Bar,,29.99,AUD,false,true,simple,images/geek-bar-brk-e-liquid-pod-pack-blue-razz-ice.jpg,https://aussievapemart.com.au/product/geek-bar-brk-e-liquid-pod-pack-blue-razz-ice/
6340,Geek Bar BRK E-Liquid Pod Pack &#8211; Banana Ice,Geek Bar,,29.99,AUD,false,true,simple,images/geek-bar-brk-e-liquid-pod-pack-banana-ice.jpg,https://aussievapemart.com.au/product/geek-bar-brk-e-liquid-pod-pack-banana-ice/
6339,Geek Bar BRK Closed Pod Device,Geek Bar,,15.99,AUD,false,true,simple,images/geek-bar-brk-closed-pod-device.jpg,https://aussievapemart.com.au/product/geek-bar-brk-closed-pod-device/
6337,Nasty Multipack 3mg 10ml E-Liquids (70VG/30PG),70vg/30pg -E-Liquid | E-Liquid | WHOLESALE/BULK PRODUCTS,,50.81,AUD,true,true,simple,images/nasty-multipack-3mg-10ml-e-liquids-70vg-30pg-4.jpeg,https://aussievapemart.com.au/product/nasty-multipack-3mg-10ml-e-liquids-70vg-30pg-4/
6335,10x Fantasi Bar Juice | 50/50 Shortfill Bundle,70vg/30pg -E-Liquid | E-Liquid | WHOLESALE/BULK PRODUCTS,,123.51,AUD,true,true,simple,images/10x-fantasi-bar-juice-50-50-shortfill-bundle-4.jpeg,https://aussievapemart.com.au/product/10x-fantasi-bar-juice-50-50-shortfill-bundle-4/
6325,GEEK BAR VAPE 9000 PUFF – WHITE GUMMY ICE,Geek Bar | PULSE 9000,,39.95,AUD,false,true,simple,images/6x-fantasi-remix-70-30-shortfill-bundle-4.jpg,https://aussievapemart.com.au/product/6x-fantasi-remix-70-30-shortfill-bundle-4/
6324,GEEK BAR VAPE 9000 PUFF – GRAPE BLOW POP,Geek Bar | PULSE 9000,,39.95,AUD,false,true,simple,images/5x-desserts-ferocious-70-30-shortfill-bundle-9.jpg,https://aussievapemart.com.au/product/5x-desserts-ferocious-70-30-shortfill-bundle-9/
6323,GEEK BAR VAPE 9000 PUFF – TROPICAL RAINBOW BLAST,Geek Bar | PULSE 9000,,39.95,AUD,false,true,simple,images/5x-candy-sweets-ferocious-70-30-shortfill-bundle-9.jpg,https://aussievapemart.com.au/product/5x-candy-sweets-ferocious-70-30-shortfill-bundle-9/
6322,GEEK BAR VAPE 9000 PUFF – MIAMI MINT,Geek Bar | PULSE 9000,,39.95,AUD,false,true,simple,images/5x-50ml-fantasi-remix-bundle-70-30-e-liquid-bundle-4.jpg,https://aussievapemart.com.au/product/5x-50ml-fantasi-remix-bundle-70-30-e-liquid-bundle-4/
6321,GEEK BAR VAPE 9000 PUFF – DRAGON MELON,Geek Bar | PULSE 9000,,39.95,AUD,false,true,simple,images/50ml-fantasi-berries-ice-bundle-70-30-e-liquid-bundle-4.jpg,https://aussievapemart.com.au/product/50ml-fantasi-berries-ice-bundle-70-30-e-liquid-bundle-4/
6320,GEEK BAR VAPE 9000 PUFF – BLUE RAZZ ICE,Geek Bar | PULSE 9000,,39.95,AUD,false,true,simple,images/4x-berry-fantasi-70-30-shortfill-bundle-9.jpg,https://aussievapemart.com.au/product/4x-berry-fantasi-70-30-shortfill-bundle-9/
6319,GEEK BAR VAPE 9000 PUFF – WATERMELON ICE,Geek Bar | PULSE 9000,,39.95,AUD,false,true,simple,images/3x-fantasi-70-30-shortfill-bundle-9.jpg,https://aussievapemart.com.au/product/3x-fantasi-70-30-shortfill-bundle-9/
6318,GEEK BAR VAPE 9000 PUFF – JUICY PEACH ICE,Geek Bar | PULSE 9000,,39.95,AUD,false,true,simple,images/blueberry-raspberry-by-vapengin-e-liquid-2.jpg,https://aussievapemart.com.au/product/blueberry-raspberry-by-vapengin-e-liquid-2/
6317,GEEK BAR VAPE 9000 PUFF – STRAWBERRY CC,Geek Bar | PULSE 9000,,39.95,AUD,false,true,simple,images/tropical-by-vapengin-e-liquid-2.jpg,https://aussievapemart.com.au/product/tropical-by-vapengin-e-liquid-2/
6316,GEEK BAR VAPE 9000 PUFF – CHERRY BOMB,Geek Bar | PULSE 9000,,39.95,AUD,false,true,simple,images/blackberry-raspberry-by-vapengin-e-liquid-2.jpg,https://aussievapemart.com.au/product/blackberry-raspberry-by-vapengin-e-liquid-2/
6315,GEEK BAR VAPE 9000 PUFF – BLUE MINT,Geek Bar | PULSE 9000,,39.95,AUD,false,true,simple,images/raspberry-watermelon-by-vapengin-e-liquid-2.jpg,https://aussievapemart.com.au/product/raspberry-watermelon-by-vapengin-e-liquid-2/
6314,GEEK BAR VAPE 9000 PUFF – MEXICO MANGO,Geek Bar | PULSE 9000,,39.95,AUD,false,true,simple,images/sour-apple-by-vapengin-e-liquid-2.jpg,https://aussievapemart.com.au/product/sour-apple-by-vapengin-e-liquid-2/
6313,Raspberry Cherry by Vapengin E-Liquid,E-Liquid | VAPENGIN,,23,AUD,false,true,simple,images/raspberry-cherry-by-vapengin-e-liquid-2.jpeg,https://aussievapemart.com.au/product/raspberry-cherry-by-vapengin-e-liquid-2/
6312,Grape Peach by Vapengin E-Liquid,E-Liquid | VAPENGIN,,23,AUD,false,true,simple,images/grape-peach-by-vapengin-e-liquid-2.jpeg,https://aussievapemart.com.au/product/grape-peach-by-vapengin-e-liquid-2/
6311,Sweet Blackberry by Vapengin E-Liquid,E-Liquid | VAPENGIN,,23,AUD,false,true,simple,images/sweet-blackberry-by-vapengin-e-liquid-2.jpeg,https://aussievapemart.com.au/product/sweet-blackberry-by-vapengin-e-liquid-2/
6310,yCBG 2000mg CBG E-liquid 60ml,E-Liquid | WHOLESALE/BULK PRODUCTS,,129.82,AUD,true,true,simple,images/ycbg-2000mg-cbg-e-liquid-60ml.jpeg,https://aussievapemart.com.au/product/ycbg-2000mg-cbg-e-liquid-60ml/
6309,Nasty Multipack 3mg 10ml E-Liquids (70VG/30PG),70vg/30pg -E-Liquid | E-Liquid | WHOLESALE/BULK PRODUCTS,,50.81,AUD,true,true,simple,images/nasty-multipack-3mg-10ml-e-liquids-70vg-30pg-3.jpeg,https://aussievapemart.com.au/product/nasty-multipack-3mg-10ml-e-liquids-70vg-30pg-3/
6308,12mg Tens 50/50 10ml (50VG/50PG) – (Full Box) Pack Of 10,E-Liquid | WHOLESALE/BULK PRODUCTS,,74.69,AUD,true,true,simple,images/12mg-tens-50-50-10ml-50vg-50pg-full-box-pack-of-10.jpeg,https://aussievapemart.com.au/product/12mg-tens-50-50-10ml-50vg-50pg-full-box-pack-of-10/
6307,100ml Vape Juice &#038; 2000mg CBD,E-Liquid | WHOLESALE/BULK PRODUCTS,,62.04,AUD,false,true,simple,images/100ml-vape-juice-2000mg-cbd.jpeg,https://aussievapemart.com.au/product/100ml-vape-juice-2000mg-cbd/
6306,CBD Terpenes Vape Pack with GeekVape Wenax Q,DISPOSABLE VAPES | E-Liquid | Geek Bar | WHOLESALE/BULK PRODUCTS,,72.02,AUD,true,true,simple,images/cbd-terpenes-vape-pack-with-geekvape-wenax-q.jpeg,https://aussievapemart.com.au/product/cbd-terpenes-vape-pack-with-geekvape-wenax-q/
6305,Best Ferocious Fruit E-Liquids | 70/30 Bundle,E-Liquid | WHOLESALE/BULK PRODUCTS,,112.96,AUD,true,true,simple,images/best-ferocious-fruit-e-liquids-70-30-bundle.jpeg,https://aussievapemart.com.au/product/best-ferocious-fruit-e-liquids-70-30-bundle/
6304,10x Best Sellers Fantasi | 70/30 Shortfill Bundle,70vg/30pg -E-Liquid | E-Liquid | WHOLESALE/BULK PRODUCTS,,125.52,AUD,true,true,simple,images/10x-best-sellers-fantasi-70-30-shortfill-bundle-3.jpeg,https://aussievapemart.com.au/product/10x-best-sellers-fantasi-70-30-shortfill-bundle-3/
6302,10x XL Value Fantasi | 10ml Nic Salts Bundle,E-Liquid | WHOLESALE/BULK PRODUCTS,,41.91,AUD,true,true,simple,images/10x-xl-value-fantasi-10ml-nic-salts-bundle.jpeg,https://aussievapemart.com.au/product/10x-xl-value-fantasi-10ml-nic-salts-bundle/
6301,10x XL Value Fantasi | Bar Juice Salts Bundle,E-Liquid | WHOLESALE/BULK PRODUCTS,,41.91,AUD,true,true,simple,images/10x-xl-value-fantasi-bar-juice-salts-bundle.jpeg,https://aussievapemart.com.au/product/10x-xl-value-fantasi-bar-juice-salts-bundle/
6300,6x Fantasi Remix | 70/30 Shortfill Bundle,70vg/30pg -E-Liquid | E-Liquid | WHOLESALE/BULK PRODUCTS,,75.4,AUD,true,true,simple,images/6x-fantasi-remix-70-30-shortfill-bundle-3.jpeg,https://aussievapemart.com.au/product/6x-fantasi-remix-70-30-shortfill-bundle-3/
6299,5x Iced Flavours Fantasi | 50/50 Bundle,E-Liquid | WHOLESALE/BULK PRODUCTS,,67.49,AUD,true,true,simple,images/5x-iced-flavours-fantasi-50-50-bundle.jpeg,https://aussievapemart.com.au/product/5x-iced-flavours-fantasi-50-50-bundle/
6298,5x Desserts Ferocious | 70/30 Shortfill Bundle,70vg/30pg -E-Liquid | E-Liquid | Shortfill E-Liquid | WHOLESALE/BULK PRODUCTS,,65.48,AUD,true,true,simple,images/5x-desserts-ferocious-70-30-shortfill-bundle-8.jpeg,https://aussievapemart.com.au/product/5x-desserts-ferocious-70-30-shortfill-bundle-8/
6285,4x Berry Fantasi | 70/30 Shortfill Bundle,70vg/30pg -E-Liquid | E-Liquid | Shortfill E-Liquid | WHOLESALE/BULK PRODUCTS,,53.81,AUD,true,true,simple,images/4x-berry-fantasi-70-30-shortfill-bundle-8.jpeg,https://aussievapemart.com.au/product/4x-berry-fantasi-70-30-shortfill-bundle-8/
6284,3x Fantasi | 70/30 Shortfill Bundle,70vg/30pg -E-Liquid | E-Liquid | Shortfill E-Liquid | WHOLESALE/BULK PRODUCTS,,41.03,AUD,true,true,simple,images/3x-fantasi-70-30-shortfill-bundle-8.jpeg,https://aussievapemart.com.au/product/3x-fantasi-70-30-shortfill-bundle-8/
6283,Blueberry Raspberry by Vapengin E-Liquid,E-Liquid | VAPENGIN,,23,AUD,false,true,simple,images/blueberry-raspberry-by-vapengin-e-liquid.jpeg,https://aussievapemart.com.au/product/blueberry-raspberry-by-vapengin-e-liquid/
6282,Tropical by Vapengin E-Liquid,E-Liquid | VAPENGIN,,23,AUD,false,true,simple,images/tropical-by-vapengin-e-liquid.jpeg,https://aussievapemart.com.au/product/tropical-by-vapengin-e-liquid/
6281,Blackberry Raspberry by Vapengin E-Liquid,E-Liquid | VAPENGIN,,23,AUD,false,true,simple,images/blackberry-raspberry-by-vapengin-e-liquid.jpeg,https://aussievapemart.com.au/product/blackberry-raspberry-by-vapengin-e-liquid/
6280,Raspberry Watermelon by Vapengin E-Liquid,E-Liquid | VAPENGIN,,23,AUD,false,true,simple,images/raspberry-watermelon-by-vapengin-e-liquid.jpeg,https://aussievapemart.com.au/product/raspberry-watermelon-by-vapengin-e-liquid/
6279,Sour Apple by Vapengin E-Liquid,E-Liquid | VAPENGIN,,23,AUD,false,true,simple,images/sour-apple-by-vapengin-e-liquid.jpeg,https://aussievapemart.com.au/product/sour-apple-by-vapengin-e-liquid/
6278,Raspberry Cherry by Vapengin E-Liquid,E-Liquid | VAPENGIN,,23,AUD,false,true,simple,images/raspberry-cherry-by-vapengin-e-liquid.jpeg,https://aussievapemart.com.au/product/raspberry-cherry-by-vapengin-e-liquid/
6277,Grape Peach by Vapengin E-Liquid,E-Liquid | VAPENGIN,,23,AUD,false,true,simple,images/grape-peach-by-vapengin-e-liquid.jpeg,https://aussievapemart.com.au/product/grape-peach-by-vapengin-e-liquid/
6276,Sweet Blackberry by Vapengin E-Liquid,E-Liquid | VAPENGIN,,23,AUD,false,true,simple,images/sweet-blackberry-by-vapengin-e-liquid.jpeg,https://aussievapemart.com.au/product/sweet-blackberry-by-vapengin-e-liquid/
6275,5x Desserts Ferocious | 70/30 Shortfill Bundle,70vg/30pg -E-Liquid | E-Liquid | Shortfill E-Liquid | WHOLESALE/BULK PRODUCTS,,65.48,AUD,true,true,simple,images/5x-desserts-ferocious-70-30-shortfill-bundle-7.jpeg,https://aussievapemart.com.au/product/5x-desserts-ferocious-70-30-shortfill-bundle-7/
6274,5x Candy &#038; Sweets Ferocious | 70/30 Shortfill Bundle,70vg/30pg -E-Liquid | E-Liquid | Shortfill E-Liquid | WHOLESALE/BULK PRODUCTS,,65.48,AUD,true,true,simple,images/5x-candy-sweets-ferocious-70-30-shortfill-bundle-7.jpeg,https://aussievapemart.com.au/product/5x-candy-sweets-ferocious-70-30-shortfill-bundle-7/
6272,4x Berry Fantasi | 70/30 Shortfill Bundle,70vg/30pg -E-Liquid | E-Liquid | Shortfill E-Liquid | WHOLESALE/BULK PRODUCTS,,53.81,AUD,true,true,simple,images/4x-berry-fantasi-70-30-shortfill-bundle-7.jpeg,https://aussievapemart.com.au/product/4x-berry-fantasi-70-30-shortfill-bundle-7/
6270,Fantasi Ice E-Liquid(70/30)100ml  0 Nicotine,70vg/30pg -E-Liquid | E-Liquid | Shortfill E-Liquid,,20.04,AUD,false,true,simple,images/fantasi-ice-e-liquid70-30100ml-0-nicotine-6.jpeg,https://aussievapemart.com.au/product/fantasi-ice-e-liquid70-30100ml-0-nicotine-6/
6269,The Berry Bowl by Chubby Juice E -Liquid | 100ml Short Fill,70vg/30pg -E-Liquid | E-Liquid | Shortfill E-Liquid,,20.02,AUD,true,true,simple,images/the-berry-bowl-by-chubby-juice-e-liquid-100ml-short-fill-6.jpeg,https://aussievapemart.com.au/product/the-berry-bowl-by-chubby-juice-e-liquid-100ml-short-fill-6/
6266,Rhuberry by Chubby Juice E-Liquid | 100ml Short Fill,70vg/30pg -E-Liquid | E-Liquid | Shortfill E-Liquid,,20.02,AUD,true,true,simple,images/rhuberry-by-chubby-juice-e-liquid-100ml-short-fill-6.jpeg,https://aussievapemart.com.au/product/rhuberry-by-chubby-juice-e-liquid-100ml-short-fill-6/
6265,Apple Crumble &#038; Custard by Dripping Desserts E Liquid | 100ml Short Fill,70vg/30pg -E-Liquid | E-Liquid | Shortfill E-Liquid,,20.02,AUD,true,true,simple,images/apple-crumble-custard-by-dripping-desserts-e-liquid-100ml-short-fill-6.jpeg,https://aussievapemart.com.au/product/apple-crumble-custard-by-dripping-desserts-e-liquid-100ml-short-fill-6/
6264,Gingerbread Custard by Dripping Desserts E Liquid | 100ml Short Fill,70vg/30pg -E-Liquid | E-Liquid | Shortfill E-Liquid,,20.02,AUD,true,true,simple,images/gingerbread-custard-by-dripping-desserts-e-liquid-100ml-short-fill-6.jpeg,https://aussievapemart.com.au/product/gingerbread-custard-by-dripping-desserts-e-liquid-100ml-short-fill-6/
6263,Screwball by Chubby Treatz | 60ml Longfill,70vg/30pg -E-Liquid | E-Liquid | Shortfill E-Liquid,,19.92,AUD,false,true,simple,images/screwball-by-chubby-treatz-60ml-longfill-6.jpeg,https://aussievapemart.com.au/product/screwball-by-chubby-treatz-60ml-longfill-6/
6262,Lemon Drizzle by Chubby Treatz | 60ml Longfill,70vg/30pg -E-Liquid | E-Liquid | Shortfill E-Liquid,,19.92,AUD,false,true,simple,images/lemon-drizzle-by-chubby-treatz-60ml-longfill-6.jpeg,https://aussievapemart.com.au/product/lemon-drizzle-by-chubby-treatz-60ml-longfill-6/
6261,Gold Bar by Chubby Treatz | 60ml Longfill,70vg/30pg -E-Liquid | E-Liquid | Shortfill E-Liquid,,19.92,AUD,false,true,simple,images/gold-bar-by-chubby-treatz-60ml-longfill-6.jpeg,https://aussievapemart.com.au/product/gold-bar-by-chubby-treatz-60ml-longfill-6/
6259,Black Cherries Infused Tobacco | The Tobacconist by Cuttwood E Liquid | 100ml Short Fill,70vg/30pg -E-Liquid | E-Liquid | Shortfill E-Liquid,,26.58,AUD,true,true,simple,images/black-cherries-infused-tobacco-the-tobacconist-by-cuttwood-e-liquid-100ml-short-fill-6.jpeg,https://aussievapemart.com.au/product/black-cherries-infused-tobacco-the-tobacconist-by-cuttwood-e-liquid-100ml-short-fill-6/
6258,Caramel Infused Tobacco | The Tobacconist by Cuttwood E Liquid | 100ml Short Fill,70vg/30pg -E-Liquid | E-Liquid | Shortfill E-Liquid,,26.58,AUD,true,true,simple,images/caramel-infused-tobacco-the-tobacconist-by-cuttwood-e-liquid-100ml-short-fill-12.jpeg,https://aussievapemart.com.au/product/caramel-infused-tobacco-the-tobacconist-by-cuttwood-e-liquid-100ml-short-fill-12/
6256,Blueberry Infused Tobacco | The Tobacconist by Cuttwood E Liquid | 100ml Short Fill,70vg/30pg -E-Liquid | E-Liquid | Shortfill E-Liquid,,26.58,AUD,true,true,simple,images/blueberry-infused-tobacco-the-tobacconist-by-cuttwood-e-liquid-100ml-short-fill-6.jpeg,https://aussievapemart.com.au/product/blueberry-infused-tobacco-the-tobacconist-by-cuttwood-e-liquid-100ml-short-fill-6/
6254,AISU 50ml Shortfill – Green Apple,70vg/30pg -E-Liquid | E-Liquid | Shortfill E-Liquid,,24.02,AUD,false,true,simple,images/aisu-50ml-shortfill-green-apple-6.jpeg,https://aussievapemart.com.au/product/aisu-50ml-shortfill-green-apple-6/
6253,AISU 50ml Shortfill – Dragon Fruit,70vg/30pg -E-Liquid | E-Liquid | Shortfill E-Liquid,,24.02,AUD,false,true,simple,images/aisu-50ml-shortfill-dragon-fruit-6.jpeg,https://aussievapemart.com.au/product/aisu-50ml-shortfill-dragon-fruit-6/
6251,AISU 50ml Shortfill – Pink Guava,70vg/30pg -E-Liquid | E-Liquid | Shortfill E-Liquid,,24.02,AUD,false,true,simple,images/aisu-50ml-shortfill-pink-guava-6.jpeg,https://aussievapemart.com.au/product/aisu-50ml-shortfill-pink-guava-6/
6250,AISU 50ml Shortfill – Aloe Vera,70vg/30pg -E-Liquid | E-Liquid | Shortfill E-Liquid,,24.02,AUD,false,true,simple,images/aisu-50ml-shortfill-aloe-vera-6.jpeg,https://aussievapemart.com.au/product/aisu-50ml-shortfill-aloe-vera-6/
6249,Dinner Lady 50ml Shortfill – Tobacco Range – Caramel Tobacco,70vg/30pg -E-Liquid | E-Liquid | Shortfill E-Liquid,,24.02,AUD,false,true,simple,images/dinner-lady-50ml-shortfill-tobacco-range-caramel-tobacco-6.jpeg,https://aussievapemart.com.au/product/dinner-lady-50ml-shortfill-tobacco-range-caramel-tobacco-6/
6248,DINNER LADY 50ml Sweet Shortfill E-Liquid – Apple Sours,70vg/30pg -E-Liquid | E-Liquid | Shortfill E-Liquid,,24.02,AUD,false,true,simple,images/dinner-lady-50ml-sweet-shortfill-e-liquid-apple-sours-6.jpeg,https://aussievapemart.com.au/product/dinner-lady-50ml-sweet-shortfill-e-liquid-apple-sours-6/
6247,DINNER LADY 50ml Shortfill E-Liquid – Mango Tart,70vg/30pg -E-Liquid | E-Liquid | Shortfill E-Liquid,,24.02,AUD,false,true,simple,images/dinner-lady-50ml-shortfill-e-liquid-mango-tart-6.jpeg,https://aussievapemart.com.au/product/dinner-lady-50ml-shortfill-e-liquid-mango-tart-6/
6246,DINNER LADY 50ml Shortfill E-Liquid – Kiwi Melon – Fruit Flavours,70vg/30pg -E-Liquid | E-Liquid | Shortfill E-Liquid,,24.02,AUD,false,true,simple,images/dinner-lady-50ml-shortfill-e-liquid-kiwi-melon-fruit-flavours-6.jpeg,https://aussievapemart.com.au/product/dinner-lady-50ml-shortfill-e-liquid-kiwi-melon-fruit-flavours-6/
6245,DINNER LADY 50ml Shortfill E-Liquid – Cola Shades – Summer Holidays Series,70vg/30pg -E-Liquid | E-Liquid | Shortfill E-Liquid,,24.02,AUD,false,true,simple,images/dinner-lady-50ml-shortfill-e-liquid-cola-shades-summer-holidays-series-6.jpeg,https://aussievapemart.com.au/product/dinner-lady-50ml-shortfill-e-liquid-cola-shades-summer-holidays-series-6/
6244,Ossem Fusion – Nightshade – Vanilla Hazelnut Coffee 50ml,70vg/30pg -E-Liquid | E-Liquid | Shortfill E-Liquid,,24.85,AUD,false,true,simple,images/ossem-fusion-nightshade-vanilla-hazelnut-coffee-50ml-6.jpeg,https://aussievapemart.com.au/product/ossem-fusion-nightshade-vanilla-hazelnut-coffee-50ml-6/
6243,NASTY JUICE 50ML SHORTFILL – CUSH MAN SERIES – Mango Strawberry,70vg/30pg -E-Liquid | E-Liquid | Nasty Juice | Shortfill E-Liquid,,26.49,AUD,false,true,simple,images/nasty-juice-50ml-shortfill-cush-man-series-mango-strawberry-6.jpeg,https://aussievapemart.com.au/product/nasty-juice-50ml-shortfill-cush-man-series-mango-strawberry-6/
6242,NASTY JUICE 50ML SHORTFILL – CUSH MAN SERIES – Mango Banana,70vg/30pg -E-Liquid | E-Liquid | Nasty Juice | Shortfill E-Liquid,,24.49,AUD,false,true,simple,images/nasty-juice-50ml-shortfill-cush-man-series-mango-banana-6.jpeg,https://aussievapemart.com.au/product/nasty-juice-50ml-shortfill-cush-man-series-mango-banana-6/
6241,Witchcraft 50ml Shortfill – Forest Fruits,70vg/30pg -E-Liquid | E-Liquid | Shortfill E-Liquid,,26.49,AUD,false,true,simple,images/witchcraft-50ml-shortfill-forest-fruits-6.jpeg,https://aussievapemart.com.au/product/witchcraft-50ml-shortfill-forest-fruits-6/
6239,Nasty ModMate – Mango Ice 50ml Shortfill,70vg/30pg -E-Liquid | E-Liquid | Nasty Juice | Shortfill E-Liquid,,26.53,AUD,false,true,simple,images/nasty-modmate-mango-ice-50ml-shortfill-6.jpeg,https://aussievapemart.com.au/product/nasty-modmate-mango-ice-50ml-shortfill-6/
6238,Nasty ModMate – Peach Lemonade 50ml Shortfill,70vg/30pg -E-Liquid | E-Liquid | Nasty Juice | Shortfill E-Liquid,,26.53,AUD,false,true,simple,images/nasty-modmate-peach-lemonade-50ml-shortfill-6.jpeg,https://aussievapemart.com.au/product/nasty-modmate-peach-lemonade-50ml-shortfill-6/
6237,Nasty ModMate – Strawberry &#038; Kiwi 50ml Shortfill,70vg/30pg -E-Liquid | E-Liquid | Nasty Juice | Shortfill E-Liquid,,26.53,AUD,false,true,simple,images/nasty-modmate-strawberry-kiwi-50ml-shortfill-6.jpeg,https://aussievapemart.com.au/product/nasty-modmate-strawberry-kiwi-50ml-shortfill-6/
6236,Nasty ModMate – Watermelon Ice 50ml Shortfill,70vg/30pg -E-Liquid | E-Liquid | Nasty Juice | Shortfill E-Liquid,,26.53,AUD,false,true,simple,images/nasty-modmate-watermelon-ice-50ml-shortfill-6.jpeg,https://aussievapemart.com.au/product/nasty-modmate-watermelon-ice-50ml-shortfill-6/
6235,Nasty ModMate – Lychee 50ml Shortfill,70vg/30pg -E-Liquid | E-Liquid | Nasty Juice | Shortfill E-Liquid,,26.53,AUD,false,true,simple,images/nasty-modmate-lychee-50ml-shortfill-6.jpeg,https://aussievapemart.com.au/product/nasty-modmate-lychee-50ml-shortfill-6/
6234,NAKED 100 E-Liquid 50ml Shortfill – Brain Freeze,70vg/30pg -E-Liquid | E-Liquid | Shortfill E-Liquid,,28.16,AUD,false,true,simple,images/naked-100-e-liquid-50ml-shortfill-brain-freeze-6.jpeg,https://aussievapemart.com.au/product/naked-100-e-liquid-50ml-shortfill-brain-freeze-6/
6233,Kingston Sweet Candy Floss 120ml Shortfill 0mg (70VG/30PG),70vg/30pg -E-Liquid | E-Liquid | Shortfill E-Liquid,,27.84,AUD,true,true,simple,images/kingston-sweet-candy-floss-120ml-shortfill-0mg-70vg-30pg-6.jpeg,https://aussievapemart.com.au/product/kingston-sweet-candy-floss-120ml-shortfill-0mg-70vg-30pg-6/
6232,The Big Tasty Exotic 100ml Shortfill 0mg (70VG/30PG),70vg/30pg -E-Liquid | E-Liquid | Shortfill E-Liquid,,28.65,AUD,true,true,simple,images/the-big-tasty-exotic-100ml-shortfill-0mg-70vg-30pg-6.jpeg,https://aussievapemart.com.au/product/the-big-tasty-exotic-100ml-shortfill-0mg-70vg-30pg-6/
6231,Ultimate E-liquid Slushy By Ultimate Puff 100ml Shortfill 0mg (70VG/30PG),70vg/30pg -E-Liquid | E-Liquid | Shortfill E-Liquid,,40.32,AUD,true,true,simple,images/ultimate-e-liquid-slushy-by-ultimate-puff-100ml-shortfill-0mg-70vg-30pg-6.jpeg,https://aussievapemart.com.au/product/ultimate-e-liquid-slushy-by-ultimate-puff-100ml-shortfill-0mg-70vg-30pg-6/
6230,Kingston Cola 120ml Shortfill 0mg (70VG/30PG),70vg/30pg -E-Liquid | E-Liquid | Shortfill E-Liquid,,27.95,AUD,true,true,simple,images/kingston-cola-120ml-shortfill-0mg-70vg-30pg-6.jpeg,https://aussievapemart.com.au/product/kingston-cola-120ml-shortfill-0mg-70vg-30pg-6/
6229,Fizzy King 100ml Shortfill 0mg (70VG/30PG),70vg/30pg -E-Liquid | E-Liquid | Shortfill E-Liquid,,15.31,AUD,false,true,simple,images/fizzy-king-100ml-shortfill-0mg-70vg-30pg-6.jpeg,https://aussievapemart.com.au/product/fizzy-king-100ml-shortfill-0mg-70vg-30pg-6/
6228,Cookie King By Drip More 100ml Shortfill 0mg (70VG/30PG),70vg/30pg -E-Liquid | E-Liquid | Shortfill E-Liquid,,54.79,AUD,true,true,simple,images/cookie-king-by-drip-more-100ml-shortfill-0mg-70vg-30pg-6.jpeg,https://aussievapemart.com.au/product/cookie-king-by-drip-more-100ml-shortfill-0mg-70vg-30pg-6/
6226,5x Desserts Ferocious | 70/30 Shortfill Bundle,70vg/30pg -E-Liquid | E-Liquid | Shortfill E-Liquid | WHOLESALE/BULK PRODUCTS,,65.48,AUD,true,true,simple,images/5x-desserts-ferocious-70-30-shortfill-bundle-6.jpeg,https://aussievapemart.com.au/product/5x-desserts-ferocious-70-30-shortfill-bundle-6/
6224,4x Berry Fantasi | 70/30 Shortfill Bundle,70vg/30pg -E-Liquid | E-Liquid | Shortfill E-Liquid | WHOLESALE/BULK PRODUCTS,,53.81,AUD,true,true,simple,images/4x-berry-fantasi-70-30-shortfill-bundle-6.jpeg,https://aussievapemart.com.au/product/4x-berry-fantasi-70-30-shortfill-bundle-6/
6221,Grape E-Liquid 50ml (1500mg),E-Liquid | Supremecbd,,49.05,AUD,true,true,simple,images/grape-e-liquid-50ml-1500mg-6.jpeg,https://aussievapemart.com.au/product/grape-e-liquid-50ml-1500mg-6/
6220,Cosmic Candy E-Liquid 60ml (3000mg),E-Liquid | Supremecbd,,49.05,AUD,true,true,simple,images/cosmic-candy-e-liquid-60ml-3000mg-6.jpeg,https://aussievapemart.com.au/product/cosmic-candy-e-liquid-60ml-3000mg-6/
6219,Cherry Berry Ice E-Liquid 60ml (3000mg),E-Liquid | Supremecbd,,49.05,AUD,true,true,simple,images/cherry-berry-ice-e-liquid-60ml-3000mg-6.jpeg,https://aussievapemart.com.au/product/cherry-berry-ice-e-liquid-60ml-3000mg-6/
6218,Zesty Pink E-Liquid 60ml (3000mg),E-Liquid | Supremecbd,,49.05,AUD,true,true,simple,images/zesty-pink-e-liquid-60ml-3000mg-6.jpeg,https://aussievapemart.com.au/product/zesty-pink-e-liquid-60ml-3000mg-6/
6217,Fruit Punch E-Liquid 60ml (3000mg),E-Liquid | Supremecbd,,49.05,AUD,true,true,simple,images/fruit-punch-e-liquid-60ml-3000mg-6.jpeg,https://aussievapemart.com.au/product/fruit-punch-e-liquid-60ml-3000mg-6/
6216,Arctic Berry E-Liquid 60ml (3000mg),E-Liquid | Supremecbd,,49.05,AUD,true,true,simple,images/arctic-berry-e-liquid-60ml-3000mg-6.jpeg,https://aussievapemart.com.au/product/arctic-berry-e-liquid-60ml-3000mg-6/
6215,Spearmint Mint E-Liquid 60ml (3000mg),E-Liquid | Supremecbd,,49.05,AUD,true,true,simple,images/spearmint-mint-e-liquid-60ml-3000mg-6.jpeg,https://aussievapemart.com.au/product/spearmint-mint-e-liquid-60ml-3000mg-6/
6214,Sweet Strawberry E-Liquid 60ml (3000mg),E-Liquid | Supremecbd,,49.05,AUD,true,true,simple,images/sweet-strawberry-e-liquid-60ml-3000mg-6.jpeg,https://aussievapemart.com.au/product/sweet-strawberry-e-liquid-60ml-3000mg-6/
6213,Raspberry Pineapple E-Liquid 60ml (3000mg),E-Liquid | Supremecbd,,49.05,AUD,true,true,simple,images/raspberry-pineapple-e-liquid-60ml-3000mg-6.jpeg,https://aussievapemart.com.au/product/raspberry-pineapple-e-liquid-60ml-3000mg-6/
6212,Fantasi Ice E-Liquid(70/30)100ml  0 Nicotine,70vg/30pg -E-Liquid | E-Liquid | Shortfill E-Liquid,,20.04,AUD,false,true,simple,images/fantasi-ice-e-liquid70-30100ml-0-nicotine-5.jpeg,https://aussievapemart.com.au/product/fantasi-ice-e-liquid70-30100ml-0-nicotine-5/
6211,The Berry Bowl by Chubby Juice E -Liquid | 100ml Short Fill,70vg/30pg -E-Liquid | E-Liquid | Shortfill E-Liquid,,20.02,AUD,true,true,simple,images/the-berry-bowl-by-chubby-juice-e-liquid-100ml-short-fill-5.jpeg,https://aussievapemart.com.au/product/the-berry-bowl-by-chubby-juice-e-liquid-100ml-short-fill-5/
6208,Rhuberry by Chubby Juice E-Liquid | 100ml Short Fill,70vg/30pg -E-Liquid | E-Liquid | Shortfill E-Liquid,,20.02,AUD,true,true,simple,images/rhuberry-by-chubby-juice-e-liquid-100ml-short-fill-5.jpeg,https://aussievapemart.com.au/product/rhuberry-by-chubby-juice-e-liquid-100ml-short-fill-5/
6206,Gingerbread Custard by Dripping Desserts E Liquid | 100ml Short Fill,70vg/30pg -E-Liquid | E-Liquid | Shortfill E-Liquid,,20.02,AUD,true,true,simple,images/gingerbread-custard-by-dripping-desserts-e-liquid-100ml-short-fill-5.jpeg,https://aussievapemart.com.au/product/gingerbread-custard-by-dripping-desserts-e-liquid-100ml-short-fill-5/
6205,Screwball by Chubby Treatz | 60ml Longfill,70vg/30pg -E-Liquid | E-Liquid | Shortfill E-Liquid,,19.92,AUD,false,true,simple,images/screwball-by-chubby-treatz-60ml-longfill-5.jpeg,https://aussievapemart.com.au/product/screwball-by-chubby-treatz-60ml-longfill-5/
6204,Lemon Drizzle by Chubby Treatz | 60ml Longfill,70vg/30pg -E-Liquid | E-Liquid | Shortfill E-Liquid,,19.92,AUD,false,true,simple,images/lemon-drizzle-by-chubby-treatz-60ml-longfill-5.jpeg,https://aussievapemart.com.au/product/lemon-drizzle-by-chubby-treatz-60ml-longfill-5/
6203,Gold Bar by Chubby Treatz | 60ml Longfill,70vg/30pg -E-Liquid | E-Liquid | Shortfill E-Liquid,,19.92,AUD,false,true,simple,images/gold-bar-by-chubby-treatz-60ml-longfill-5.jpeg,https://aussievapemart.com.au/product/gold-bar-by-chubby-treatz-60ml-longfill-5/
6196,AISU 50ml Shortfill – Green Apple,70vg/30pg -E-Liquid | E-Liquid | Shortfill E-Liquid,,24.02,AUD,false,true,simple,images/aisu-50ml-shortfill-green-apple-5.jpeg,https://aussievapemart.com.au/product/aisu-50ml-shortfill-green-apple-5/
6195,AISU 50ml Shortfill – Dragon Fruit,70vg/30pg -E-Liquid | E-Liquid | Shortfill E-Liquid,,24.02,AUD,false,true,simple,images/aisu-50ml-shortfill-dragon-fruit-5.jpeg,https://aussievapemart.com.au/product/aisu-50ml-shortfill-dragon-fruit-5/
6193,AISU 50ml Shortfill – Pink Guava,70vg/30pg -E-Liquid | E-Liquid | Shortfill E-Liquid,,24.02,AUD,false,true,simple,images/aisu-50ml-shortfill-pink-guava-5.jpeg,https://aussievapemart.com.au/product/aisu-50ml-shortfill-pink-guava-5/
6191,Dinner Lady 50ml Shortfill – Tobacco Range – Smooth Tobacco,E-Liquid | Shortfill E-Liquid,,24.02,AUD,false,true,simple,images/dinner-lady-50ml-shortfill-tobacco-range-smooth-tobacco-2.jpeg,https://aussievapemart.com.au/product/dinner-lady-50ml-shortfill-tobacco-range-smooth-tobacco-2/
6190,Dinner Lady 50ml Shortfill – Tobacco Range – Cafe Tobacco,E-Liquid | Shortfill E-Liquid,,24.02,AUD,false,true,simple,images/dinner-lady-50ml-shortfill-tobacco-range-cafe-tobacco-2.jpeg,https://aussievapemart.com.au/product/dinner-lady-50ml-shortfill-tobacco-range-cafe-tobacco-2/
6189,Dinner Lady 50ml Shortfill – Tobacco Range – Caramel Tobacco,70vg/30pg -E-Liquid | E-Liquid | Shortfill E-Liquid,,24.02,AUD,false,true,simple,images/dinner-lady-50ml-shortfill-tobacco-range-caramel-tobacco-5.jpeg,https://aussievapemart.com.au/product/dinner-lady-50ml-shortfill-tobacco-range-caramel-tobacco-5/
6188,DINNER LADY 50ml Sweet Shortfill E-Liquid – Apple Sours,70vg/30pg -E-Liquid | E-Liquid | Shortfill E-Liquid,,24.02,AUD,false,true,simple,images/dinner-lady-50ml-sweet-shortfill-e-liquid-apple-sours-5.jpeg,https://aussievapemart.com.au/product/dinner-lady-50ml-sweet-shortfill-e-liquid-apple-sours-5/
6187,DINNER LADY 50ml Shortfill E-Liquid – Mango Tart,70vg/30pg -E-Liquid | E-Liquid | Shortfill E-Liquid,,24.02,AUD,false,true,simple,images/dinner-lady-50ml-shortfill-e-liquid-mango-tart-5.jpeg,https://aussievapemart.com.au/product/dinner-lady-50ml-shortfill-e-liquid-mango-tart-5/
6186,DINNER LADY 50ml Shortfill E-Liquid – Kiwi Melon – Fruit Flavours,70vg/30pg -E-Liquid | E-Liquid | Shortfill E-Liquid,,24.02,AUD,false,true,simple,images/dinner-lady-50ml-shortfill-e-liquid-kiwi-melon-fruit-flavours-5.jpeg,https://aussievapemart.com.au/product/dinner-lady-50ml-shortfill-e-liquid-kiwi-melon-fruit-flavours-5/
6185,DINNER LADY 50ml Shortfill E-Liquid – Cola Shades – Summer Holidays Series,70vg/30pg -E-Liquid | E-Liquid | Shortfill E-Liquid,,24.02,AUD,false,true,simple,images/dinner-lady-50ml-shortfill-e-liquid-cola-shades-summer-holidays-series-5.jpeg,https://aussievapemart.com.au/product/dinner-lady-50ml-shortfill-e-liquid-cola-shades-summer-holidays-series-5/
6184,Ossem Fusion – Nightshade – Vanilla Hazelnut Coffee 50ml,70vg/30pg -E-Liquid | E-Liquid | Shortfill E-Liquid,,24.85,AUD,false,true,simple,images/ossem-fusion-nightshade-vanilla-hazelnut-coffee-50ml-5.jpeg,https://aussievapemart.com.au/product/ossem-fusion-nightshade-vanilla-hazelnut-coffee-50ml-5/
6183,NASTY JUICE 50ML SHORTFILL – CUSH MAN SERIES – Mango Strawberry,70vg/30pg -E-Liquid | E-Liquid | Nasty Juice | Shortfill E-Liquid,,26.49,AUD,false,true,simple,images/nasty-juice-50ml-shortfill-cush-man-series-mango-strawberry-5.jpeg,https://aussievapemart.com.au/product/nasty-juice-50ml-shortfill-cush-man-series-mango-strawberry-5/
6182,NASTY JUICE 50ML SHORTFILL – CUSH MAN SERIES – Mango Banana,70vg/30pg -E-Liquid | E-Liquid | Nasty Juice | Shortfill E-Liquid,,24.49,AUD,false,true,simple,images/nasty-juice-50ml-shortfill-cush-man-series-mango-banana-5.jpeg,https://aussievapemart.com.au/product/nasty-juice-50ml-shortfill-cush-man-series-mango-banana-5/
6179,Nasty ModMate – Mango Ice 50ml Shortfill,70vg/30pg -E-Liquid | E-Liquid | Nasty Juice | Shortfill E-Liquid,,26.53,AUD,false,true,simple,images/nasty-modmate-mango-ice-50ml-shortfill-5.jpeg,https://aussievapemart.com.au/product/nasty-modmate-mango-ice-50ml-shortfill-5/
6178,Nasty ModMate – Peach Lemonade 50ml Shortfill,70vg/30pg -E-Liquid | E-Liquid | Nasty Juice | Shortfill E-Liquid,,26.53,AUD,false,true,simple,images/nasty-modmate-peach-lemonade-50ml-shortfill-5.jpeg,https://aussievapemart.com.au/product/nasty-modmate-peach-lemonade-50ml-shortfill-5/
6177,Nasty ModMate – Strawberry &#038; Kiwi 50ml Shortfill,70vg/30pg -E-Liquid | E-Liquid | Nasty Juice | Shortfill E-Liquid,,26.53,AUD,false,true,simple,images/nasty-modmate-strawberry-kiwi-50ml-shortfill-5.jpeg,https://aussievapemart.com.au/product/nasty-modmate-strawberry-kiwi-50ml-shortfill-5/
6176,Nasty ModMate – Watermelon Ice 50ml Shortfill,70vg/30pg -E-Liquid | E-Liquid | Nasty Juice | Shortfill E-Liquid,,26.53,AUD,false,true,simple,images/nasty-modmate-watermelon-ice-50ml-shortfill-5.jpeg,https://aussievapemart.com.au/product/nasty-modmate-watermelon-ice-50ml-shortfill-5/
6175,Nasty ModMate – Lychee 50ml Shortfill,70vg/30pg -E-Liquid | E-Liquid | Nasty Juice | Shortfill E-Liquid,,26.53,AUD,false,true,simple,images/nasty-modmate-lychee-50ml-shortfill-5.jpeg,https://aussievapemart.com.au/product/nasty-modmate-lychee-50ml-shortfill-5/
6174,NAKED 100 E-Liquid 50ml Shortfill – Brain Freeze,70vg/30pg -E-Liquid | E-Liquid | Shortfill E-Liquid,,28.16,AUD,false,true,simple,images/naked-100-e-liquid-50ml-shortfill-brain-freeze-5.jpeg,https://aussievapemart.com.au/product/naked-100-e-liquid-50ml-shortfill-brain-freeze-5/
6173,No Frills Collection Coffee Shop 80ml Shortfill 0mg (80VG/20PG),E-Liquid | Shortfill E-Liquid,,31.47,AUD,true,true,simple,images/no-frills-collection-coffee-shop-80ml-shortfill-0mg-80vg-20pg-2.jpeg,https://aussievapemart.com.au/product/no-frills-collection-coffee-shop-80ml-shortfill-0mg-80vg-20pg-2/
6172,Zombie Blood 100ml Shortfill 0mg (50VG/50PG),E-Liquid | Shortfill E-Liquid,,31.9,AUD,true,true,simple,images/zombie-blood-100ml-shortfill-0mg-50vg-50pg-2.jpeg,https://aussievapemart.com.au/product/zombie-blood-100ml-shortfill-0mg-50vg-50pg-2/
6171,Kingston Sweet Candy Floss 120ml Shortfill 0mg (70VG/30PG),70vg/30pg -E-Liquid | E-Liquid | Shortfill E-Liquid,,27.84,AUD,true,true,simple,images/kingston-sweet-candy-floss-120ml-shortfill-0mg-70vg-30pg-5.jpeg,https://aussievapemart.com.au/product/kingston-sweet-candy-floss-120ml-shortfill-0mg-70vg-30pg-5/
6170,The Big Tasty Exotic 100ml Shortfill 0mg (70VG/30PG),70vg/30pg -E-Liquid | E-Liquid | Shortfill E-Liquid,,28.65,AUD,true,true,simple,images/the-big-tasty-exotic-100ml-shortfill-0mg-70vg-30pg-5.jpeg,https://aussievapemart.com.au/product/the-big-tasty-exotic-100ml-shortfill-0mg-70vg-30pg-5/
6169,Ultimate E-liquid Slushy By Ultimate Puff 100ml Shortfill 0mg (70VG/30PG),70vg/30pg -E-Liquid | E-Liquid | Shortfill E-Liquid,,40.32,AUD,true,true,simple,images/ultimate-e-liquid-slushy-by-ultimate-puff-100ml-shortfill-0mg-70vg-30pg-5.jpeg,https://aussievapemart.com.au/product/ultimate-e-liquid-slushy-by-ultimate-puff-100ml-shortfill-0mg-70vg-30pg-5/
6168,Kingston Cola 120ml Shortfill 0mg (70VG/30PG),70vg/30pg -E-Liquid | E-Liquid | Shortfill E-Liquid,,27.95,AUD,true,true,simple,images/kingston-cola-120ml-shortfill-0mg-70vg-30pg-5.jpeg,https://aussievapemart.com.au/product/kingston-cola-120ml-shortfill-0mg-70vg-30pg-5/
6167,Fizzy King 100ml Shortfill 0mg (70VG/30PG),70vg/30pg -E-Liquid | E-Liquid | Shortfill E-Liquid,,15.31,AUD,false,true,simple,images/fizzy-king-100ml-shortfill-0mg-70vg-30pg-5.jpeg,https://aussievapemart.com.au/product/fizzy-king-100ml-shortfill-0mg-70vg-30pg-5/
6166,Killa Kandy 100ml Shortfill 0mg (80VG/20PG),E-Liquid | Shortfill E-Liquid,,31.45,AUD,true,true,simple,images/killa-kandy-100ml-shortfill-0mg-80vg-20pg-2.jpeg,https://aussievapemart.com.au/product/killa-kandy-100ml-shortfill-0mg-80vg-20pg-2/
6165,Cookie King By Drip More 100ml Shortfill 0mg (70VG/30PG),70vg/30pg -E-Liquid | E-Liquid | Shortfill E-Liquid,,54.79,AUD,true,true,simple,images/cookie-king-by-drip-more-100ml-shortfill-0mg-70vg-30pg-5.jpeg,https://aussievapemart.com.au/product/cookie-king-by-drip-more-100ml-shortfill-0mg-70vg-30pg-5/
6164,Grape E-Liquid 50ml (1500mg),E-Liquid | Supremecbd,,49.05,AUD,true,true,simple,images/grape-e-liquid-50ml-1500mg-5.jpeg,https://aussievapemart.com.au/product/grape-e-liquid-50ml-1500mg-5/
6163,Cosmic Candy E-Liquid 60ml (3000mg),E-Liquid | Supremecbd,,49.05,AUD,true,true,simple,images/cosmic-candy-e-liquid-60ml-3000mg-5.jpeg,https://aussievapemart.com.au/product/cosmic-candy-e-liquid-60ml-3000mg-5/
6160,Fruit Punch E-Liquid 60ml (3000mg),E-Liquid | Supremecbd,,49.05,AUD,true,true,simple,images/fruit-punch-e-liquid-60ml-3000mg-5.jpeg,https://aussievapemart.com.au/product/fruit-punch-e-liquid-60ml-3000mg-5/
6158,Spearmint Mint E-Liquid 60ml (3000mg),E-Liquid | Supremecbd,,49.05,AUD,true,true,simple,images/spearmint-mint-e-liquid-60ml-3000mg-5.jpeg,https://aussievapemart.com.au/product/spearmint-mint-e-liquid-60ml-3000mg-5/
6157,Sweet Strawberry E-Liquid 60ml (3000mg),E-Liquid | Supremecbd,,49.05,AUD,true,true,simple,images/sweet-strawberry-e-liquid-60ml-3000mg-5.jpeg,https://aussievapemart.com.au/product/sweet-strawberry-e-liquid-60ml-3000mg-5/
6156,Raspberry Pineapple E-Liquid 60ml (3000mg),E-Liquid | Supremecbd,,49.05,AUD,true,true,simple,images/raspberry-pineapple-e-liquid-60ml-3000mg-5.jpeg,https://aussievapemart.com.au/product/raspberry-pineapple-e-liquid-60ml-3000mg-5/
6154,5x Desserts Ferocious | 70/30 Shortfill Bundle,70vg/30pg -E-Liquid | E-Liquid | Shortfill E-Liquid | WHOLESALE/BULK PRODUCTS,,65.48,AUD,true,true,simple,images/5x-desserts-ferocious-70-30-shortfill-bundle-5.jpeg,https://aussievapemart.com.au/product/5x-desserts-ferocious-70-30-shortfill-bundle-5/
6152,4x Candy &#038; Sweets Ferocious | 50/50 Shortfill Bundle,E-Liquid | Shortfill E-Liquid | WHOLESALE/BULK PRODUCTS,,53.97,AUD,true,true,simple,images/4x-candy-sweets-ferocious-50-50-shortfill-bundle-2.jpeg,https://aussievapemart.com.au/product/4x-candy-sweets-ferocious-50-50-shortfill-bundle-2/
6151,4x Berry Fantasi | 70/30 Shortfill Bundle,70vg/30pg -E-Liquid | E-Liquid | Shortfill E-Liquid | WHOLESALE/BULK PRODUCTS,,53.81,AUD,true,true,simple,images/4x-berry-fantasi-70-30-shortfill-bundle-5.jpeg,https://aussievapemart.com.au/product/4x-berry-fantasi-70-30-shortfill-bundle-5/
6149,Fantasi Ice E-Liquid(70/30)100ml  0 Nicotine,70vg/30pg -E-Liquid | E-Liquid | Shortfill E-Liquid,,20.04,AUD,false,true,simple,images/fantasi-ice-e-liquid70-30100ml-0-nicotine-4.jpeg,https://aussievapemart.com.au/product/fantasi-ice-e-liquid70-30100ml-0-nicotine-4/
6148,The Berry Bowl by Chubby Juice E -Liquid | 100ml Short Fill,70vg/30pg -E-Liquid | E-Liquid | Shortfill E-Liquid,,20.02,AUD,true,true,simple,images/the-berry-bowl-by-chubby-juice-e-liquid-100ml-short-fill-4.jpeg,https://aussievapemart.com.au/product/the-berry-bowl-by-chubby-juice-e-liquid-100ml-short-fill-4/
6145,Rhuberry by Chubby Juice E-Liquid | 100ml Short Fill,70vg/30pg -E-Liquid | E-Liquid | Shortfill E-Liquid,,20.02,AUD,true,true,simple,images/rhuberry-by-chubby-juice-e-liquid-100ml-short-fill-4.jpeg,https://aussievapemart.com.au/product/rhuberry-by-chubby-juice-e-liquid-100ml-short-fill-4/
6143,Gingerbread Custard by Dripping Desserts E Liquid | 100ml Short Fill,70vg/30pg -E-Liquid | E-Liquid | Shortfill E-Liquid,,20.02,AUD,true,true,simple,images/gingerbread-custard-by-dripping-desserts-e-liquid-100ml-short-fill-4.jpeg,https://aussievapemart.com.au/product/gingerbread-custard-by-dripping-desserts-e-liquid-100ml-short-fill-4/
6142,Screwball by Chubby Treatz | 60ml Longfill,70vg/30pg -E-Liquid | E-Liquid | Shortfill E-Liquid,,19.92,AUD,false,true,simple,images/screwball-by-chubby-treatz-60ml-longfill-4.jpeg,https://aussievapemart.com.au/product/screwball-by-chubby-treatz-60ml-longfill-4/
6141,Lemon Drizzle by Chubby Treatz | 60ml Longfill,70vg/30pg -E-Liquid | E-Liquid | Shortfill E-Liquid,,19.92,AUD,false,true,simple,images/lemon-drizzle-by-chubby-treatz-60ml-longfill-4.jpeg,https://aussievapemart.com.au/product/lemon-drizzle-by-chubby-treatz-60ml-longfill-4/
6140,Gold Bar by Chubby Treatz | 60ml Longfill,70vg/30pg -E-Liquid | E-Liquid | Shortfill E-Liquid,,19.92,AUD,false,true,simple,images/gold-bar-by-chubby-treatz-60ml-longfill-4.jpeg,https://aussievapemart.com.au/product/gold-bar-by-chubby-treatz-60ml-longfill-4/
6129,AISU 50ml Shortfill – Green Apple,70vg/30pg -E-Liquid | E-Liquid | Shortfill E-Liquid,,24.02,AUD,false,true,simple,images/aisu-50ml-shortfill-green-apple-4.jpeg,https://aussievapemart.com.au/product/aisu-50ml-shortfill-green-apple-4/
6128,AISU 50ml Shortfill – Dragon Fruit,70vg/30pg -E-Liquid | E-Liquid | Shortfill E-Liquid,,24.02,AUD,false,true,simple,images/aisu-50ml-shortfill-dragon-fruit-4.jpeg,https://aussievapemart.com.au/product/aisu-50ml-shortfill-dragon-fruit-4/
6126,AISU 50ml Shortfill – Pink Guava,70vg/30pg -E-Liquid | E-Liquid | Shortfill E-Liquid,,24.02,AUD,false,true,simple,images/aisu-50ml-shortfill-pink-guava-4.jpeg,https://aussievapemart.com.au/product/aisu-50ml-shortfill-pink-guava-4/
6124,Dinner Lady 50ml Shortfill – Tobacco Range – Smooth Tobacco,E-Liquid | Shortfill E-Liquid,,24.02,AUD,false,true,simple,images/dinner-lady-50ml-shortfill-tobacco-range-smooth-tobacco.jpeg,https://aussievapemart.com.au/product/dinner-lady-50ml-shortfill-tobacco-range-smooth-tobacco/
6123,Dinner Lady 50ml Shortfill – Tobacco Range – Cafe Tobacco,E-Liquid | Shortfill E-Liquid,,24.02,AUD,false,true,simple,images/dinner-lady-50ml-shortfill-tobacco-range-cafe-tobacco.jpeg,https://aussievapemart.com.au/product/dinner-lady-50ml-shortfill-tobacco-range-cafe-tobacco/
6122,Dinner Lady 50ml Shortfill – Tobacco Range – Caramel Tobacco,70vg/30pg -E-Liquid | E-Liquid | Shortfill E-Liquid,,24.02,AUD,false,true,simple,images/dinner-lady-50ml-shortfill-tobacco-range-caramel-tobacco-4.jpeg,https://aussievapemart.com.au/product/dinner-lady-50ml-shortfill-tobacco-range-caramel-tobacco-4/
6121,DINNER LADY 50ml Sweet Shortfill E-Liquid – Apple Sours,70vg/30pg -E-Liquid | E-Liquid | Shortfill E-Liquid,,24.02,AUD,false,true,simple,images/dinner-lady-50ml-sweet-shortfill-e-liquid-apple-sours-4.jpeg,https://aussievapemart.com.au/product/dinner-lady-50ml-sweet-shortfill-e-liquid-apple-sours-4/
6120,DINNER LADY 50ml Shortfill E-Liquid – Mango Tart,70vg/30pg -E-Liquid | E-Liquid | Shortfill E-Liquid,,24.02,AUD,false,true,simple,images/dinner-lady-50ml-shortfill-e-liquid-mango-tart-4.jpeg,https://aussievapemart.com.au/product/dinner-lady-50ml-shortfill-e-liquid-mango-tart-4/
6119,DINNER LADY 50ml Shortfill E-Liquid – Kiwi Melon – Fruit Flavours,70vg/30pg -E-Liquid | E-Liquid | Shortfill E-Liquid,,24.02,AUD,false,true,simple,images/dinner-lady-50ml-shortfill-e-liquid-kiwi-melon-fruit-flavours-4.jpeg,https://aussievapemart.com.au/product/dinner-lady-50ml-shortfill-e-liquid-kiwi-melon-fruit-flavours-4/
6118,DINNER LADY 50ml Shortfill E-Liquid – Cola Shades – Summer Holidays Series,70vg/30pg -E-Liquid | E-Liquid | Shortfill E-Liquid,,24.02,AUD,false,true,simple,images/dinner-lady-50ml-shortfill-e-liquid-cola-shades-summer-holidays-series-4.jpeg,https://aussievapemart.com.au/product/dinner-lady-50ml-shortfill-e-liquid-cola-shades-summer-holidays-series-4/
6117,Ossem Fusion – Nightshade – Vanilla Hazelnut Coffee 50ml,70vg/30pg -E-Liquid | E-Liquid | Shortfill E-Liquid,,24.85,AUD,false,true,simple,images/ossem-fusion-nightshade-vanilla-hazelnut-coffee-50ml-4.jpeg,https://aussievapemart.com.au/product/ossem-fusion-nightshade-vanilla-hazelnut-coffee-50ml-4/
6116,NASTY JUICE 50ML SHORTFILL – CUSH MAN SERIES – Mango Strawberry,70vg/30pg -E-Liquid | E-Liquid | Nasty Juice | Shortfill E-Liquid,,26.49,AUD,false,true,simple,images/nasty-juice-50ml-shortfill-cush-man-series-mango-strawberry-4.jpeg,https://aussievapemart.com.au/product/nasty-juice-50ml-shortfill-cush-man-series-mango-strawberry-4/
6115,NASTY JUICE 50ML SHORTFILL – CUSH MAN SERIES – Mango Banana,70vg/30pg -E-Liquid | E-Liquid | Nasty Juice | Shortfill E-Liquid,,24.49,AUD,false,true,simple,images/nasty-juice-50ml-shortfill-cush-man-series-mango-banana-4.jpeg,https://aussievapemart.com.au/product/nasty-juice-50ml-shortfill-cush-man-series-mango-banana-4/
6112,Nasty ModMate – Mango Ice 50ml Shortfill,70vg/30pg -E-Liquid | E-Liquid | Nasty Juice | Shortfill E-Liquid,,26.53,AUD,false,true,simple,images/nasty-modmate-mango-ice-50ml-shortfill-4.jpeg,https://aussievapemart.com.au/product/nasty-modmate-mango-ice-50ml-shortfill-4/
6111,Nasty ModMate – Peach Lemonade 50ml Shortfill,70vg/30pg -E-Liquid | E-Liquid | Nasty Juice | Shortfill E-Liquid,,26.53,AUD,false,true,simple,images/nasty-modmate-peach-lemonade-50ml-shortfill-4.jpeg,https://aussievapemart.com.au/product/nasty-modmate-peach-lemonade-50ml-shortfill-4/
6110,Nasty ModMate – Strawberry &#038; Kiwi 50ml Shortfill,70vg/30pg -E-Liquid | E-Liquid | Nasty Juice | Shortfill E-Liquid,,26.53,AUD,false,true,simple,images/nasty-modmate-strawberry-kiwi-50ml-shortfill-4.jpeg,https://aussievapemart.com.au/product/nasty-modmate-strawberry-kiwi-50ml-shortfill-4/
6109,Nasty ModMate – Watermelon Ice 50ml Shortfill,70vg/30pg -E-Liquid | E-Liquid | Nasty Juice | Shortfill E-Liquid,,26.53,AUD,false,true,simple,images/nasty-modmate-watermelon-ice-50ml-shortfill-4.jpeg,https://aussievapemart.com.au/product/nasty-modmate-watermelon-ice-50ml-shortfill-4/
6108,Nasty ModMate – Lychee 50ml Shortfill,70vg/30pg -E-Liquid | E-Liquid | Nasty Juice | Shortfill E-Liquid,,26.53,AUD,false,true,simple,images/nasty-modmate-lychee-50ml-shortfill-4.jpeg,https://aussievapemart.com.au/product/nasty-modmate-lychee-50ml-shortfill-4/
6107,NAKED 100 E-Liquid 50ml Shortfill – Brain Freeze,70vg/30pg -E-Liquid | E-Liquid | Shortfill E-Liquid,,28.16,AUD,false,true,simple,images/naked-100-e-liquid-50ml-shortfill-brain-freeze-4.jpeg,https://aussievapemart.com.au/product/naked-100-e-liquid-50ml-shortfill-brain-freeze-4/
6106,No Frills Collection Coffee Shop 80ml Shortfill 0mg (80VG/20PG),E-Liquid | Shortfill E-Liquid,,31.47,AUD,true,true,simple,images/no-frills-collection-coffee-shop-80ml-shortfill-0mg-80vg-20pg.jpeg,https://aussievapemart.com.au/product/no-frills-collection-coffee-shop-80ml-shortfill-0mg-80vg-20pg/
6105,Zombie Blood 100ml Shortfill 0mg (50VG/50PG),E-Liquid | Shortfill E-Liquid,,31.9,AUD,true,true,simple,images/zombie-blood-100ml-shortfill-0mg-50vg-50pg.jpeg,https://aussievapemart.com.au/product/zombie-blood-100ml-shortfill-0mg-50vg-50pg/
6104,Kingston Sweet Candy Floss 120ml Shortfill 0mg (70VG/30PG),70vg/30pg -E-Liquid | E-Liquid | Shortfill E-Liquid,,27.84,AUD,true,true,simple,images/kingston-sweet-candy-floss-120ml-shortfill-0mg-70vg-30pg-4.jpeg,https://aussievapemart.com.au/product/kingston-sweet-candy-floss-120ml-shortfill-0mg-70vg-30pg-4/
6101,The Big Tasty Exotic 100ml Shortfill 0mg (70VG/30PG),70vg/30pg -E-Liquid | E-Liquid | Shortfill E-Liquid,,28.65,AUD,true,true,simple,images/the-big-tasty-exotic-100ml-shortfill-0mg-70vg-30pg-4.jpeg,https://aussievapemart.com.au/product/the-big-tasty-exotic-100ml-shortfill-0mg-70vg-30pg-4/
6100,Ultimate E-liquid Slushy By Ultimate Puff 100ml Shortfill 0mg (70VG/30PG),70vg/30pg -E-Liquid | E-Liquid | Shortfill E-Liquid,,40.32,AUD,true,true,simple,images/ultimate-e-liquid-slushy-by-ultimate-puff-100ml-shortfill-0mg-70vg-30pg-4.jpeg,https://aussievapemart.com.au/product/ultimate-e-liquid-slushy-by-ultimate-puff-100ml-shortfill-0mg-70vg-30pg-4/
6099,Kingston Cola 120ml Shortfill 0mg (70VG/30PG),70vg/30pg -E-Liquid | E-Liquid | Shortfill E-Liquid,,27.95,AUD,true,true,simple,images/kingston-cola-120ml-shortfill-0mg-70vg-30pg-4.jpeg,https://aussievapemart.com.au/product/kingston-cola-120ml-shortfill-0mg-70vg-30pg-4/
6098,Fizzy King 100ml Shortfill 0mg (70VG/30PG),70vg/30pg -E-Liquid | E-Liquid | Shortfill E-Liquid,,15.31,AUD,false,true,simple,images/fizzy-king-100ml-shortfill-0mg-70vg-30pg-4.jpeg,https://aussievapemart.com.au/product/fizzy-king-100ml-shortfill-0mg-70vg-30pg-4/
6097,Killa Kandy 100ml Shortfill 0mg (80VG/20PG),E-Liquid | Shortfill E-Liquid,,31.45,AUD,true,true,simple,images/killa-kandy-100ml-shortfill-0mg-80vg-20pg.jpeg,https://aussievapemart.com.au/product/killa-kandy-100ml-shortfill-0mg-80vg-20pg/
6096,Cookie King By Drip More 100ml Shortfill 0mg (70VG/30PG),70vg/30pg -E-Liquid | E-Liquid | Shortfill E-Liquid,,54.79,AUD,true,true,simple,images/cookie-king-by-drip-more-100ml-shortfill-0mg-70vg-30pg-4.jpeg,https://aussievapemart.com.au/product/cookie-king-by-drip-more-100ml-shortfill-0mg-70vg-30pg-4/
6095,Grape E-Liquid 50ml (1500mg),E-Liquid | Supremecbd,,49.05,AUD,true,true,simple,images/grape-e-liquid-50ml-1500mg-4.jpeg,https://aussievapemart.com.au/product/grape-e-liquid-50ml-1500mg-4/
6094,Cosmic Candy E-Liquid 60ml (3000mg),E-Liquid | Supremecbd,,49.05,AUD,true,true,simple,images/cosmic-candy-e-liquid-60ml-3000mg-4.jpeg,https://aussievapemart.com.au/product/cosmic-candy-e-liquid-60ml-3000mg-4/
6091,Fruit Punch E-Liquid 60ml (3000mg),E-Liquid | Supremecbd,,49.05,AUD,true,true,simple,images/fruit-punch-e-liquid-60ml-3000mg-4.jpeg,https://aussievapemart.com.au/product/fruit-punch-e-liquid-60ml-3000mg-4/
6089,Spearmint Mint E-Liquid 60ml (3000mg),E-Liquid | Supremecbd,,49.05,AUD,true,true,simple,images/spearmint-mint-e-liquid-60ml-3000mg-4.jpeg,https://aussievapemart.com.au/product/spearmint-mint-e-liquid-60ml-3000mg-4/
6088,Sweet Strawberry E-Liquid 60ml (3000mg),E-Liquid | Supremecbd,,49.05,AUD,true,true,simple,images/sweet-strawberry-e-liquid-60ml-3000mg-4.jpeg,https://aussievapemart.com.au/product/sweet-strawberry-e-liquid-60ml-3000mg-4/
6087,Raspberry Pineapple E-Liquid 60ml (3000mg),E-Liquid | Supremecbd,,49.05,AUD,true,true,simple,images/raspberry-pineapple-e-liquid-60ml-3000mg-4.jpeg,https://aussievapemart.com.au/product/raspberry-pineapple-e-liquid-60ml-3000mg-4/
6085,5x Desserts Ferocious | 70/30 Shortfill Bundle,70vg/30pg -E-Liquid | E-Liquid | Shortfill E-Liquid | WHOLESALE/BULK PRODUCTS,,65.48,AUD,true,true,simple,images/5x-desserts-ferocious-70-30-shortfill-bundle-4.jpeg,https://aussievapemart.com.au/product/5x-desserts-ferocious-70-30-shortfill-bundle-4/
6082,4x Berry Fantasi | 70/30 Shortfill Bundle,70vg/30pg -E-Liquid | E-Liquid | Shortfill E-Liquid | WHOLESALE/BULK PRODUCTS,,53.81,AUD,true,true,simple,images/4x-berry-fantasi-70-30-shortfill-bundle-4.jpeg,https://aussievapemart.com.au/product/4x-berry-fantasi-70-30-shortfill-bundle-4/
6080,Fantasi Ice E-Liquid(70/30)100ml  0 Nicotine,70vg/30pg -E-Liquid | E-Liquid | Shortfill E-Liquid,,20.04,AUD,false,true,simple,images/fantasi-ice-e-liquid70-30100ml-0-nicotine-3.jpeg,https://aussievapemart.com.au/product/fantasi-ice-e-liquid70-30100ml-0-nicotine-3/
6079,The Berry Bowl by Chubby Juice E -Liquid | 100ml Short Fill,70vg/30pg -E-Liquid | E-Liquid | Shortfill E-Liquid,,20.02,AUD,true,true,simple,images/the-berry-bowl-by-chubby-juice-e-liquid-100ml-short-fill-3.jpeg,https://aussievapemart.com.au/product/the-berry-bowl-by-chubby-juice-e-liquid-100ml-short-fill-3/
6076,Rhuberry by Chubby Juice E-Liquid | 100ml Short Fill,70vg/30pg -E-Liquid | E-Liquid | Shortfill E-Liquid,,20.02,AUD,true,true,simple,images/rhuberry-by-chubby-juice-e-liquid-100ml-short-fill-3.jpeg,https://aussievapemart.com.au/product/rhuberry-by-chubby-juice-e-liquid-100ml-short-fill-3/
6074,Gingerbread Custard by Dripping Desserts E Liquid | 100ml Short Fill,70vg/30pg -E-Liquid | E-Liquid | Shortfill E-Liquid,,20.02,AUD,true,true,simple,images/gingerbread-custard-by-dripping-desserts-e-liquid-100ml-short-fill-3.jpeg,https://aussievapemart.com.au/product/gingerbread-custard-by-dripping-desserts-e-liquid-100ml-short-fill-3/
6073,Screwball by Chubby Treatz | 60ml Longfill,70vg/30pg -E-Liquid | E-Liquid | Shortfill E-Liquid,,19.92,AUD,false,true,simple,images/screwball-by-chubby-treatz-60ml-longfill-3.jpeg,https://aussievapemart.com.au/product/screwball-by-chubby-treatz-60ml-longfill-3/
6072,Lemon Drizzle by Chubby Treatz | 60ml Longfill,70vg/30pg -E-Liquid | E-Liquid | Shortfill E-Liquid,,19.92,AUD,false,true,simple,images/lemon-drizzle-by-chubby-treatz-60ml-longfill-3.jpeg,https://aussievapemart.com.au/product/lemon-drizzle-by-chubby-treatz-60ml-longfill-3/
6071,Gold Bar by Chubby Treatz | 60ml Longfill,70vg/30pg -E-Liquid | E-Liquid | Shortfill E-Liquid,,19.92,AUD,false,true,simple,images/gold-bar-by-chubby-treatz-60ml-longfill-3.jpeg,https://aussievapemart.com.au/product/gold-bar-by-chubby-treatz-60ml-longfill-3/
6064,AISU 50ml Shortfill – Green Apple,70vg/30pg -E-Liquid | E-Liquid | Shortfill E-Liquid,,24.02,AUD,false,true,simple,images/aisu-50ml-shortfill-green-apple-3.jpeg,https://aussievapemart.com.au/product/aisu-50ml-shortfill-green-apple-3/
6063,AISU 50ml Shortfill – Dragon Fruit,70vg/30pg -E-Liquid | E-Liquid | Shortfill E-Liquid,,24.02,AUD,false,true,simple,images/aisu-50ml-shortfill-dragon-fruit-3.jpeg,https://aussievapemart.com.au/product/aisu-50ml-shortfill-dragon-fruit-3/
6061,AISU 50ml Shortfill – Pink Guava,70vg/30pg -E-Liquid | E-Liquid | Shortfill E-Liquid,,24.02,AUD,false,true,simple,images/aisu-50ml-shortfill-pink-guava-3.jpeg,https://aussievapemart.com.au/product/aisu-50ml-shortfill-pink-guava-3/
6059,Dinner Lady 50ml Shortfill – Tobacco Range – Caramel Tobacco,70vg/30pg -E-Liquid | E-Liquid | Shortfill E-Liquid,,24.02,AUD,false,true,simple,images/dinner-lady-50ml-shortfill-tobacco-range-caramel-tobacco-3.jpeg,https://aussievapemart.com.au/product/dinner-lady-50ml-shortfill-tobacco-range-caramel-tobacco-3/
6058,DINNER LADY 50ml Sweet Shortfill E-Liquid – Apple Sours,70vg/30pg -E-Liquid | E-Liquid | Shortfill E-Liquid,,24.02,AUD,false,true,simple,images/dinner-lady-50ml-sweet-shortfill-e-liquid-apple-sours-3.jpeg,https://aussievapemart.com.au/product/dinner-lady-50ml-sweet-shortfill-e-liquid-apple-sours-3/
6057,DINNER LADY 50ml Shortfill E-Liquid – Mango Tart,70vg/30pg -E-Liquid | E-Liquid | Shortfill E-Liquid,,24.02,AUD,false,true,simple,images/dinner-lady-50ml-shortfill-e-liquid-mango-tart-3.jpeg,https://aussievapemart.com.au/product/dinner-lady-50ml-shortfill-e-liquid-mango-tart-3/
6056,DINNER LADY 50ml Shortfill E-Liquid – Kiwi Melon – Fruit Flavours,70vg/30pg -E-Liquid | E-Liquid | Shortfill E-Liquid,,24.02,AUD,false,true,simple,images/dinner-lady-50ml-shortfill-e-liquid-kiwi-melon-fruit-flavours-3.jpeg,https://aussievapemart.com.au/product/dinner-lady-50ml-shortfill-e-liquid-kiwi-melon-fruit-flavours-3/
6055,DINNER LADY 50ml Shortfill E-Liquid – Cola Shades – Summer Holidays Series,70vg/30pg -E-Liquid | E-Liquid | Shortfill E-Liquid,,24.02,AUD,false,true,simple,images/dinner-lady-50ml-shortfill-e-liquid-cola-shades-summer-holidays-series-3.jpeg,https://aussievapemart.com.au/product/dinner-lady-50ml-shortfill-e-liquid-cola-shades-summer-holidays-series-3/
6054,Ossem Fusion – Nightshade – Vanilla Hazelnut Coffee 50ml,70vg/30pg -E-Liquid | E-Liquid | Shortfill E-Liquid,,24.85,AUD,false,true,simple,images/ossem-fusion-nightshade-vanilla-hazelnut-coffee-50ml-3.jpeg,https://aussievapemart.com.au/product/ossem-fusion-nightshade-vanilla-hazelnut-coffee-50ml-3/
6053,NASTY JUICE 50ML SHORTFILL – CUSH MAN SERIES – Mango Strawberry,70vg/30pg -E-Liquid | E-Liquid | Nasty Juice | Shortfill E-Liquid,,26.49,AUD,false,true,simple,images/nasty-juice-50ml-shortfill-cush-man-series-mango-strawberry-3.jpeg,https://aussievapemart.com.au/product/nasty-juice-50ml-shortfill-cush-man-series-mango-strawberry-3/
6052,NASTY JUICE 50ML SHORTFILL – CUSH MAN SERIES – Mango Banana,70vg/30pg -E-Liquid | E-Liquid | Nasty Juice | Shortfill E-Liquid,,24.49,AUD,false,true,simple,images/nasty-juice-50ml-shortfill-cush-man-series-mango-banana-3.jpeg,https://aussievapemart.com.au/product/nasty-juice-50ml-shortfill-cush-man-series-mango-banana-3/
6050,Witchcraft 50ml Shortfill – Menthol X,70vg/30pg -E-Liquid | E-Liquid | Shortfill E-Liquid,,26.49,AUD,false,true,simple,images/witchcraft-50ml-shortfill-menthol-x-3.jpeg,https://aussievapemart.com.au/product/witchcraft-50ml-shortfill-menthol-x-3/
6049,Nasty ModMate – Mango Ice 50ml Shortfill,70vg/30pg -E-Liquid | E-Liquid | Nasty Juice | Shortfill E-Liquid,,26.53,AUD,false,true,simple,images/nasty-modmate-mango-ice-50ml-shortfill-3.jpeg,https://aussievapemart.com.au/product/nasty-modmate-mango-ice-50ml-shortfill-3/
6048,Nasty ModMate – Peach Lemonade 50ml Shortfill,70vg/30pg -E-Liquid | E-Liquid | Nasty Juice | Shortfill E-Liquid,,26.53,AUD,false,true,simple,images/nasty-modmate-peach-lemonade-50ml-shortfill-3.jpeg,https://aussievapemart.com.au/product/nasty-modmate-peach-lemonade-50ml-shortfill-3/
6047,Nasty ModMate – Strawberry &#038; Kiwi 50ml Shortfill,70vg/30pg -E-Liquid | E-Liquid | Nasty Juice | Shortfill E-Liquid,,26.53,AUD,false,true,simple,images/nasty-modmate-strawberry-kiwi-50ml-shortfill-3.jpeg,https://aussievapemart.com.au/product/nasty-modmate-strawberry-kiwi-50ml-shortfill-3/
6046,Nasty ModMate – Watermelon Ice 50ml Shortfill,70vg/30pg -E-Liquid | E-Liquid | Nasty Juice | Shortfill E-Liquid,,26.53,AUD,false,true,simple,images/nasty-modmate-watermelon-ice-50ml-shortfill-3.jpeg,https://aussievapemart.com.au/product/nasty-modmate-watermelon-ice-50ml-shortfill-3/
6045,Nasty ModMate – Lychee 50ml Shortfill,70vg/30pg -E-Liquid | E-Liquid | Nasty Juice | Shortfill E-Liquid,,26.53,AUD,false,true,simple,images/nasty-modmate-lychee-50ml-shortfill-3.jpeg,https://aussievapemart.com.au/product/nasty-modmate-lychee-50ml-shortfill-3/
6044,NAKED 100 E-Liquid 50ml Shotfill – Polar Breeze,70vg/30pg -E-Liquid | E-Liquid,,28.16,AUD,false,true,simple,images/naked-100-e-liquid-50ml-shotfill-polar-breeze-2.jpeg,https://aussievapemart.com.au/product/naked-100-e-liquid-50ml-shotfill-polar-breeze-2/
6043,NAKED 100 E-Liquid 50ml Shortfill – Lava Flow,70vg/30pg -E-Liquid | E-Liquid,,28.16,AUD,false,true,simple,images/naked-100-e-liquid-50ml-shortfill-lava-flow-2.jpeg,https://aussievapemart.com.au/product/naked-100-e-liquid-50ml-shortfill-lava-flow-2/
6042,NAKED 100 E-Liquid 50ml Shortfill – Brain Freeze,70vg/30pg -E-Liquid | E-Liquid | Shortfill E-Liquid,,28.16,AUD,false,true,simple,images/naked-100-e-liquid-50ml-shortfill-brain-freeze-3.jpeg,https://aussievapemart.com.au/product/naked-100-e-liquid-50ml-shortfill-brain-freeze-3/
6041,NAKED 100 E-Liquid 50ml Shortfill – Euro Gold,70vg/30pg -E-Liquid | E-Liquid,,28.16,AUD,false,true,simple,images/naked-100-e-liquid-50ml-shortfill-euro-gold-2.jpeg,https://aussievapemart.com.au/product/naked-100-e-liquid-50ml-shortfill-euro-gold-2/
6040,Seriously Fruity by Doozy Vape 100ml Shortfill 0mg (70VG/30PG),70vg/30pg -E-Liquid | E-Liquid,,27.92,AUD,true,true,simple,images/seriously-fruity-by-doozy-vape-100ml-shortfill-0mg-70vg-30pg-2.jpeg,https://aussievapemart.com.au/product/seriously-fruity-by-doozy-vape-100ml-shortfill-0mg-70vg-30pg-2/
6039,Fizzy Juice King Bar 100ml Shortfill 0mg (70VG/30PG),70vg/30pg -E-Liquid | E-Liquid,,42.81,AUD,true,true,simple,images/fizzy-juice-king-bar-100ml-shortfill-0mg-70vg-30pg-2.jpeg,https://aussievapemart.com.au/product/fizzy-juice-king-bar-100ml-shortfill-0mg-70vg-30pg-2/
6038,Seriously Slushy by Doozy Vape 100ml Shortfill 0mg (70VG/30PG),70vg/30pg -E-Liquid | E-Liquid,,26.85,AUD,true,true,simple,images/seriously-slushy-by-doozy-vape-100ml-shortfill-0mg-70vg-30pg-2.jpeg,https://aussievapemart.com.au/product/seriously-slushy-by-doozy-vape-100ml-shortfill-0mg-70vg-30pg-2/
6037,Kingston Sweet Candy Floss 120ml Shortfill 0mg (70VG/30PG),70vg/30pg -E-Liquid | E-Liquid | Shortfill E-Liquid,,27.84,AUD,true,true,simple,images/kingston-sweet-candy-floss-120ml-shortfill-0mg-70vg-30pg-3.jpeg,https://aussievapemart.com.au/product/kingston-sweet-candy-floss-120ml-shortfill-0mg-70vg-30pg-3/
6036,The Big Tasty Exotic 100ml Shortfill 0mg (70VG/30PG),70vg/30pg -E-Liquid | E-Liquid | Shortfill E-Liquid,,28.65,AUD,true,true,simple,images/the-big-tasty-exotic-100ml-shortfill-0mg-70vg-30pg-3.jpeg,https://aussievapemart.com.au/product/the-big-tasty-exotic-100ml-shortfill-0mg-70vg-30pg-3/
6035,Ultimate E-liquid Slushy By Ultimate Puff 100ml Shortfill 0mg (70VG/30PG),70vg/30pg -E-Liquid | E-Liquid | Shortfill E-Liquid,,40.32,AUD,true,true,simple,images/ultimate-e-liquid-slushy-by-ultimate-puff-100ml-shortfill-0mg-70vg-30pg-3.jpeg,https://aussievapemart.com.au/product/ultimate-e-liquid-slushy-by-ultimate-puff-100ml-shortfill-0mg-70vg-30pg-3/
6034,Kingston Cola 120ml Shortfill 0mg (70VG/30PG),70vg/30pg -E-Liquid | E-Liquid | Shortfill E-Liquid,,27.95,AUD,true,true,simple,images/kingston-cola-120ml-shortfill-0mg-70vg-30pg-3.jpeg,https://aussievapemart.com.au/product/kingston-cola-120ml-shortfill-0mg-70vg-30pg-3/
6033,Fizzy King 100ml Shortfill 0mg (70VG/30PG),70vg/30pg -E-Liquid | E-Liquid | Shortfill E-Liquid,,15.31,AUD,false,true,simple,images/fizzy-king-100ml-shortfill-0mg-70vg-30pg-3.jpeg,https://aussievapemart.com.au/product/fizzy-king-100ml-shortfill-0mg-70vg-30pg-3/
6032,Milk King By Drip More 100ml Shortfill 0mg (70VG/30PG),70vg/30pg -E-Liquid | E-Liquid,,55.69,AUD,true,true,simple,images/milk-king-by-drip-more-100ml-shortfill-0mg-70vg-30pg-2.jpeg,https://aussievapemart.com.au/product/milk-king-by-drip-more-100ml-shortfill-0mg-70vg-30pg-2/
6031,Nasty Multipack 3mg 10ml E-Liquids (70VG/30PG),70vg/30pg -E-Liquid | E-Liquid | WHOLESALE/BULK PRODUCTS,,50.81,AUD,true,true,simple,images/nasty-multipack-3mg-10ml-e-liquids-70vg-30pg-2.jpeg,https://aussievapemart.com.au/product/nasty-multipack-3mg-10ml-e-liquids-70vg-30pg-2/
6030,Cookie King By Drip More 100ml Shortfill 0mg (70VG/30PG),70vg/30pg -E-Liquid | E-Liquid | Shortfill E-Liquid,,54.79,AUD,true,true,simple,images/cookie-king-by-drip-more-100ml-shortfill-0mg-70vg-30pg-3.jpeg,https://aussievapemart.com.au/product/cookie-king-by-drip-more-100ml-shortfill-0mg-70vg-30pg-3/
6029,Grape Soda 100ml Shortfill E-Liquid by Seriously Slushy,70vg/30pg -E-Liquid | E-Liquid,,25.89,AUD,false,true,simple,images/grape-soda-100ml-shortfill-e-liquid-by-seriously-slushy-2.jpeg,https://aussievapemart.com.au/product/grape-soda-100ml-shortfill-e-liquid-by-seriously-slushy-2/
6028,Berry Watermelon 100ml Shortfill E-Liquid by Seriously Slushy,70vg/30pg -E-Liquid | E-Liquid,,25.89,AUD,false,true,simple,images/berry-watermelon-100ml-shortfill-e-liquid-by-seriously-slushy-2.jpeg,https://aussievapemart.com.au/product/berry-watermelon-100ml-shortfill-e-liquid-by-seriously-slushy-2/
6027,Cool Blackcurrant Lemonade 100ml Shortfill E-Liquid by Seriously Nice,70vg/30pg -E-Liquid | E-Liquid,,25.89,AUD,false,true,simple,images/cool-blackcurrant-lemonade-100ml-shortfill-e-liquid-by-seriously-nice-2.jpeg,https://aussievapemart.com.au/product/cool-blackcurrant-lemonade-100ml-shortfill-e-liquid-by-seriously-nice-2/
6026,Lemon Lime 100ml Shortfill E-Liquid by Seriously Slushy,70vg/30pg -E-Liquid | E-Liquid,,25.89,AUD,false,true,simple,images/lemon-lime-100ml-shortfill-e-liquid-by-seriously-slushy-2.jpeg,https://aussievapemart.com.au/product/lemon-lime-100ml-shortfill-e-liquid-by-seriously-slushy-2/
6025,Blue Razz Berry 100ml Shortfill E-Liquid by Seriously Fruity,70vg/30pg -E-Liquid | E-Liquid,,25.89,AUD,false,true,simple,images/blue-razz-berry-100ml-shortfill-e-liquid-by-seriously-fruity-2.jpeg,https://aussievapemart.com.au/product/blue-razz-berry-100ml-shortfill-e-liquid-by-seriously-fruity-2/
6023,Urban Cherry Good Cherry 100ml Shortfill E-Liquid by Wick Liquor,70vg/30pg -E-Liquid | E-Liquid,,29.98,AUD,false,true,simple,images/urban-cherry-good-cherry-100ml-shortfill-e-liquid-by-wick-liquor-2.jpeg,https://aussievapemart.com.au/product/urban-cherry-good-cherry-100ml-shortfill-e-liquid-by-wick-liquor-2/
6022,Loco Cherry Good Cherry 100ml Shortfill E-Liquid by Wick Liquor,70vg/30pg -E-Liquid | E-Liquid,,29.98,AUD,false,true,simple,images/loco-cherry-good-cherry-100ml-shortfill-e-liquid-by-wick-liquor-2.jpeg,https://aussievapemart.com.au/product/loco-cherry-good-cherry-100ml-shortfill-e-liquid-by-wick-liquor-2/
6021,EURO GOLD TOBACCO NAKED 100 60ML,70vg/30pg -E-Liquid | E-Liquid,,22.3,AUD,true,true,simple,images/euro-gold-tobacco-naked-100-60ml-2.jpeg,https://aussievapemart.com.au/product/euro-gold-tobacco-naked-100-60ml-2/
6020,CUBAN BLEND NAKED 100 60ML,70vg/30pg -E-Liquid | E-Liquid,,22.3,AUD,false,true,simple,images/cuban-blend-naked-100-60ml-2.jpeg,https://aussievapemart.com.au/product/cuban-blend-naked-100-60ml-2/
6019,LEMON CUSTARD THE FINEST E-JUICE 2X60ML,70vg/30pg -E-Liquid | E-Liquid,,27.08,AUD,false,true,simple,images/lemon-custard-the-finest-e-juice-2x60ml-2.jpeg,https://aussievapemart.com.au/product/lemon-custard-the-finest-e-juice-2x60ml-2/
6018,KILLER FRUITS STRAW GUAW VAPETASIA TFN E-JUICE 100ML,70vg/30pg -E-Liquid | E-Liquid,,25.49,AUD,false,true,simple,images/killer-fruits-straw-guaw-vapetasia-tfn-e-juice-100ml-2.jpeg,https://aussievapemart.com.au/product/killer-fruits-straw-guaw-vapetasia-tfn-e-juice-100ml-2/
6016,KILLER FRUITS TRAPPLE VAPETASIA TFN E-JUICE 100ML,70vg/30pg -E-Liquid | E-Liquid,,25.49,AUD,false,true,simple,images/killer-fruits-trapple-vapetasia-tfn-e-juice-100ml-2.jpeg,https://aussievapemart.com.au/product/killer-fruits-trapple-vapetasia-tfn-e-juice-100ml-2/
6015,BLACKBERRY CUSTARD MONSTER 100ML,70vg/30pg -E-Liquid | E-Liquid,,25.49,AUD,false,true,simple,images/blackberry-custard-monster-100ml-2.jpeg,https://aussievapemart.com.au/product/blackberry-custard-monster-100ml-2/
6014,Taruto – Yami Vapor – Sugoi Vapor,70vg/30pg -E-Liquid | E-Liquid,,31,AUD,false,true,simple,images/taruto-yami-vapor-sugoi-vapor-2.jpeg,https://aussievapemart.com.au/product/taruto-yami-vapor-sugoi-vapor-2/
6013,Shaka – Yami Vapor – Sugoi Vapor,70vg/30pg -E-Liquid | E-Liquid,,31,AUD,false,true,simple,images/shaka-yami-vapor-sugoi-vapor-2.jpeg,https://aussievapemart.com.au/product/shaka-yami-vapor-sugoi-vapor-2/
6012,Neptune Berries – Juice Dimension – Sugoi Vapor,70vg/30pg -E-Liquid | E-Liquid,,31,AUD,false,true,simple,images/neptune-berries-juice-dimension-sugoi-vapor-2.jpeg,https://aussievapemart.com.au/product/neptune-berries-juice-dimension-sugoi-vapor-2/
6011,Lychee e-Liquid Juice – Skwezed,70vg/30pg -E-Liquid | BAR JUICE 5000 NICOTINE SALT E-LIQUID | E-Liquid,,36,AUD,false,true,simple,images/lychee-e-liquid-juice-skwezed-3.jpeg,https://aussievapemart.com.au/product/lychee-e-liquid-juice-skwezed-3/
6010,Mango e-Liquid Juice – Skwezed,70vg/30pg -E-Liquid | E-Liquid,,36,AUD,false,true,simple,images/mango-e-liquid-juice-skwezed-2.jpeg,https://aussievapemart.com.au/product/mango-e-liquid-juice-skwezed-2/
6009,STRAWBERRY ICE SKWEZED 100ML,70vg/30pg -E-Liquid | E-Liquid,,25.57,AUD,false,true,simple,images/strawberry-ice-skwezed-100ml-2.jpeg,https://aussievapemart.com.au/product/strawberry-ice-skwezed-100ml-2/
6008,MENTHOL WATERMELON GUAVA PEACH Orgasm Ice by One Up Vapor Original 100ml,70vg/30pg -E-Liquid | E-Liquid,,20.63,AUD,true,true,simple,images/menthol-watermelon-guava-peach-orgasm-ice-by-one-up-vapor-original-100ml-2.jpeg,https://aussievapemart.com.au/product/menthol-watermelon-guava-peach-orgasm-ice-by-one-up-vapor-original-100ml-2/
6007,GREEN APPLE STRAWBERRY CANDY Sour Belts by One Up Vapor Original 100ml,70vg/30pg -E-Liquid | E-Liquid,,20.62,AUD,true,true,simple,images/green-apple-strawberry-candy-sour-belts-by-one-up-vapor-original-100ml-2.jpeg,https://aussievapemart.com.au/product/green-apple-strawberry-candy-sour-belts-by-one-up-vapor-original-100ml-2/
6005,Tangerine Lime by Sorbet Pop 100ml,70vg/30pg -E-Liquid | E-Liquid,,24.43,AUD,true,true,simple,images/tangerine-lime-by-sorbet-pop-100ml-2.jpeg,https://aussievapemart.com.au/product/tangerine-lime-by-sorbet-pop-100ml-2/
6004,Sweet Apple E-liquid By Crown Vapes,70vg/30pg -E-Liquid | E-Liquid,,45.08,AUD,false,true,simple,images/sweet-apple-e-liquid-by-crown-vapes-2.jpeg,https://aussievapemart.com.au/product/sweet-apple-e-liquid-by-crown-vapes-2/
6003,Strawberry Chew E-liquid by The Finest – (2 pack,70vg/30pg -E-Liquid | E-Liquid,,17.99,AUD,true,true,simple,images/strawberry-chew-e-liquid-by-the-finest-2-pack-2.jpeg,https://aussievapemart.com.au/product/strawberry-chew-e-liquid-by-the-finest-2-pack-2/
6000,7x Best Sellers Ferocious | 70/30 Shortfill Bundle,70vg/30pg -E-Liquid | E-Liquid | Shortfill E-Liquid,,87.99,AUD,true,true,simple,images/7x-best-sellers-ferocious-70-30-shortfill-bundle-3.jpeg,https://aussievapemart.com.au/product/7x-best-sellers-ferocious-70-30-shortfill-bundle-3/
5998,5x Desserts Ferocious | 70/30 Shortfill Bundle,70vg/30pg -E-Liquid | E-Liquid | Shortfill E-Liquid | WHOLESALE/BULK PRODUCTS,,65.48,AUD,true,true,simple,images/5x-desserts-ferocious-70-30-shortfill-bundle-3.jpeg,https://aussievapemart.com.au/product/5x-desserts-ferocious-70-30-shortfill-bundle-3/
5995,50ml Fantasi Berries Ice Bundle | 70/30 E-Liquid Bundle,70vg/30pg -E-Liquid | E-Liquid | WHOLESALE/BULK PRODUCTS,,33.86,AUD,true,true,simple,images/50ml-fantasi-berries-ice-bundle-70-30-e-liquid-bundle-2.jpeg,https://aussievapemart.com.au/product/50ml-fantasi-berries-ice-bundle-70-30-e-liquid-bundle-2/
5994,4x Berry Fantasi | 70/30 Shortfill Bundle,70vg/30pg -E-Liquid | E-Liquid | Shortfill E-Liquid | WHOLESALE/BULK PRODUCTS,,53.81,AUD,true,true,simple,images/4x-berry-fantasi-70-30-shortfill-bundle-3.jpeg,https://aussievapemart.com.au/product/4x-berry-fantasi-70-30-shortfill-bundle-3/
5992,Banana Ice,BAR JUICE 5000 NICOTINE SALT E-LIQUID | E-Liquid,,5,AUD,true,true,simple,images/banana-ice-2.jpeg,https://aussievapemart.com.au/product/banana-ice-2/
5991,Blue Ice Pop,BAR JUICE 5000 NICOTINE SALT E-LIQUID | E-Liquid,,5,AUD,true,true,simple,images/blue-ice-pop-2.jpeg,https://aussievapemart.com.au/product/blue-ice-pop-2/
5990,Blueberry Cherry Cranberry,BAR JUICE 5000 NICOTINE SALT E-LIQUID | E-Liquid,,5,AUD,true,true,simple,images/blueberry-cherry-cranberry-2.jpeg,https://aussievapemart.com.au/product/blueberry-cherry-cranberry-2/
5989,Blueberry Sour Raspberry,BAR JUICE 5000 NICOTINE SALT E-LIQUID | E-Liquid,,5,AUD,true,true,simple,images/blueberry-sour-raspberry-2.jpeg,https://aussievapemart.com.au/product/blueberry-sour-raspberry-2/
5988,Cherry Cola,BAR JUICE 5000 NICOTINE SALT E-LIQUID | E-Liquid,,5,AUD,true,true,simple,images/cherry-cola-2.jpeg,https://aussievapemart.com.au/product/cherry-cola-2/
5987,Fizzy Cherry,BAR JUICE 5000 NICOTINE SALT E-LIQUID | E-Liquid,,5,AUD,true,true,simple,images/fizzy-cherry-2.jpeg,https://aussievapemart.com.au/product/fizzy-cherry-2/
5986,Fresh Mint,BAR JUICE 5000 NICOTINE SALT E-LIQUID | E-Liquid,,5,AUD,true,true,simple,images/fresh-mint-2.jpeg,https://aussievapemart.com.au/product/fresh-mint-2/
5985,Gummy Bear,BAR JUICE 5000 NICOTINE SALT E-LIQUID | E-Liquid,,5,AUD,true,true,simple,images/gummy-bear-2.jpeg,https://aussievapemart.com.au/product/gummy-bear-2/
5984,Lemon &#038; Lime,BAR JUICE 5000 NICOTINE SALT E-LIQUID | E-Liquid,,5,AUD,true,true,simple,images/lemon-lime-2.jpeg,https://aussievapemart.com.au/product/lemon-lime-2/
5983,Mr Blue,BAR JUICE 5000 NICOTINE SALT E-LIQUID | E-Liquid,,5,AUD,true,true,simple,images/mr-blue-2.jpeg,https://aussievapemart.com.au/product/mr-blue-2/
5982,Watermelon,BAR JUICE 5000 NICOTINE SALT E-LIQUID | E-Liquid,,5,AUD,true,true,simple,images/watermelon-2.jpeg,https://aussievapemart.com.au/product/watermelon-2/
5978,Orange Zest,BAR JUICE 5000 NICOTINE SALT E-LIQUID | E-Liquid,,5,AUD,true,true,simple,images/orange-zest-2.jpeg,https://aussievapemart.com.au/product/orange-zest-2/
5977,Peach Ice,BAR JUICE 5000 NICOTINE SALT E-LIQUID | E-Liquid,,5,AUD,true,true,simple,images/peach-ice-2.jpeg,https://aussievapemart.com.au/product/peach-ice-2/
5975,Pineapple Ice,BAR JUICE 5000 NICOTINE SALT E-LIQUID | E-Liquid,,5,AUD,true,true,simple,images/pineapple-ice-2.jpeg,https://aussievapemart.com.au/product/pineapple-ice-2/
5974,Red Apple Ice,BAR JUICE 5000 NICOTINE SALT E-LIQUID | E-Liquid,,5,AUD,true,true,simple,images/red-apple-ice-2.jpeg,https://aussievapemart.com.au/product/red-apple-ice-2/
5973,Strawberry Cherry Raspberry,BAR JUICE 5000 NICOTINE SALT E-LIQUID | E-Liquid,,5,AUD,true,true,simple,images/strawberry-cherry-raspberry-2.jpeg,https://aussievapemart.com.au/product/strawberry-cherry-raspberry-2/
5972,Strawberry Ice,BAR JUICE 5000 NICOTINE SALT E-LIQUID | E-Liquid,,5,AUD,true,true,simple,images/strawberry-ice-2.jpeg,https://aussievapemart.com.au/product/strawberry-ice-2/
5971,Strawberry Kiwi,BAR JUICE 5000 NICOTINE SALT E-LIQUID | E-Liquid,,5,AUD,true,true,simple,images/strawberry-kiwi-2.jpeg,https://aussievapemart.com.au/product/strawberry-kiwi-2/
5970,Strawberry Mango,BAR JUICE 5000 NICOTINE SALT E-LIQUID | E-Liquid,,5,AUD,true,true,simple,images/strawberry-mango-2.jpeg,https://aussievapemart.com.au/product/strawberry-mango-2/
5969,Energy Drink by Allo Salts,ALLO | E-Liquid,,20.05,AUD,true,true,simple,images/energy-drink-by-allo-salts-2.jpeg,https://aussievapemart.com.au/product/energy-drink-by-allo-salts-2/
5968,Aloe Strawberry Grape by Allo Salts,ALLO | E-Liquid,,20.05,AUD,true,true,simple,images/aloe-strawberry-grape-by-allo-salts-2.jpeg,https://aussievapemart.com.au/product/aloe-strawberry-grape-by-allo-salts-2/
5967,Cranberry Grape by Allo Salts,ALLO | E-Liquid,,20.05,AUD,true,true,simple,images/cranberry-grape-by-allo-salts-2.jpeg,https://aussievapemart.com.au/product/cranberry-grape-by-allo-salts-2/
5966,Mango Peach Orange by ALLO Salts,ALLO | E-Liquid,,20.05,AUD,true,true,simple,images/mango-peach-orange-by-allo-salts-2.jpeg,https://aussievapemart.com.au/product/mango-peach-orange-by-allo-salts-2/
5952,Orange Ice by ALLO Salts,ALLO | E-Liquid,,20.05,AUD,true,true,simple,images/orange-ice-by-allo-salts-2.jpeg,https://aussievapemart.com.au/product/orange-ice-by-allo-salts-2/
5951,Watermelon Ice by ALLO Salts,ALLO | E-Liquid,,20.05,AUD,true,true,simple,images/watermelon-ice-by-allo-salts-2.jpeg,https://aussievapemart.com.au/product/watermelon-ice-by-allo-salts-2/
5950,SMART VAPE  E-LIQUID JUICE STRAWBERRY (60ML),BAR JUICE 5000 NICOTINE SALT E-LIQUID | E-Liquid,,15.95,AUD,false,true,simple,images/smart-vape-e-liquid-juice-strawberry-60ml-2.jpeg,https://aussievapemart.com.au/product/smart-vape-e-liquid-juice-strawberry-60ml-2/
5948,Grape E-Liquid 50ml (1500mg),E-Liquid | Supremecbd,,49.05,AUD,true,true,simple,images/grape-e-liquid-50ml-1500mg-3.jpeg,https://aussievapemart.com.au/product/grape-e-liquid-50ml-1500mg-3/
5947,Cosmic Candy E-Liquid 60ml (3000mg),E-Liquid | Supremecbd,,49.05,AUD,true,true,simple,images/cosmic-candy-e-liquid-60ml-3000mg-3.jpeg,https://aussievapemart.com.au/product/cosmic-candy-e-liquid-60ml-3000mg-3/
5944,Fruit Punch E-Liquid 60ml (3000mg),E-Liquid | Supremecbd,,49.05,AUD,true,true,simple,images/fruit-punch-e-liquid-60ml-3000mg-3.jpeg,https://aussievapemart.com.au/product/fruit-punch-e-liquid-60ml-3000mg-3/
5942,Spearmint Mint E-Liquid 60ml (3000mg),E-Liquid | Supremecbd,,49.05,AUD,true,true,simple,images/spearmint-mint-e-liquid-60ml-3000mg-3.jpeg,https://aussievapemart.com.au/product/spearmint-mint-e-liquid-60ml-3000mg-3/
5941,Sweet Strawberry E-Liquid 60ml (3000mg),E-Liquid | Supremecbd,,49.05,AUD,true,true,simple,images/sweet-strawberry-e-liquid-60ml-3000mg-3.jpeg,https://aussievapemart.com.au/product/sweet-strawberry-e-liquid-60ml-3000mg-3/
5940,Raspberry Pineapple E-Liquid 60ml (3000mg),E-Liquid | Supremecbd,,49.05,AUD,true,true,simple,images/raspberry-pineapple-e-liquid-60ml-3000mg-3.jpeg,https://aussievapemart.com.au/product/raspberry-pineapple-e-liquid-60ml-3000mg-3/
5939,Lychee e-Liquid Juice – Skwezed,70vg/30pg -E-Liquid | BAR JUICE 5000 NICOTINE SALT E-LIQUID | E-Liquid,,36,AUD,false,true,simple,images/lychee-e-liquid-juice-skwezed-2.jpeg,https://aussievapemart.com.au/product/lychee-e-liquid-juice-skwezed-2/
5938,Banana Ice,BAR JUICE 5000 NICOTINE SALT E-LIQUID | E-Liquid,,5,AUD,true,true,simple,images/banana-ice.jpeg,https://aussievapemart.com.au/product/banana-ice/
5937,Blue Ice Pop,BAR JUICE 5000 NICOTINE SALT E-LIQUID | E-Liquid,,5,AUD,true,true,simple,images/blue-ice-pop.jpeg,https://aussievapemart.com.au/product/blue-ice-pop/
5936,Blueberry Cherry Cranberry,BAR JUICE 5000 NICOTINE SALT E-LIQUID | E-Liquid,,5,AUD,true,true,simple,images/blueberry-cherry-cranberry.jpeg,https://aussievapemart.com.au/product/blueberry-cherry-cranberry/
5934,Cherry Cola,BAR JUICE 5000 NICOTINE SALT E-LIQUID | E-Liquid,,5,AUD,true,true,simple,images/cherry-cola.jpeg,https://aussievapemart.com.au/product/cherry-cola/
5933,Fizzy Cherry,BAR JUICE 5000 NICOTINE SALT E-LIQUID | E-Liquid,,5,AUD,true,true,simple,images/fizzy-cherry.jpeg,https://aussievapemart.com.au/product/fizzy-cherry/
5932,Fresh Mint,BAR JUICE 5000 NICOTINE SALT E-LIQUID | E-Liquid,,5,AUD,true,true,simple,images/fresh-mint.jpeg,https://aussievapemart.com.au/product/fresh-mint/
5931,Gummy Bear,BAR JUICE 5000 NICOTINE SALT E-LIQUID | E-Liquid,,5,AUD,true,true,simple,images/gummy-bear.jpeg,https://aussievapemart.com.au/product/gummy-bear/
5930,Lemon &#038; Lime,BAR JUICE 5000 NICOTINE SALT E-LIQUID | E-Liquid,,5,AUD,true,true,simple,images/lemon-lime.jpeg,https://aussievapemart.com.au/product/lemon-lime/
5929,Mr Blue,BAR JUICE 5000 NICOTINE SALT E-LIQUID | E-Liquid,,5,AUD,true,true,simple,images/mr-blue.jpeg,https://aussievapemart.com.au/product/mr-blue/
5928,Watermelon,BAR JUICE 5000 NICOTINE SALT E-LIQUID | E-Liquid,,5,AUD,true,true,simple,images/watermelon.jpeg,https://aussievapemart.com.au/product/watermelon/
5927,Orange Zest,BAR JUICE 5000 NICOTINE SALT E-LIQUID | E-Liquid,,5,AUD,true,true,simple,images/orange-zest.jpeg,https://aussievapemart.com.au/product/orange-zest/
5926,Peach Ice,BAR JUICE 5000 NICOTINE SALT E-LIQUID | E-Liquid,,5,AUD,true,true,simple,images/peach-ice.jpeg,https://aussievapemart.com.au/product/peach-ice/
5924,Pineapple Ice,BAR JUICE 5000 NICOTINE SALT E-LIQUID | E-Liquid,,5,AUD,true,true,simple,images/pineapple-ice.jpeg,https://aussievapemart.com.au/product/pineapple-ice/
5923,Red Apple Ice,BAR JUICE 5000 NICOTINE SALT E-LIQUID | E-Liquid,,5,AUD,true,true,simple,images/red-apple-ice.jpeg,https://aussievapemart.com.au/product/red-apple-ice/
5911,Strawberry Cherry Raspberry,BAR JUICE 5000 NICOTINE SALT E-LIQUID | E-Liquid,,5,AUD,true,true,simple,images/strawberry-cherry-raspberry.jpeg,https://aussievapemart.com.au/product/strawberry-cherry-raspberry/
5910,Strawberry Ice,BAR JUICE 5000 NICOTINE SALT E-LIQUID | E-Liquid,,5,AUD,true,true,simple,images/strawberry-ice.jpeg,https://aussievapemart.com.au/product/strawberry-ice/
5909,Strawberry Kiwi,BAR JUICE 5000 NICOTINE SALT E-LIQUID | E-Liquid,,5,AUD,true,true,simple,images/strawberry-kiwi.jpeg,https://aussievapemart.com.au/product/strawberry-kiwi/
5908,Strawberry Mango,BAR JUICE 5000 NICOTINE SALT E-LIQUID | E-Liquid,,5,AUD,true,true,simple,images/strawberry-mango.jpeg,https://aussievapemart.com.au/product/strawberry-mango/
5907,Energy Drink by Allo Salts,ALLO | E-Liquid,,20.05,AUD,true,true,simple,images/energy-drink-by-allo-salts.jpeg,https://aussievapemart.com.au/product/energy-drink-by-allo-salts/
5906,Aloe Strawberry Grape by Allo Salts,ALLO | E-Liquid,,20.05,AUD,true,true,simple,images/aloe-strawberry-grape-by-allo-salts.jpeg,https://aussievapemart.com.au/product/aloe-strawberry-grape-by-allo-salts/
5905,Cranberry Grape by Allo Salts,ALLO | E-Liquid,,20.05,AUD,true,true,simple,images/cranberry-grape-by-allo-salts.jpeg,https://aussievapemart.com.au/product/cranberry-grape-by-allo-salts/
5904,Mango Peach Orange by ALLO Salts,ALLO | E-Liquid,,20.05,AUD,true,true,simple,images/mango-peach-orange-by-allo-salts.jpeg,https://aussievapemart.com.au/product/mango-peach-orange-by-allo-salts/
5903,Orange Ice by ALLO Salts,ALLO | E-Liquid,,20.05,AUD,true,true,simple,images/orange-ice-by-allo-salts.jpeg,https://aussievapemart.com.au/product/orange-ice-by-allo-salts/
5902,Watermelon Ice by ALLO Salts,ALLO | E-Liquid,,20.05,AUD,true,true,simple,images/watermelon-ice-by-allo-salts.jpeg,https://aussievapemart.com.au/product/watermelon-ice-by-allo-salts/
5901,SMART VAPE  E-LIQUID JUICE STRAWBERRY (60ML),BAR JUICE 5000 NICOTINE SALT E-LIQUID | E-Liquid,,15.95,AUD,false,true,simple,images/smart-vape-e-liquid-juice-strawberry-60ml.jpeg,https://aussievapemart.com.au/product/smart-vape-e-liquid-juice-strawberry-60ml/
5900,Fantasi Ice E-Liquid(70/30)100ml  0 Nicotine,70vg/30pg -E-Liquid | E-Liquid | Shortfill E-Liquid,,20.04,AUD,false,true,simple,images/fantasi-ice-e-liquid70-30100ml-0-nicotine-2.jpeg,https://aussievapemart.com.au/product/fantasi-ice-e-liquid70-30100ml-0-nicotine-2/
5899,The Berry Bowl by Chubby Juice E -Liquid | 100ml Short Fill,70vg/30pg -E-Liquid | E-Liquid | Shortfill E-Liquid,,20.02,AUD,true,true,simple,images/the-berry-bowl-by-chubby-juice-e-liquid-100ml-short-fill-2.jpeg,https://aussievapemart.com.au/product/the-berry-bowl-by-chubby-juice-e-liquid-100ml-short-fill-2/
5897,Blue Raz Candy by Chubby Juice E-Liquid | 100ml Short Fill,70vg/30pg -E-Liquid | E-Liquid | Shortfill E-Liquid,,20.02,AUD,true,true,simple,images/blue-raz-candy-by-chubby-juice-e-liquid-100ml-short-fill-2.jpeg,https://aussievapemart.com.au/product/blue-raz-candy-by-chubby-juice-e-liquid-100ml-short-fill-2/
5896,Rhuberry by Chubby Juice E-Liquid | 100ml Short Fill,70vg/30pg -E-Liquid | E-Liquid | Shortfill E-Liquid,,20.02,AUD,true,true,simple,images/rhuberry-by-chubby-juice-e-liquid-100ml-short-fill-2.jpeg,https://aussievapemart.com.au/product/rhuberry-by-chubby-juice-e-liquid-100ml-short-fill-2/
5894,Gingerbread Custard by Dripping Desserts E Liquid | 100ml Short Fill,70vg/30pg -E-Liquid | E-Liquid | Shortfill E-Liquid,,20.02,AUD,true,true,simple,images/gingerbread-custard-by-dripping-desserts-e-liquid-100ml-short-fill-2.jpeg,https://aussievapemart.com.au/product/gingerbread-custard-by-dripping-desserts-e-liquid-100ml-short-fill-2/
5893,Screwball by Chubby Treatz | 60ml Longfill,70vg/30pg -E-Liquid | E-Liquid | Shortfill E-Liquid,,19.92,AUD,false,true,simple,images/screwball-by-chubby-treatz-60ml-longfill-2.jpeg,https://aussievapemart.com.au/product/screwball-by-chubby-treatz-60ml-longfill-2/
5892,Lemon Drizzle by Chubby Treatz | 60ml Longfill,70vg/30pg -E-Liquid | E-Liquid | Shortfill E-Liquid,,19.92,AUD,false,true,simple,images/lemon-drizzle-by-chubby-treatz-60ml-longfill-2.jpeg,https://aussievapemart.com.au/product/lemon-drizzle-by-chubby-treatz-60ml-longfill-2/
5891,Gold Bar by Chubby Treatz | 60ml Longfill,70vg/30pg -E-Liquid | E-Liquid | Shortfill E-Liquid,,19.92,AUD,false,true,simple,images/gold-bar-by-chubby-treatz-60ml-longfill-2.jpeg,https://aussievapemart.com.au/product/gold-bar-by-chubby-treatz-60ml-longfill-2/
5885,AISU 50ml Shortfill – Blue Raspberry,70vg/30pg -E-Liquid | E-Liquid | Shortfill E-Liquid,,24.02,AUD,false,true,simple,images/aisu-50ml-shortfill-blue-raspberry-2.jpeg,https://aussievapemart.com.au/product/aisu-50ml-shortfill-blue-raspberry-2/
5884,AISU 50ml Shortfill – Green Apple,70vg/30pg -E-Liquid | E-Liquid | Shortfill E-Liquid,,24.02,AUD,false,true,simple,images/aisu-50ml-shortfill-green-apple-2.jpeg,https://aussievapemart.com.au/product/aisu-50ml-shortfill-green-apple-2/
5883,AISU 50ml Shortfill – Dragon Fruit,70vg/30pg -E-Liquid | E-Liquid | Shortfill E-Liquid,,24.02,AUD,false,true,simple,images/aisu-50ml-shortfill-dragon-fruit-2.jpeg,https://aussievapemart.com.au/product/aisu-50ml-shortfill-dragon-fruit-2/
5874,AISU 50ml Shortfill – Pink Guava,70vg/30pg -E-Liquid | E-Liquid | Shortfill E-Liquid,,24.02,AUD,false,true,simple,images/aisu-50ml-shortfill-pink-guava-2.jpeg,https://aussievapemart.com.au/product/aisu-50ml-shortfill-pink-guava-2/
5872,Dinner Lady 50ml Shortfill – Tobacco Range – Caramel Tobacco,70vg/30pg -E-Liquid | E-Liquid | Shortfill E-Liquid,,24.02,AUD,false,true,simple,images/dinner-lady-50ml-shortfill-tobacco-range-caramel-tobacco-2.jpeg,https://aussievapemart.com.au/product/dinner-lady-50ml-shortfill-tobacco-range-caramel-tobacco-2/
5871,DINNER LADY 50ml Sweet Shortfill E-Liquid – Apple Sours,70vg/30pg -E-Liquid | E-Liquid | Shortfill E-Liquid,,24.02,AUD,false,true,simple,images/dinner-lady-50ml-sweet-shortfill-e-liquid-apple-sours-2.jpeg,https://aussievapemart.com.au/product/dinner-lady-50ml-sweet-shortfill-e-liquid-apple-sours-2/
5870,DINNER LADY 50ml Shortfill E-Liquid – Mango Tart,70vg/30pg -E-Liquid | E-Liquid | Shortfill E-Liquid,,24.02,AUD,false,true,simple,images/dinner-lady-50ml-shortfill-e-liquid-mango-tart-2.jpeg,https://aussievapemart.com.au/product/dinner-lady-50ml-shortfill-e-liquid-mango-tart-2/
5869,DINNER LADY 50ml Shortfill E-Liquid – Kiwi Melon – Fruit Flavours,70vg/30pg -E-Liquid | E-Liquid | Shortfill E-Liquid,,24.02,AUD,false,true,simple,images/dinner-lady-50ml-shortfill-e-liquid-kiwi-melon-fruit-flavours-2.jpeg,https://aussievapemart.com.au/product/dinner-lady-50ml-shortfill-e-liquid-kiwi-melon-fruit-flavours-2/
5868,DINNER LADY 50ml Shortfill E-Liquid – Cola Shades – Summer Holidays Series,70vg/30pg -E-Liquid | E-Liquid | Shortfill E-Liquid,,24.02,AUD,false,true,simple,images/dinner-lady-50ml-shortfill-e-liquid-cola-shades-summer-holidays-series-2.jpeg,https://aussievapemart.com.au/product/dinner-lady-50ml-shortfill-e-liquid-cola-shades-summer-holidays-series-2/
5867,Ossem Fusion – Nightshade – Vanilla Hazelnut Coffee 50ml,70vg/30pg -E-Liquid | E-Liquid | Shortfill E-Liquid,,24.85,AUD,false,true,simple,images/ossem-fusion-nightshade-vanilla-hazelnut-coffee-50ml-2.jpeg,https://aussievapemart.com.au/product/ossem-fusion-nightshade-vanilla-hazelnut-coffee-50ml-2/
5866,NASTY JUICE 50ML SHORTFILL – CUSH MAN SERIES – Mango Strawberry,70vg/30pg -E-Liquid | E-Liquid | Nasty Juice | Shortfill E-Liquid,,26.49,AUD,false,true,simple,images/nasty-juice-50ml-shortfill-cush-man-series-mango-strawberry-2.jpeg,https://aussievapemart.com.au/product/nasty-juice-50ml-shortfill-cush-man-series-mango-strawberry-2/
5865,NASTY JUICE 50ML SHORTFILL – CUSH MAN SERIES – Mango Banana,70vg/30pg -E-Liquid | E-Liquid | Nasty Juice | Shortfill E-Liquid,,24.49,AUD,false,true,simple,images/nasty-juice-50ml-shortfill-cush-man-series-mango-banana-2.jpeg,https://aussievapemart.com.au/product/nasty-juice-50ml-shortfill-cush-man-series-mango-banana-2/
5863,Witchcraft 50ml Shortfill – Menthol X,70vg/30pg -E-Liquid | E-Liquid | Shortfill E-Liquid,,26.49,AUD,false,true,simple,images/witchcraft-50ml-shortfill-menthol-x-2.jpeg,https://aussievapemart.com.au/product/witchcraft-50ml-shortfill-menthol-x-2/
5862,Nasty ModMate – Mango Ice 50ml Shortfill,70vg/30pg -E-Liquid | E-Liquid | Nasty Juice | Shortfill E-Liquid,,26.53,AUD,false,true,simple,images/nasty-modmate-mango-ice-50ml-shortfill-2.jpeg,https://aussievapemart.com.au/product/nasty-modmate-mango-ice-50ml-shortfill-2/
5861,Nasty ModMate – Peach Lemonade 50ml Shortfill,70vg/30pg -E-Liquid | E-Liquid | Nasty Juice | Shortfill E-Liquid,,26.53,AUD,false,true,simple,images/nasty-modmate-peach-lemonade-50ml-shortfill-2.jpeg,https://aussievapemart.com.au/product/nasty-modmate-peach-lemonade-50ml-shortfill-2/
5860,Nasty ModMate – Strawberry &#038; Kiwi 50ml Shortfill,70vg/30pg -E-Liquid | E-Liquid | Nasty Juice | Shortfill E-Liquid,,26.53,AUD,false,true,simple,images/nasty-modmate-strawberry-kiwi-50ml-shortfill-2.jpeg,https://aussievapemart.com.au/product/nasty-modmate-strawberry-kiwi-50ml-shortfill-2/
5859,Nasty ModMate – Watermelon Ice 50ml Shortfill,70vg/30pg -E-Liquid | E-Liquid | Nasty Juice | Shortfill E-Liquid,,26.53,AUD,false,true,simple,images/nasty-modmate-watermelon-ice-50ml-shortfill-2.jpeg,https://aussievapemart.com.au/product/nasty-modmate-watermelon-ice-50ml-shortfill-2/
5858,Nasty ModMate – Lychee 50ml Shortfill,70vg/30pg -E-Liquid | E-Liquid | Nasty Juice | Shortfill E-Liquid,,26.53,AUD,false,true,simple,images/nasty-modmate-lychee-50ml-shortfill-2.jpeg,https://aussievapemart.com.au/product/nasty-modmate-lychee-50ml-shortfill-2/
5857,NAKED 100 E-Liquid 50ml Shotfill – Polar Breeze,70vg/30pg -E-Liquid | E-Liquid,,28.16,AUD,false,true,simple,images/naked-100-e-liquid-50ml-shotfill-polar-breeze.jpeg,https://aussievapemart.com.au/product/naked-100-e-liquid-50ml-shotfill-polar-breeze/
5856,NAKED 100 E-Liquid 50ml Shortfill – Lava Flow,70vg/30pg -E-Liquid | E-Liquid,,28.16,AUD,false,true,simple,images/naked-100-e-liquid-50ml-shortfill-lava-flow.jpeg,https://aussievapemart.com.au/product/naked-100-e-liquid-50ml-shortfill-lava-flow/
5855,NAKED 100 E-Liquid 50ml Shortfill – Brain Freeze,70vg/30pg -E-Liquid | E-Liquid | Shortfill E-Liquid,,28.16,AUD,false,true,simple,images/naked-100-e-liquid-50ml-shortfill-brain-freeze-2.jpeg,https://aussievapemart.com.au/product/naked-100-e-liquid-50ml-shortfill-brain-freeze-2/
5854,NAKED 100 E-Liquid 50ml Shortfill – Euro Gold,70vg/30pg -E-Liquid | E-Liquid,,28.16,AUD,false,true,simple,images/naked-100-e-liquid-50ml-shortfill-euro-gold.jpeg,https://aussievapemart.com.au/product/naked-100-e-liquid-50ml-shortfill-euro-gold/
5853,Seriously Fruity by Doozy Vape 100ml Shortfill 0mg (70VG/30PG),70vg/30pg -E-Liquid | E-Liquid,,27.92,AUD,true,true,simple,images/seriously-fruity-by-doozy-vape-100ml-shortfill-0mg-70vg-30pg.jpeg,https://aussievapemart.com.au/product/seriously-fruity-by-doozy-vape-100ml-shortfill-0mg-70vg-30pg/
5840,Fizzy Juice King Bar 100ml Shortfill 0mg (70VG/30PG),70vg/30pg -E-Liquid | E-Liquid,,42.81,AUD,true,true,simple,images/fizzy-juice-king-bar-100ml-shortfill-0mg-70vg-30pg.jpeg,https://aussievapemart.com.au/product/fizzy-juice-king-bar-100ml-shortfill-0mg-70vg-30pg/
5839,Seriously Slushy by Doozy Vape 100ml Shortfill 0mg (70VG/30PG),70vg/30pg -E-Liquid | E-Liquid,,26.85,AUD,true,true,simple,images/seriously-slushy-by-doozy-vape-100ml-shortfill-0mg-70vg-30pg.jpeg,https://aussievapemart.com.au/product/seriously-slushy-by-doozy-vape-100ml-shortfill-0mg-70vg-30pg/
5838,Kingston Sweet Candy Floss 120ml Shortfill 0mg (70VG/30PG),70vg/30pg -E-Liquid | E-Liquid | Shortfill E-Liquid,,27.84,AUD,true,true,simple,images/kingston-sweet-candy-floss-120ml-shortfill-0mg-70vg-30pg-2.jpeg,https://aussievapemart.com.au/product/kingston-sweet-candy-floss-120ml-shortfill-0mg-70vg-30pg-2/
5837,The Big Tasty Exotic 100ml Shortfill 0mg (70VG/30PG),70vg/30pg -E-Liquid | E-Liquid | Shortfill E-Liquid,,28.65,AUD,true,true,simple,images/the-big-tasty-exotic-100ml-shortfill-0mg-70vg-30pg-2.jpeg,https://aussievapemart.com.au/product/the-big-tasty-exotic-100ml-shortfill-0mg-70vg-30pg-2/
5836,Ultimate E-liquid Slushy By Ultimate Puff 100ml Shortfill 0mg (70VG/30PG),70vg/30pg -E-Liquid | E-Liquid | Shortfill E-Liquid,,40.32,AUD,true,true,simple,images/ultimate-e-liquid-slushy-by-ultimate-puff-100ml-shortfill-0mg-70vg-30pg-2.jpeg,https://aussievapemart.com.au/product/ultimate-e-liquid-slushy-by-ultimate-puff-100ml-shortfill-0mg-70vg-30pg-2/
5835,Kingston Cola 120ml Shortfill 0mg (70VG/30PG),70vg/30pg -E-Liquid | E-Liquid | Shortfill E-Liquid,,27.95,AUD,true,true,simple,images/kingston-cola-120ml-shortfill-0mg-70vg-30pg-2.jpeg,https://aussievapemart.com.au/product/kingston-cola-120ml-shortfill-0mg-70vg-30pg-2/
5834,Fizzy King 100ml Shortfill 0mg (70VG/30PG),70vg/30pg -E-Liquid | E-Liquid | Shortfill E-Liquid,,15.31,AUD,false,true,simple,images/fizzy-king-100ml-shortfill-0mg-70vg-30pg-2.jpeg,https://aussievapemart.com.au/product/fizzy-king-100ml-shortfill-0mg-70vg-30pg-2/
5833,Milk King By Drip More 100ml Shortfill 0mg (70VG/30PG),70vg/30pg -E-Liquid | E-Liquid,,55.69,AUD,true,true,simple,images/milk-king-by-drip-more-100ml-shortfill-0mg-70vg-30pg.jpeg,https://aussievapemart.com.au/product/milk-king-by-drip-more-100ml-shortfill-0mg-70vg-30pg/
5832,Nasty Multipack 3mg 10ml E-Liquids (70VG/30PG),70vg/30pg -E-Liquid | E-Liquid | WHOLESALE/BULK PRODUCTS,,50.81,AUD,true,true,simple,images/nasty-multipack-3mg-10ml-e-liquids-70vg-30pg.jpeg,https://aussievapemart.com.au/product/nasty-multipack-3mg-10ml-e-liquids-70vg-30pg/
5831,Cookie King By Drip More 100ml Shortfill 0mg (70VG/30PG),70vg/30pg -E-Liquid | E-Liquid | Shortfill E-Liquid,,54.79,AUD,true,true,simple,images/cookie-king-by-drip-more-100ml-shortfill-0mg-70vg-30pg-2.jpeg,https://aussievapemart.com.au/product/cookie-king-by-drip-more-100ml-shortfill-0mg-70vg-30pg-2/
5830,Grape Soda 100ml Shortfill E-Liquid by Seriously Slushy,70vg/30pg -E-Liquid | E-Liquid,,25.89,AUD,false,true,simple,images/grape-soda-100ml-shortfill-e-liquid-by-seriously-slushy.jpeg,https://aussievapemart.com.au/product/grape-soda-100ml-shortfill-e-liquid-by-seriously-slushy/
5817,Berry Watermelon 100ml Shortfill E-Liquid by Seriously Slushy,70vg/30pg -E-Liquid | E-Liquid,,25.89,AUD,false,true,simple,images/berry-watermelon-100ml-shortfill-e-liquid-by-seriously-slushy.jpeg,https://aussievapemart.com.au/product/berry-watermelon-100ml-shortfill-e-liquid-by-seriously-slushy/
5816,Cool Blackcurrant Lemonade 100ml Shortfill E-Liquid by Seriously Nice,70vg/30pg -E-Liquid | E-Liquid,,25.89,AUD,false,true,simple,images/cool-blackcurrant-lemonade-100ml-shortfill-e-liquid-by-seriously-nice.jpeg,https://aussievapemart.com.au/product/cool-blackcurrant-lemonade-100ml-shortfill-e-liquid-by-seriously-nice/
5815,Lemon Lime 100ml Shortfill E-Liquid by Seriously Slushy,70vg/30pg -E-Liquid | E-Liquid,,25.89,AUD,false,true,simple,images/lemon-lime-100ml-shortfill-e-liquid-by-seriously-slushy.jpeg,https://aussievapemart.com.au/product/lemon-lime-100ml-shortfill-e-liquid-by-seriously-slushy/
5814,Blue Razz Berry 100ml Shortfill E-Liquid by Seriously Fruity,70vg/30pg -E-Liquid | E-Liquid,,25.89,AUD,false,true,simple,images/blue-razz-berry-100ml-shortfill-e-liquid-by-seriously-fruity.jpeg,https://aussievapemart.com.au/product/blue-razz-berry-100ml-shortfill-e-liquid-by-seriously-fruity/
5813,Vermilion Reloaded 100ml Shortfill E-Liquid by Zeus Juice,70vg/30pg -E-Liquid | E-Liquid,,40,AUD,false,true,simple,images/vermilion-reloaded-100ml-shortfill-e-liquid-by-zeus-juice.jpeg,https://aussievapemart.com.au/product/vermilion-reloaded-100ml-shortfill-e-liquid-by-zeus-juice/
5812,Urban Cherry Good Cherry 100ml Shortfill E-Liquid by Wick Liquor,70vg/30pg -E-Liquid | E-Liquid,,29.98,AUD,false,true,simple,images/urban-cherry-good-cherry-100ml-shortfill-e-liquid-by-wick-liquor.jpeg,https://aussievapemart.com.au/product/urban-cherry-good-cherry-100ml-shortfill-e-liquid-by-wick-liquor/
5811,Loco Cherry Good Cherry 100ml Shortfill E-Liquid by Wick Liquor,70vg/30pg -E-Liquid | E-Liquid,,29.98,AUD,false,true,simple,images/loco-cherry-good-cherry-100ml-shortfill-e-liquid-by-wick-liquor.jpeg,https://aussievapemart.com.au/product/loco-cherry-good-cherry-100ml-shortfill-e-liquid-by-wick-liquor/
5810,Grape E-Liquid 50ml (1500mg),E-Liquid | Supremecbd,,49.05,AUD,true,true,simple,images/grape-e-liquid-50ml-1500mg-2.jpeg,https://aussievapemart.com.au/product/grape-e-liquid-50ml-1500mg-2/
5809,Cosmic Candy E-Liquid 60ml (3000mg),E-Liquid | Supremecbd,,49.05,AUD,true,true,simple,images/cosmic-candy-e-liquid-60ml-3000mg-2.jpeg,https://aussievapemart.com.au/product/cosmic-candy-e-liquid-60ml-3000mg-2/
5806,Fruit Punch E-Liquid 60ml (3000mg),E-Liquid | Supremecbd,,49.05,AUD,true,true,simple,images/fruit-punch-e-liquid-60ml-3000mg-2.jpeg,https://aussievapemart.com.au/product/fruit-punch-e-liquid-60ml-3000mg-2/
5804,Spearmint Mint E-Liquid 60ml (3000mg),E-Liquid | Supremecbd,,49.05,AUD,true,true,simple,images/spearmint-mint-e-liquid-60ml-3000mg-2.jpeg,https://aussievapemart.com.au/product/spearmint-mint-e-liquid-60ml-3000mg-2/
5803,Sweet Strawberry E-Liquid 60ml (3000mg),E-Liquid | Supremecbd,,49.05,AUD,true,true,simple,images/sweet-strawberry-e-liquid-60ml-3000mg-2.jpeg,https://aussievapemart.com.au/product/sweet-strawberry-e-liquid-60ml-3000mg-2/
5790,Raspberry Pineapple E-Liquid 60ml (3000mg),E-Liquid | Supremecbd,,49.05,AUD,true,true,simple,images/raspberry-pineapple-e-liquid-60ml-3000mg-2.jpeg,https://aussievapemart.com.au/product/raspberry-pineapple-e-liquid-60ml-3000mg-2/
5789,EURO GOLD TOBACCO NAKED 100 60ML,70vg/30pg -E-Liquid | E-Liquid,,22.3,AUD,true,true,simple,images/euro-gold-tobacco-naked-100-60ml.jpeg,https://aussievapemart.com.au/product/euro-gold-tobacco-naked-100-60ml/
5788,CUBAN BLEND NAKED 100 60ML,70vg/30pg -E-Liquid | E-Liquid,,22.3,AUD,false,true,simple,images/cuban-blend-naked-100-60ml.jpeg,https://aussievapemart.com.au/product/cuban-blend-naked-100-60ml/
5787,LEMON CUSTARD THE FINEST E-JUICE 2X60ML,70vg/30pg -E-Liquid | E-Liquid,,27.08,AUD,false,true,simple,images/lemon-custard-the-finest-e-juice-2x60ml.jpeg,https://aussievapemart.com.au/product/lemon-custard-the-finest-e-juice-2x60ml/
5786,KILLER FRUITS STRAW GUAW VAPETASIA TFN E-JUICE 100ML,70vg/30pg -E-Liquid | E-Liquid,,25.49,AUD,false,true,simple,images/killer-fruits-straw-guaw-vapetasia-tfn-e-juice-100ml.jpeg,https://aussievapemart.com.au/product/killer-fruits-straw-guaw-vapetasia-tfn-e-juice-100ml/
5785,VAPETASIA KILLER FRUITS BLUE RAZZ TFN E-JUICE 100ML,70vg/30pg -E-Liquid | E-Liquid,,25.49,AUD,false,true,simple,images/vapetasia-killer-fruits-blue-razz-tfn-e-juice-100ml.jpeg,https://aussievapemart.com.au/product/vapetasia-killer-fruits-blue-razz-tfn-e-juice-100ml/
5784,KILLER FRUITS TRAPPLE VAPETASIA TFN E-JUICE 100ML,70vg/30pg -E-Liquid | E-Liquid,,25.49,AUD,false,true,simple,images/killer-fruits-trapple-vapetasia-tfn-e-juice-100ml.jpeg,https://aussievapemart.com.au/product/killer-fruits-trapple-vapetasia-tfn-e-juice-100ml/
5761,BLACKBERRY CUSTARD MONSTER 100ML,70vg/30pg -E-Liquid | E-Liquid,,25.49,AUD,false,true,simple,images/blackberry-custard-monster-100ml.jpeg,https://aussievapemart.com.au/product/blackberry-custard-monster-100ml/
5760,Taruto – Yami Vapor – Sugoi Vapor,70vg/30pg -E-Liquid | E-Liquid,,31,AUD,false,true,simple,images/taruto-yami-vapor-sugoi-vapor.jpeg,https://aussievapemart.com.au/product/taruto-yami-vapor-sugoi-vapor/
5759,Shaka – Yami Vapor – Sugoi Vapor,70vg/30pg -E-Liquid | E-Liquid,,31,AUD,false,true,simple,images/shaka-yami-vapor-sugoi-vapor.jpeg,https://aussievapemart.com.au/product/shaka-yami-vapor-sugoi-vapor/
5758,Neptune Berries – Juice Dimension – Sugoi Vapor,70vg/30pg -E-Liquid | E-Liquid,,31,AUD,false,true,simple,images/neptune-berries-juice-dimension-sugoi-vapor.jpeg,https://aussievapemart.com.au/product/neptune-berries-juice-dimension-sugoi-vapor/
5757,Lychee e-Liquid Juice – Skwezed,70vg/30pg -E-Liquid | BAR JUICE 5000 NICOTINE SALT E-LIQUID | E-Liquid,,36,AUD,false,true,simple,images/lychee-e-liquid-juice-skwezed.jpeg,https://aussievapemart.com.au/product/lychee-e-liquid-juice-skwezed/
5756,Mango e-Liquid Juice – Skwezed,70vg/30pg -E-Liquid | E-Liquid,,36,AUD,false,true,simple,images/mango-e-liquid-juice-skwezed.jpeg,https://aussievapemart.com.au/product/mango-e-liquid-juice-skwezed/
5755,STRAWBERRY ICE SKWEZED 100ML,70vg/30pg -E-Liquid | E-Liquid,,25.57,AUD,false,true,simple,images/strawberry-ice-skwezed-100ml.jpeg,https://aussievapemart.com.au/product/strawberry-ice-skwezed-100ml/
5754,MENTHOL WATERMELON GUAVA PEACH Orgasm Ice by One Up Vapor Original 100ml,70vg/30pg -E-Liquid | E-Liquid,,20.63,AUD,true,true,simple,images/menthol-watermelon-guava-peach-orgasm-ice-by-one-up-vapor-original-100ml.jpeg,https://aussievapemart.com.au/product/menthol-watermelon-guava-peach-orgasm-ice-by-one-up-vapor-original-100ml/
5753,GREEN APPLE STRAWBERRY CANDY Sour Belts by One Up Vapor Original 100ml,70vg/30pg -E-Liquid | E-Liquid,,20.62,AUD,true,true,simple,images/green-apple-strawberry-candy-sour-belts-by-one-up-vapor-original-100ml.jpeg,https://aussievapemart.com.au/product/green-apple-strawberry-candy-sour-belts-by-one-up-vapor-original-100ml/
5752,Banana by Skwezed 100ml,70vg/30pg -E-Liquid | E-Liquid,,23.05,AUD,true,true,simple,images/banana-by-skwezed-100ml.jpeg,https://aussievapemart.com.au/product/banana-by-skwezed-100ml/
5751,Tangerine Lime by Sorbet Pop 100ml,70vg/30pg -E-Liquid | E-Liquid,,24.43,AUD,true,true,simple,images/tangerine-lime-by-sorbet-pop-100ml.jpeg,https://aussievapemart.com.au/product/tangerine-lime-by-sorbet-pop-100ml/
5750,Sweet Apple E-liquid By Crown Vapes,70vg/30pg -E-Liquid | E-Liquid,,45.08,AUD,false,true,simple,images/sweet-apple-e-liquid-by-crown-vapes.jpeg,https://aussievapemart.com.au/product/sweet-apple-e-liquid-by-crown-vapes/
5749,Strawberry Chew E-liquid by The Finest – (2 pack,70vg/30pg -E-Liquid | E-Liquid,,17.99,AUD,true,true,simple,images/strawberry-chew-e-liquid-by-the-finest-2-pack.jpeg,https://aussievapemart.com.au/product/strawberry-chew-e-liquid-by-the-finest-2-pack/
5731,5x Desserts Ferocious | 70/30 Shortfill Bundle,70vg/30pg -E-Liquid | E-Liquid | Shortfill E-Liquid | WHOLESALE/BULK PRODUCTS,,65.48,AUD,true,true,simple,images/5x-desserts-ferocious-70-30-shortfill-bundle-2.jpeg,https://aussievapemart.com.au/product/5x-desserts-ferocious-70-30-shortfill-bundle-2/
5729,5X 50ml Fantasi Remix Bundle | 70/30 E-Liquid Bundle,70vg/30pg -E-Liquid | E-Liquid | WHOLESALE/BULK PRODUCTS,,39.96,AUD,true,true,simple,images/5x-50ml-fantasi-remix-bundle-70-30-e-liquid-bundle.jpeg,https://aussievapemart.com.au/product/5x-50ml-fantasi-remix-bundle-70-30-e-liquid-bundle/
5728,50ml Fantasi Berries Ice Bundle | 70/30 E-Liquid Bundle,70vg/30pg -E-Liquid | E-Liquid | WHOLESALE/BULK PRODUCTS,,33.86,AUD,true,true,simple,images/50ml-fantasi-berries-ice-bundle-70-30-e-liquid-bundle.jpeg,https://aussievapemart.com.au/product/50ml-fantasi-berries-ice-bundle-70-30-e-liquid-bundle/
5727,4x Berry Fantasi | 70/30 Shortfill Bundle,70vg/30pg -E-Liquid | E-Liquid | Shortfill E-Liquid | WHOLESALE/BULK PRODUCTS,,53.81,AUD,true,true,simple,images/4x-berry-fantasi-70-30-shortfill-bundle-2.jpeg,https://aussievapemart.com.au/product/4x-berry-fantasi-70-30-shortfill-bundle-2/
5725,Fantasi Ice E-Liquid(70/30)100ml  0 Nicotine,70vg/30pg -E-Liquid | E-Liquid | Shortfill E-Liquid,,20.04,AUD,false,true,simple,images/fantasi-ice-e-liquid70-30100ml-0-nicotine.jpeg,https://aussievapemart.com.au/product/fantasi-ice-e-liquid70-30100ml-0-nicotine/
5724,The Berry Bowl by Chubby Juice E -Liquid | 100ml Short Fill,70vg/30pg -E-Liquid | E-Liquid | Shortfill E-Liquid,,20.02,AUD,true,true,simple,images/the-berry-bowl-by-chubby-juice-e-liquid-100ml-short-fill.jpeg,https://aussievapemart.com.au/product/the-berry-bowl-by-chubby-juice-e-liquid-100ml-short-fill/
5723,Black Breeze by Chubby Juice E-Liquid | 100ml Short Fill,70vg/30pg -E-Liquid | E-Liquid | Shortfill E-Liquid,,20.02,AUD,true,true,simple,images/black-breeze-by-chubby-juice-e-liquid-100ml-short-fill.jpeg,https://aussievapemart.com.au/product/black-breeze-by-chubby-juice-e-liquid-100ml-short-fill/
5708,Rhuberry by Chubby Juice E-Liquid | 100ml Short Fill,70vg/30pg -E-Liquid | E-Liquid | Shortfill E-Liquid,,20.02,AUD,true,true,simple,images/rhuberry-by-chubby-juice-e-liquid-100ml-short-fill.jpeg,https://aussievapemart.com.au/product/rhuberry-by-chubby-juice-e-liquid-100ml-short-fill/
5706,Gingerbread Custard by Dripping Desserts E Liquid | 100ml Short Fill,70vg/30pg -E-Liquid | E-Liquid | Shortfill E-Liquid,,20.02,AUD,true,true,simple,images/gingerbread-custard-by-dripping-desserts-e-liquid-100ml-short-fill.jpeg,https://aussievapemart.com.au/product/gingerbread-custard-by-dripping-desserts-e-liquid-100ml-short-fill/
5705,Screwball by Chubby Treatz | 60ml Longfill,70vg/30pg -E-Liquid | E-Liquid | Shortfill E-Liquid,,19.92,AUD,false,true,simple,images/screwball-by-chubby-treatz-60ml-longfill.jpeg,https://aussievapemart.com.au/product/screwball-by-chubby-treatz-60ml-longfill/
5704,Lemon Drizzle by Chubby Treatz | 60ml Longfill,70vg/30pg -E-Liquid | E-Liquid | Shortfill E-Liquid,,19.92,AUD,false,true,simple,images/lemon-drizzle-by-chubby-treatz-60ml-longfill.jpeg,https://aussievapemart.com.au/product/lemon-drizzle-by-chubby-treatz-60ml-longfill/
5703,Gold Bar by Chubby Treatz | 60ml Longfill,70vg/30pg -E-Liquid | E-Liquid | Shortfill E-Liquid,,19.92,AUD,false,true,simple,images/gold-bar-by-chubby-treatz-60ml-longfill.jpeg,https://aussievapemart.com.au/product/gold-bar-by-chubby-treatz-60ml-longfill/
5702,After Mint Infused Tobacco | The Tobacconist by Cuttwood E Liquid | 100ml Short Fill,70vg/30pg -E-Liquid | E-Liquid | Shortfill E-Liquid,,26.58,AUD,true,true,simple,images/after-mint-infused-tobacco-the-tobacconist-by-cuttwood-e-liquid-100ml-short-fill.jpeg,https://aussievapemart.com.au/product/after-mint-infused-tobacco-the-tobacconist-by-cuttwood-e-liquid-100ml-short-fill/
5697,AISU 50ml Shortfill – Blue Raspberry,70vg/30pg -E-Liquid | E-Liquid | Shortfill E-Liquid,,24.02,AUD,false,true,simple,images/aisu-50ml-shortfill-blue-raspberry.jpeg,https://aussievapemart.com.au/product/aisu-50ml-shortfill-blue-raspberry/
5696,AISU 50ml Shortfill – Green Apple,70vg/30pg -E-Liquid | E-Liquid | Shortfill E-Liquid,,24.02,AUD,false,true,simple,images/aisu-50ml-shortfill-green-apple.jpeg,https://aussievapemart.com.au/product/aisu-50ml-shortfill-green-apple/
5695,AISU 50ml Shortfill – Dragon Fruit,70vg/30pg -E-Liquid | E-Liquid | Shortfill E-Liquid,,24.02,AUD,false,true,simple,images/aisu-50ml-shortfill-dragon-fruit.jpeg,https://aussievapemart.com.au/product/aisu-50ml-shortfill-dragon-fruit/
5693,AISU 50ml Shortfill – Pink Guava,70vg/30pg -E-Liquid | E-Liquid | Shortfill E-Liquid,,24.02,AUD,false,true,simple,images/aisu-50ml-shortfill-pink-guava.jpeg,https://aussievapemart.com.au/product/aisu-50ml-shortfill-pink-guava/
5691,Dinner Lady 50ml Shortfill – Tobacco Range – Caramel Tobacco,70vg/30pg -E-Liquid | E-Liquid | Shortfill E-Liquid,,24.02,AUD,false,true,simple,images/dinner-lady-50ml-shortfill-tobacco-range-caramel-tobacco.jpeg,https://aussievapemart.com.au/product/dinner-lady-50ml-shortfill-tobacco-range-caramel-tobacco/
5676,DINNER LADY 50ml Sweet Shortfill E-Liquid – Apple Sours,70vg/30pg -E-Liquid | E-Liquid | Shortfill E-Liquid,,24.02,AUD,false,true,simple,images/dinner-lady-50ml-sweet-shortfill-e-liquid-apple-sours.jpeg,https://aussievapemart.com.au/product/dinner-lady-50ml-sweet-shortfill-e-liquid-apple-sours/
5675,DINNER LADY 50ml Shortfill E-Liquid – Mango Tart,70vg/30pg -E-Liquid | E-Liquid | Shortfill E-Liquid,,24.02,AUD,false,true,simple,images/dinner-lady-50ml-shortfill-e-liquid-mango-tart.jpeg,https://aussievapemart.com.au/product/dinner-lady-50ml-shortfill-e-liquid-mango-tart/
5674,DINNER LADY 50ml Shortfill E-Liquid – Kiwi Melon – Fruit Flavours,70vg/30pg -E-Liquid | E-Liquid | Shortfill E-Liquid,,24.02,AUD,false,true,simple,images/dinner-lady-50ml-shortfill-e-liquid-kiwi-melon-fruit-flavours.jpeg,https://aussievapemart.com.au/product/dinner-lady-50ml-shortfill-e-liquid-kiwi-melon-fruit-flavours/
5673,DINNER LADY 50ml Shortfill E-Liquid – Cola Shades – Summer Holidays Series,70vg/30pg -E-Liquid | E-Liquid | Shortfill E-Liquid,,24.02,AUD,false,true,simple,images/dinner-lady-50ml-shortfill-e-liquid-cola-shades-summer-holidays-series.jpeg,https://aussievapemart.com.au/product/dinner-lady-50ml-shortfill-e-liquid-cola-shades-summer-holidays-series/
5672,Ossem Fusion – Nightshade – Vanilla Hazelnut Coffee 50ml,70vg/30pg -E-Liquid | E-Liquid | Shortfill E-Liquid,,24.85,AUD,false,true,simple,images/ossem-fusion-nightshade-vanilla-hazelnut-coffee-50ml.jpeg,https://aussievapemart.com.au/product/ossem-fusion-nightshade-vanilla-hazelnut-coffee-50ml/
5671,NASTY JUICE 50ML SHORTFILL – CUSH MAN SERIES – Mango Strawberry,70vg/30pg -E-Liquid | E-Liquid | Nasty Juice | Shortfill E-Liquid,,26.49,AUD,false,true,simple,images/nasty-juice-50ml-shortfill-cush-man-series-mango-strawberry.jpeg,https://aussievapemart.com.au/product/nasty-juice-50ml-shortfill-cush-man-series-mango-strawberry/
5670,NASTY JUICE 50ML SHORTFILL – CUSH MAN SERIES – Mango Banana,70vg/30pg -E-Liquid | E-Liquid | Nasty Juice | Shortfill E-Liquid,,24.49,AUD,false,true,simple,images/nasty-juice-50ml-shortfill-cush-man-series-mango-banana.jpeg,https://aussievapemart.com.au/product/nasty-juice-50ml-shortfill-cush-man-series-mango-banana/
5668,Witchcraft 50ml Shortfill – Menthol X,70vg/30pg -E-Liquid | E-Liquid | Shortfill E-Liquid,,26.49,AUD,false,true,simple,images/witchcraft-50ml-shortfill-menthol-x.jpeg,https://aussievapemart.com.au/product/witchcraft-50ml-shortfill-menthol-x/
5667,Nasty ModMate – Mango Ice 50ml Shortfill,70vg/30pg -E-Liquid | E-Liquid | Nasty Juice | Shortfill E-Liquid,,26.53,AUD,false,true,simple,images/nasty-modmate-mango-ice-50ml-shortfill.jpeg,https://aussievapemart.com.au/product/nasty-modmate-mango-ice-50ml-shortfill/
5666,Nasty ModMate – Peach Lemonade 50ml Shortfill,70vg/30pg -E-Liquid | E-Liquid | Nasty Juice | Shortfill E-Liquid,,26.53,AUD,false,true,simple,images/nasty-modmate-peach-lemonade-50ml-shortfill.jpeg,https://aussievapemart.com.au/product/nasty-modmate-peach-lemonade-50ml-shortfill/
5653,Nasty ModMate – Strawberry &#038; Kiwi 50ml Shortfill,70vg/30pg -E-Liquid | E-Liquid | Nasty Juice | Shortfill E-Liquid,,26.53,AUD,false,true,simple,images/nasty-modmate-strawberry-kiwi-50ml-shortfill.jpeg,https://aussievapemart.com.au/product/nasty-modmate-strawberry-kiwi-50ml-shortfill/
5652,Nasty ModMate – Watermelon Ice 50ml Shortfill,70vg/30pg -E-Liquid | E-Liquid | Nasty Juice | Shortfill E-Liquid,,26.53,AUD,false,true,simple,images/nasty-modmate-watermelon-ice-50ml-shortfill.jpeg,https://aussievapemart.com.au/product/nasty-modmate-watermelon-ice-50ml-shortfill/
5651,Nasty ModMate – Lychee 50ml Shortfill,70vg/30pg -E-Liquid | E-Liquid | Nasty Juice | Shortfill E-Liquid,,26.53,AUD,false,true,simple,images/nasty-modmate-lychee-50ml-shortfill.jpeg,https://aussievapemart.com.au/product/nasty-modmate-lychee-50ml-shortfill/
5650,NAKED 100 E-Liquid 50ml Shortfill – Brain Freeze,70vg/30pg -E-Liquid | E-Liquid | Shortfill E-Liquid,,28.16,AUD,false,true,simple,images/naked-100-e-liquid-50ml-shortfill-brain-freeze.jpeg,https://aussievapemart.com.au/product/naked-100-e-liquid-50ml-shortfill-brain-freeze/
5649,Kingston Sweet Candy Floss 120ml Shortfill 0mg (70VG/30PG),70vg/30pg -E-Liquid | E-Liquid | Shortfill E-Liquid,,27.84,AUD,true,true,simple,images/kingston-sweet-candy-floss-120ml-shortfill-0mg-70vg-30pg.jpeg,https://aussievapemart.com.au/product/kingston-sweet-candy-floss-120ml-shortfill-0mg-70vg-30pg/
5638,The Big Tasty Exotic 100ml Shortfill 0mg (70VG/30PG),70vg/30pg -E-Liquid | E-Liquid | Shortfill E-Liquid,,28.65,AUD,true,true,simple,images/the-big-tasty-exotic-100ml-shortfill-0mg-70vg-30pg.jpeg,https://aussievapemart.com.au/product/the-big-tasty-exotic-100ml-shortfill-0mg-70vg-30pg/
5637,Ultimate E-liquid Slushy By Ultimate Puff 100ml Shortfill 0mg (70VG/30PG),70vg/30pg -E-Liquid | E-Liquid | Shortfill E-Liquid,,40.32,AUD,true,true,simple,images/ultimate-e-liquid-slushy-by-ultimate-puff-100ml-shortfill-0mg-70vg-30pg.jpeg,https://aussievapemart.com.au/product/ultimate-e-liquid-slushy-by-ultimate-puff-100ml-shortfill-0mg-70vg-30pg/
5636,Kingston Cola 120ml Shortfill 0mg (70VG/30PG),70vg/30pg -E-Liquid | E-Liquid | Shortfill E-Liquid,,27.95,AUD,true,true,simple,images/kingston-cola-120ml-shortfill-0mg-70vg-30pg.jpeg,https://aussievapemart.com.au/product/kingston-cola-120ml-shortfill-0mg-70vg-30pg/
5635,Fizzy King 100ml Shortfill 0mg (70VG/30PG),70vg/30pg -E-Liquid | E-Liquid | Shortfill E-Liquid,,15.31,AUD,false,true,simple,images/fizzy-king-100ml-shortfill-0mg-70vg-30pg.jpeg,https://aussievapemart.com.au/product/fizzy-king-100ml-shortfill-0mg-70vg-30pg/
5634,Cookie King By Drip More 100ml Shortfill 0mg (70VG/30PG),70vg/30pg -E-Liquid | E-Liquid | Shortfill E-Liquid,,54.79,AUD,true,true,simple,images/cookie-king-by-drip-more-100ml-shortfill-0mg-70vg-30pg.jpeg,https://aussievapemart.com.au/product/cookie-king-by-drip-more-100ml-shortfill-0mg-70vg-30pg/
5624,Grape E-Liquid 50ml (1500mg),E-Liquid | Supremecbd,,49.05,AUD,true,true,simple,images/grape-e-liquid-50ml-1500mg.jpeg,https://aussievapemart.com.au/product/grape-e-liquid-50ml-1500mg/
5623,Cosmic Candy E-Liquid 60ml (3000mg),E-Liquid | Supremecbd,,49.05,AUD,true,true,simple,images/cosmic-candy-e-liquid-60ml-3000mg.jpeg,https://aussievapemart.com.au/product/cosmic-candy-e-liquid-60ml-3000mg/
5606,Fruit Punch E-Liquid 60ml (3000mg),E-Liquid | Supremecbd,,49.05,AUD,true,true,simple,images/fruit-punch-e-liquid-60ml-3000mg.jpeg,https://aussievapemart.com.au/product/fruit-punch-e-liquid-60ml-3000mg/
5595,Spearmint Mint E-Liquid 60ml (3000mg),E-Liquid | Supremecbd,,49.05,AUD,true,true,simple,images/spearmint-mint-e-liquid-60ml-3000mg.jpeg,https://aussievapemart.com.au/product/spearmint-mint-e-liquid-60ml-3000mg/
5594,Sweet Strawberry E-Liquid 60ml (3000mg),E-Liquid | Supremecbd,,49.05,AUD,true,true,simple,images/sweet-strawberry-e-liquid-60ml-3000mg.jpeg,https://aussievapemart.com.au/product/sweet-strawberry-e-liquid-60ml-3000mg/
5593,Raspberry Pineapple E-Liquid 60ml (3000mg),E-Liquid | Supremecbd,,49.05,AUD,true,true,simple,images/raspberry-pineapple-e-liquid-60ml-3000mg.jpeg,https://aussievapemart.com.au/product/raspberry-pineapple-e-liquid-60ml-3000mg/
5583,5x Desserts Ferocious | 70/30 Shortfill Bundle,70vg/30pg -E-Liquid | E-Liquid | Shortfill E-Liquid | WHOLESALE/BULK PRODUCTS,,65.48,AUD,true,true,simple,images/5x-desserts-ferocious-70-30-shortfill-bundle.jpeg,https://aussievapemart.com.au/product/5x-desserts-ferocious-70-30-shortfill-bundle/
5581,4x Berry Fantasi | 70/30 Shortfill Bundle,70vg/30pg -E-Liquid | E-Liquid | Shortfill E-Liquid | WHOLESALE/BULK PRODUCTS,,53.81,AUD,true,true,simple,images/4x-berry-fantasi-70-30-shortfill-bundle.jpeg,https://aussievapemart.com.au/product/4x-berry-fantasi-70-30-shortfill-bundle/
5571,Vapetasia &#8211; Blueberry Parfait 100ml,E-LIQUIDS,,34.95,AUD,false,true,simple,images/vapetasia-blueberry-parfait-100ml.png,https://aussievapemart.com.au/product/vapetasia-blueberry-parfait-100ml/
5570,Vapetasia &#8211; Strawberry Parfait 100ml,E-LIQUIDS,,34.95,AUD,false,true,simple,images/vapetasia-strawberry-parfait-100ml.png,https://aussievapemart.com.au/product/vapetasia-strawberry-parfait-100ml/
5569,Frank &#038; Atticus | SOUND | Grape Ice 100ml,E-LIQUIDS,,34.95,AUD,false,true,simple,images/frank-atticus-sound-grape-ice-100ml.png,https://aussievapemart.com.au/product/frank-atticus-sound-grape-ice-100ml/
5560,Frank &#038; Atticus | SOUND | Mango Ice 100ml,E-LIQUIDS,,34.95,AUD,false,true,simple,images/frank-atticus-sound-mango-ice-100ml.png,https://aussievapemart.com.au/product/frank-atticus-sound-mango-ice-100ml/
5559,Frank &#038; Atticus | SOUND | Tropical Ice 100ml,E-LIQUIDS,,34.95,AUD,false,true,simple,images/frank-atticus-sound-tropical-ice-100ml.png,https://aussievapemart.com.au/product/frank-atticus-sound-tropical-ice-100ml/
5558,Frank &#038; Atticus | SOUND | Strawberry Watermelon Ice 100ml,E-LIQUIDS,,34.95,AUD,false,true,simple,images/frank-atticus-sound-strawberry-watermelon-ice-100ml.png,https://aussievapemart.com.au/product/frank-atticus-sound-strawberry-watermelon-ice-100ml/
5557,Frank &#038; Atticus | SOUND | Mixed Berry Ice 100ml,E-LIQUIDS,,34.95,AUD,false,true,simple,images/frank-atticus-sound-mixed-berry-ice-100ml.png,https://aussievapemart.com.au/product/frank-atticus-sound-mixed-berry-ice-100ml/
5556,Redback Juice Co. | Frozen | Strawberry &#038; Mangosteen 100ml,E-LIQUIDS,,34.95,AUD,false,true,simple,images/redback-juice-co-frozen-strawberry-mangosteen-100ml.png,https://aussievapemart.com.au/product/redback-juice-co-frozen-strawberry-mangosteen-100ml/
5555,"Redback Juice Co. | Frozen | Banana, Peach &#038; Papaya 100ml",E-LIQUIDS,,34.95,AUD,false,true,simple,images/redback-juice-co-frozen-banana-peach-papaya-100ml.png,https://aussievapemart.com.au/product/redback-juice-co-frozen-banana-peach-papaya-100ml/
5554,Lcious &#8211; Apple Pie Crumble 100ml,E-LIQUIDS,,34.95,AUD,false,true,simple,images/lcious-apple-pie-crumble-100ml.png,https://aussievapemart.com.au/product/lcious-apple-pie-crumble-100ml/
5553,MB (USA MIX) RED By Luscious Vapor,E-LIQUIDS,,24.95,AUD,false,true,variable,images/mb-usa-mix-red-by-luscious-vapor.png,https://aussievapemart.com.au/product/mb-usa-mix-red-by-luscious-vapor/
5539,GEEK BAR VAPE 9000 PUFF – TROPICAL RAINBOW BLAST,Geek Bar | PULSE 9000,,39.95,AUD,false,true,simple,images/redback-juice-co-frozen-blackberry-cucumber-100ml.jpg,https://aussievapemart.com.au/product/redback-juice-co-frozen-blackberry-cucumber-100ml/
5538,GEEK BAR VAPE 9000 PUFF – MIAMI MINT,Geek Bar | PULSE 9000,,39.95,AUD,false,true,simple,images/nasty-juice-asap-grape-100ml.jpg,https://aussievapemart.com.au/product/nasty-juice-asap-grape-100ml/
5537,GEEK BAR VAPE 9000 PUFF – DRAGON MELON,Geek Bar | PULSE 9000,,39.95,AUD,false,true,simple,images/cloud-nurdz-very-berry-hibiscus-100ml.jpg,https://aussievapemart.com.au/product/cloud-nurdz-very-berry-hibiscus-100ml/
5536,GEEK BAR VAPE 9000 PUFF – BLUE RAZZ ICE,Geek Bar | PULSE 9000,,39.95,AUD,false,true,simple,images/cloud-nurdz-cherry-apple-100ml.jpg,https://aussievapemart.com.au/product/cloud-nurdz-cherry-apple-100ml/
5535,GEEK BAR VAPE 9000 PUFF – WATERMELON ICE,Geek Bar | PULSE 9000,,39.95,AUD,false,true,simple,images/cloud-nurdz-pink-guava-passion-100ml.jpg,https://aussievapemart.com.au/product/cloud-nurdz-pink-guava-passion-100ml/
5525,Cloud Nurdz &#8211; Strawberry Kiwi 100ml,E-LIQUIDS,,34.95,AUD,false,true,simple,images/cloud-nurdz-strawberry-kiwi-100ml.png,https://aussievapemart.com.au/product/cloud-nurdz-strawberry-kiwi-100ml/
5524,Lcious &#8211; Boysenberry &#038; Cream Scone 100ml,E-LIQUIDS,,34.95,AUD,false,true,simple,images/lcious-boysenberry-cream-scone-100ml.png,https://aussievapemart.com.au/product/lcious-boysenberry-cream-scone-100ml/
5523,Black Note &#8211; Virginia Tobacco (Mellow &#038; Mildly Sweet) 50VG/50PG 60ml,E-LIQUIDS,,29.95,AUD,false,true,simple,images/black-note-virginia-tobacco-mellow-mildly-sweet-50vg-50pg-60ml.png,https://aussievapemart.com.au/product/black-note-virginia-tobacco-mellow-mildly-sweet-50vg-50pg-60ml/
5522,Rebel &#038; Bogan &#8211; Musk Till Dawn 100ml,E-LIQUIDS,,34.95,AUD,false,true,simple,images/rebel-bogan-musk-till-dawn-100ml.png,https://aussievapemart.com.au/product/rebel-bogan-musk-till-dawn-100ml/
5510,Nasty Juice &#8211; Bad Blood 60ml (Tin Box),E-LIQUIDS,,34.95,AUD,false,true,simple,images/nasty-juice-bad-blood-60ml-tin-box.png,https://aussievapemart.com.au/product/nasty-juice-bad-blood-60ml-tin-box/
5509,Cloud Nurdz | ICED | Strawberry Kiwi ICED 100ml,E-LIQUIDS,,34.95,AUD,false,true,simple,images/cloud-nurdz-iced-strawberry-kiwi-iced-100ml.png,https://aussievapemart.com.au/product/cloud-nurdz-iced-strawberry-kiwi-iced-100ml/
5508,Cloud Nurdz | ICED | Pink Guava Passion ICED 100ml,E-LIQUIDS,,34.95,AUD,false,true,simple,images/cloud-nurdz-iced-pink-guava-passion-iced-100ml.png,https://aussievapemart.com.au/product/cloud-nurdz-iced-pink-guava-passion-iced-100ml/
5507,Cloud Nurdz | ICED | Very Berry Hibiscus ICED 100ml,E-LIQUIDS,,34.95,AUD,false,true,simple,images/cloud-nurdz-iced-very-berry-hibiscus-iced-100ml.png,https://aussievapemart.com.au/product/cloud-nurdz-iced-very-berry-hibiscus-iced-100ml/
5498,Cloud Nurdz | ICED | Watermelon Berry ICED 100ml,E-LIQUIDS,,34.95,AUD,false,true,simple,images/cloud-nurdz-iced-watermelon-berry-iced-100ml.png,https://aussievapemart.com.au/product/cloud-nurdz-iced-watermelon-berry-iced-100ml/
5497,Cloud Nurdz | ICED | Grape Strawberry ICED 100ml,E-LIQUIDS,,34.95,AUD,false,true,simple,images/cloud-nurdz-iced-grape-strawberry-iced-100ml.png,https://aussievapemart.com.au/product/cloud-nurdz-iced-grape-strawberry-iced-100ml/
5496,Cloud Nurdz | ICED | Strawberry Mango ICED 100ml,E-LIQUIDS,,34.95,AUD,false,true,simple,images/cloud-nurdz-iced-strawberry-mango-iced-100ml.png,https://aussievapemart.com.au/product/cloud-nurdz-iced-strawberry-mango-iced-100ml/
5495,Cloud Nurdz | ICED | Aloe Mango ICED 100ml,E-LIQUIDS,,34.95,AUD,false,true,simple,images/cloud-nurdz-iced-aloe-mango-iced-100ml.png,https://aussievapemart.com.au/product/cloud-nurdz-iced-aloe-mango-iced-100ml/
5494,Cloud Nurdz | ICED | Grape Apple ICED 100ml,E-LIQUIDS,,34.95,AUD,false,true,simple,images/cloud-nurdz-iced-grape-apple-iced-100ml.png,https://aussievapemart.com.au/product/cloud-nurdz-iced-grape-apple-iced-100ml/
5484,Cloud Nurdz | ICED | Kiwi Melon ICED 100ml,E-LIQUIDS,,34.95,AUD,false,true,simple,images/cloud-nurdz-iced-kiwi-melon-iced-100ml.png,https://aussievapemart.com.au/product/cloud-nurdz-iced-kiwi-melon-iced-100ml/
5483,Cloud Nurdz | ICED | Peach Dragonfruit ICED 100ml,E-LIQUIDS,,34.95,AUD,false,true,simple,images/cloud-nurdz-iced-peach-dragonfruit-iced-100ml.png,https://aussievapemart.com.au/product/cloud-nurdz-iced-peach-dragonfruit-iced-100ml/
5482,Frank &#038; Atticus | Frank &#038; Tones &#8211; Yeah Nah Na 100ml,E-LIQUIDS,,34.95,AUD,false,true,simple,images/frank-atticus-frank-tones-yeah-nah-na-100ml.png,https://aussievapemart.com.au/product/frank-atticus-frank-tones-yeah-nah-na-100ml/
5481,Frank &#038; Atticus | Frank &#038; Tones &#8211; Jammit 100ml,E-LIQUIDS,,34.95,AUD,false,true,simple,images/frank-atticus-frank-tones-jammit-100ml.png,https://aussievapemart.com.au/product/frank-atticus-frank-tones-jammit-100ml/
5472,Frank &#038; Atticus | Frank &#038; Tones &#8211; Shakedown 100ml,E-LIQUIDS,,34.95,AUD,false,true,simple,images/frank-atticus-frank-tones-shakedown-100ml.png,https://aussievapemart.com.au/product/frank-atticus-frank-tones-shakedown-100ml/
5471,Drop Enhancer Shot &#8211; Sweet,E-LIQUIDS,,22.95,AUD,false,true,variable,images/drop-enhancer-shot-sweet.png,https://aussievapemart.com.au/product/drop-enhancer-shot-sweet/
5470,Lost Vape UB Ultra Replacement Coil for Centaurus B60 Kit / Centaurus B80 Kit (5pcs/pack),E-LIQUIDS,,30,AUD,false,true,variable,images/lost-vape-ub-ultra-replacement-coil-for-centaurus-b60-kit-centaurus-b80-kit-5pcs-pack.jpg,https://aussievapemart.com.au/product/lost-vape-ub-ultra-replacement-coil-for-centaurus-b60-kit-centaurus-b80-kit-5pcs-pack/
5469,Thirsty Juice Co. &#8211; Lime Tahiti ICE 100ml,E-LIQUIDS,,25,AUD,true,true,simple,images/thirsty-juice-co-lime-tahiti-ice-100ml.jpg,https://aussievapemart.com.au/product/thirsty-juice-co-lime-tahiti-ice-100ml/
5459,Thirsty Juice Co. &#8211; Lime Tahiti 100ml,E-LIQUIDS,,25,AUD,true,true,simple,images/thirsty-juice-co-lime-tahiti-100ml.jpg,https://aussievapemart.com.au/product/thirsty-juice-co-lime-tahiti-100ml/
5458,Thirsty Juice Co. &#8211; Strawberry Lemonade ICE 100ml,E-LIQUIDS,,34.95,AUD,false,true,simple,images/thirsty-juice-co-strawberry-lemonade-ice-100ml.jpg,https://aussievapemart.com.au/product/thirsty-juice-co-strawberry-lemonade-ice-100ml/
5457,Thirsty Juice Co. &#8211; Strawberry Lemonade 100ml,E-LIQUIDS,,34.95,AUD,false,true,simple,images/thirsty-juice-co-strawberry-lemonade-100ml.jpg,https://aussievapemart.com.au/product/thirsty-juice-co-strawberry-lemonade-100ml/
5455,Vapetasia | Killer Fruits | Pango 100ml,E-LIQUIDS,,34.95,AUD,false,true,simple,images/vapetasia-killer-fruits-pango-100ml.png,https://aussievapemart.com.au/product/vapetasia-killer-fruits-pango-100ml/
5446,Vapetasia | Killer Fruits | Grape 100ml,E-LIQUIDS,,34.95,AUD,false,true,simple,images/vapetasia-killer-fruits-grape-100ml.png,https://aussievapemart.com.au/product/vapetasia-killer-fruits-grape-100ml/
5445,Vapetasia | Killer Fruits | Blue Razz 100ml,E-LIQUIDS,,34.95,AUD,false,true,simple,images/vapetasia-killer-fruits-blue-razz-100ml.png,https://aussievapemart.com.au/product/vapetasia-killer-fruits-blue-razz-100ml/
5444,Vapetasia | Killer Fruits | Trapple 100ml,E-LIQUIDS,,34.95,AUD,false,true,simple,images/vapetasia-killer-fruits-trapple-100ml.png,https://aussievapemart.com.au/product/vapetasia-killer-fruits-trapple-100ml/
5443,Essential Flavors &#8211; Ice Shot 30ML,E-LIQUIDS,,22.95,AUD,false,true,simple,images/essential-flavors-ice-shot-30ml.png,https://aussievapemart.com.au/product/essential-flavors-ice-shot-30ml/
5442,JUUL POD Silicone Case,E-LIQUIDS,,2,AUD,true,true,variable,images/juul-pod-silicone-case.jpg,https://aussievapemart.com.au/product/juul-pod-silicone-case/
5431,BIG 5 JUICE CO. &#8211; LEOPARD 100ml,E-LIQUIDS,,34.95,AUD,false,true,simple,images/big-5-juice-co-leopard-100ml.png,https://aussievapemart.com.au/product/big-5-juice-co-leopard-100ml/
5430,BIG 5 JUICE CO. &#8211; BUFFALO 100ml,E-LIQUIDS,,34.95,AUD,false,true,simple,images/big-5-juice-co-buffalo-100ml.png,https://aussievapemart.com.au/product/big-5-juice-co-buffalo-100ml/
5429,BIG 5 JUICE CO. &#8211; RHINO 100ml,E-LIQUIDS,,34.95,AUD,false,true,simple,images/big-5-juice-co-rhino-100ml.png,https://aussievapemart.com.au/product/big-5-juice-co-rhino-100ml/
5422,Shisha Cloudz &#8211; White Gummi 100ml,E-LIQUIDS,,34.95,AUD,false,true,simple,images/shisha-cloudz-white-gummi-100ml.png,https://aussievapemart.com.au/product/shisha-cloudz-white-gummi-100ml/
5421,Shisha Cloudz &#8211; Green Grape 100ml,E-LIQUIDS,,34.95,AUD,false,true,simple,images/shisha-cloudz-green-grape-100ml.png,https://aussievapemart.com.au/product/shisha-cloudz-green-grape-100ml/
5420,Totally Minted &#8211; Eucalyptus Minted 100ML,E-LIQUIDS,,34.95,AUD,false,true,simple,images/totally-minted-eucalyptus-minted-100ml.png,https://aussievapemart.com.au/product/totally-minted-eucalyptus-minted-100ml/
5419,The Daily Grind &#8211; Peach Green Tea Lemonade 100ML,E-LIQUIDS,,34.95,AUD,false,true,simple,images/the-daily-grind-peach-green-tea-lemonade-100ml.png,https://aussievapemart.com.au/product/the-daily-grind-peach-green-tea-lemonade-100ml/
5418,The Daily Grind &#8211; White Chocolate Peppermint Latte 100ML,E-LIQUIDS,,20,AUD,true,true,simple,images/the-daily-grind-white-chocolate-peppermint-latte-100ml.png,https://aussievapemart.com.au/product/the-daily-grind-white-chocolate-peppermint-latte-100ml/
5410,BIG 5 JUICE CO. &#8211; PLATYPUS 100ml,E-LIQUIDS,,34.95,AUD,false,true,simple,images/big-5-juice-co-platypus-100ml.png,https://aussievapemart.com.au/product/big-5-juice-co-platypus-100ml/
5409,BIG 5 JUICE CO. &#8211; ELEPHANT 100ml,E-LIQUIDS,,34.95,AUD,false,true,simple,images/big-5-juice-co-elephant-100ml.png,https://aussievapemart.com.au/product/big-5-juice-co-elephant-100ml/
5408,BIG 5 JUICE CO. &#8211; LION 100ml,E-LIQUIDS,,34.95,AUD,false,true,simple,images/big-5-juice-co-lion-100ml.png,https://aussievapemart.com.au/product/big-5-juice-co-lion-100ml/
5407,Frank &#038; Atticus &#8211; Caramel Popcorn Cheesecake 100ml,E-LIQUIDS,,34.95,AUD,false,true,simple,images/frank-atticus-caramel-popcorn-cheesecake-100ml.png,https://aussievapemart.com.au/product/frank-atticus-caramel-popcorn-cheesecake-100ml/
5406,Cushty Juice &#8211; Mango and Strawberry 100ml,E-LIQUIDS,,34.95,AUD,false,true,simple,images/cushty-juice-mango-and-strawberry-100ml.png,https://aussievapemart.com.au/product/cushty-juice-mango-and-strawberry-100ml/
5397,The Daily Grind &#8211; Toffee Nut Latte 100ML,E-LIQUIDS,,34.95,AUD,false,true,simple,images/the-daily-grind-toffee-nut-latte-100ml.png,https://aussievapemart.com.au/product/the-daily-grind-toffee-nut-latte-100ml/
5396,The Daily Grind &#8211; Coconut Mocha 100ML,E-LIQUIDS,,34.95,AUD,false,true,simple,images/the-daily-grind-coconut-mocha-100ml.png,https://aussievapemart.com.au/product/the-daily-grind-coconut-mocha-100ml/
5395,Shisha Cloudz &#8211; Menthol 100ml,E-LIQUIDS,,34.95,AUD,false,true,simple,images/shisha-cloudz-menthol-100ml.png,https://aussievapemart.com.au/product/shisha-cloudz-menthol-100ml/
5394,The Daily Grind &#8211; Salted Caramel Cappuccino 100ML,E-LIQUIDS,,34.95,AUD,false,true,simple,images/the-daily-grind-salted-caramel-cappuccino-100ml.png,https://aussievapemart.com.au/product/the-daily-grind-salted-caramel-cappuccino-100ml/
5393,Cushty Juice &#8211; Mango and Lychee 100ml,E-LIQUIDS,,34.95,AUD,false,true,simple,images/cushty-juice-mango-and-lychee-100ml.png,https://aussievapemart.com.au/product/cushty-juice-mango-and-lychee-100ml/
5392,Cushty Juice &#8211; Mango and Pineapple 100ml,E-LIQUIDS,,34.95,AUD,false,true,simple,images/cushty-juice-mango-and-pineapple-100ml.png,https://aussievapemart.com.au/product/cushty-juice-mango-and-pineapple-100ml/
5391,Sub Zero &#8211; Ice Banana 100ml,E-LIQUIDS,,34.95,AUD,false,true,simple,images/sub-zero-ice-banana-100ml.png,https://aussievapemart.com.au/product/sub-zero-ice-banana-100ml/
5390,Sub Zero &#8211; Ice Guava Tropical 100ml,E-LIQUIDS,,34.95,AUD,false,true,simple,images/sub-zero-ice-guava-tropical-100ml.png,https://aussievapemart.com.au/product/sub-zero-ice-guava-tropical-100ml/
5389,Sub Zero &#8211; Ice Mango Blackcurrant 100ml,E-LIQUIDS,,34.95,AUD,false,true,simple,images/sub-zero-ice-mango-blackcurrant-100ml.png,https://aussievapemart.com.au/product/sub-zero-ice-mango-blackcurrant-100ml/
5379,Frank &#038; Atticus &#8211; Peppermint White Choc Cookie 100ml,E-LIQUIDS,,34.95,AUD,false,true,simple,images/frank-atticus-peppermint-white-choc-cookie-100ml.png,https://aussievapemart.com.au/product/frank-atticus-peppermint-white-choc-cookie-100ml/
5378,Frank &#038; Atticus &#8211; Nut Brittle RY4 100ml,E-LIQUIDS,,34.95,AUD,false,true,simple,images/frank-atticus-nut-brittle-ry4-100ml.png,https://aussievapemart.com.au/product/frank-atticus-nut-brittle-ry4-100ml/
5377,Cushty Juice &#8211; Mango and Grape 100ml,E-LIQUIDS,,34.95,AUD,false,true,simple,images/cushty-juice-mango-and-grape-100ml.png,https://aussievapemart.com.au/product/cushty-juice-mango-and-grape-100ml/
5376,The Daily Grind &#8211; Espresso 100ML,E-LIQUIDS,,34.95,AUD,false,true,simple,images/the-daily-grind-espresso-100ml.png,https://aussievapemart.com.au/product/the-daily-grind-espresso-100ml/
5367,Cushty Juice &#8211; Mango and Banana 100ml,E-LIQUIDS,,34.95,AUD,false,true,simple,images/cushty-juice-mango-and-banana-100ml.png,https://aussievapemart.com.au/product/cushty-juice-mango-and-banana-100ml/
5366,Sub Zero &#8211; Ice Watermelon 100ml,E-LIQUIDS,,34.95,AUD,false,true,simple,images/sub-zero-ice-watermelon-100ml.png,https://aussievapemart.com.au/product/sub-zero-ice-watermelon-100ml/
5365,Shisha Cloudz &#8211; Red Gummi 100ml,E-LIQUIDS,,34.95,AUD,false,true,simple,images/shisha-cloudz-red-gummi-100ml.jpg,https://aussievapemart.com.au/product/shisha-cloudz-red-gummi-100ml/
5364,Frank &#038; Atticus &#8211; Apple &#038; Rhubarb Macaron 100ml,E-LIQUIDS,,34.95,AUD,false,true,simple,images/frank-atticus-apple-rhubarb-macaron-100ml.png,https://aussievapemart.com.au/product/frank-atticus-apple-rhubarb-macaron-100ml/
5363,Sub Zero &#8211; Ice Lime Pineapple 100ml,E-LIQUIDS,,34.95,AUD,false,true,simple,images/sub-zero-ice-lime-pineapple-100ml.png,https://aussievapemart.com.au/product/sub-zero-ice-lime-pineapple-100ml/
5362,Totally Minted &#8211; Spearminted 100ML,E-LIQUIDS,,34.95,AUD,false,true,simple,images/totally-minted-spearminted-100ml.png,https://aussievapemart.com.au/product/totally-minted-spearminted-100ml/
5351,Shisha Cloudz &#8211; Ice Lemon 100ml,E-LIQUIDS,,34.95,AUD,false,true,simple,images/shisha-cloudz-ice-lemon-100ml.png,https://aussievapemart.com.au/product/shisha-cloudz-ice-lemon-100ml/
5350,The Daily Grind &#8211; Vanilla Iced Coffee 100ML,E-LIQUIDS,,34.95,AUD,false,true,simple,images/the-daily-grind-vanilla-iced-coffee-100ml.png,https://aussievapemart.com.au/product/the-daily-grind-vanilla-iced-coffee-100ml/
5349,Shisha Cloudz &#8211; Grape Raspberry 100ml,E-LIQUIDS,,34.95,AUD,false,true,simple,images/shisha-cloudz-grape-raspberry-100ml.png,https://aussievapemart.com.au/product/shisha-cloudz-grape-raspberry-100ml/
5348,Frank &#038; Atticus &#8211; Berry Jam Danish 100ml,E-LIQUIDS,,34.95,AUD,false,true,simple,images/frank-atticus-berry-jam-danish-100ml.png,https://aussievapemart.com.au/product/frank-atticus-berry-jam-danish-100ml/
5335,Frank &#038; Atticus &#8211; Baked Apple Custard 100ml,E-LIQUIDS,,34.95,AUD,false,true,simple,images/frank-atticus-baked-apple-custard-100ml.png,https://aussievapemart.com.au/product/frank-atticus-baked-apple-custard-100ml/
5334,Frank &#038; Atticus &#8211; Caramel Glazed Doughnut 100ml,E-LIQUIDS,,34.95,AUD,false,true,simple,images/frank-atticus-caramel-glazed-doughnut-100ml.png,https://aussievapemart.com.au/product/frank-atticus-caramel-glazed-doughnut-100ml/
5333,Sub Zero &#8211; Ice Mixed Berry 100ml,E-LIQUIDS,,34.95,AUD,false,true,simple,images/sub-zero-ice-mixed-berry-100ml.png,https://aussievapemart.com.au/product/sub-zero-ice-mixed-berry-100ml/
5332,Cushty Juice &#8211; Mango and Passionfruit 100ml,E-LIQUIDS,,34.95,AUD,false,true,simple,images/cushty-juice-mango-and-passionfruit-100ml.png,https://aussievapemart.com.au/product/cushty-juice-mango-and-passionfruit-100ml/
5323,Totally Minted &#8211; Pepperminted 100ML,E-LIQUIDS,,34.95,AUD,false,true,simple,images/totally-minted-pepperminted-100ml.png,https://aussievapemart.com.au/product/totally-minted-pepperminted-100ml/
5322,Frank &#038; Atticus &#8211; Pistachio Vanilla Latte 100ml,E-LIQUIDS,,34.95,AUD,false,true,simple,images/frank-atticus-pistachio-vanilla-latte-100ml.png,https://aussievapemart.com.au/product/frank-atticus-pistachio-vanilla-latte-100ml/
5321,Frank &#038; Atticus &#8211; Boysenberry Swirl 100ml,E-LIQUIDS,,34.95,AUD,false,true,simple,images/frank-atticus-boysenberry-swirl-100ml.png,https://aussievapemart.com.au/product/frank-atticus-boysenberry-swirl-100ml/
5320,Shisha Cloudz &#8211; Double Apple 100ml,E-LIQUIDS,,34.95,AUD,false,true,simple,images/shisha-cloudz-double-apple-100ml.png,https://aussievapemart.com.au/product/shisha-cloudz-double-apple-100ml/
5304,Totally Minted &#8211; Straight-Up Minted 100ML,E-LIQUIDS,,34.95,AUD,false,true,simple,images/totally-minted-straight-up-minted-100ml.png,https://aussievapemart.com.au/product/totally-minted-straight-up-minted-100ml/
5293,Shisha Cloudz &#8211; Sample Pack 10mL each (5 Flavours),E-LIQUIDS,,29.95,AUD,false,true,simple,images/shisha-cloudz-sample-pack-10ml-each-5-flavours.png,https://aussievapemart.com.au/product/shisha-cloudz-sample-pack-10ml-each-5-flavours/
5292,Sub Zero &#8211; Ice Strawberry Apple 100ml,E-LIQUIDS,,34.95,AUD,false,true,simple,images/sub-zero-ice-strawberry-apple-100ml.png,https://aussievapemart.com.au/product/sub-zero-ice-strawberry-apple-100ml/
5291,Shisha Cloudz &#8211; Mango Grape 100ml,E-LIQUIDS,,34.95,AUD,false,true,simple,images/shisha-cloudz-mango-grape-100ml.png,https://aussievapemart.com.au/product/shisha-cloudz-mango-grape-100ml/
5290,Sub Zero &#8211; Ice Grape 100ml,E-LIQUIDS,,34.95,AUD,false,true,simple,images/sub-zero-ice-grape-100ml.png,https://aussievapemart.com.au/product/sub-zero-ice-grape-100ml/
5289,King Kong Vape Juice &#8211; Titano &#8211; Apple Pie 100ml,E-LIQUIDS,,20,AUD,true,true,simple,images/king-kong-vape-juice-titano-apple-pie-100ml.png,https://aussievapemart.com.au/product/king-kong-vape-juice-titano-apple-pie-100ml/
5279,King Kong Vape Juice &#8211; Kikonga &#8211; Key Lime Pie 100ml,E-LIQUIDS,,20,AUD,true,true,simple,images/king-kong-vape-juice-kikonga-key-lime-pie-100ml.png,https://aussievapemart.com.au/product/king-kong-vape-juice-kikonga-key-lime-pie-100ml/
5278,King Kong Vape Juice &#8211; Rampage &#8211; Campfire S&#8217;mores 100ml,E-LIQUIDS,,20,AUD,true,true,simple,images/king-kong-vape-juice-rampage-campfire-smores-100ml.png,https://aussievapemart.com.au/product/king-kong-vape-juice-rampage-campfire-smores-100ml/
5277,Propaganda &#8211; Truth 100ml,E-LIQUIDS,,20,AUD,true,true,simple,images/propaganda-truth-100ml.png,https://aussievapemart.com.au/product/propaganda-truth-100ml/
5276,King Kong Vape Juice &#8211; Gorilla &#8211; Blueberry Pancakes 100ml,E-LIQUIDS,,20,AUD,true,true,simple,images/king-kong-vape-juice-gorilla-blueberry-pancakes-100ml.png,https://aussievapemart.com.au/product/king-kong-vape-juice-gorilla-blueberry-pancakes-100ml/
5275,Propaganda &#8211; Illuminati 100ml,E-LIQUIDS,,20,AUD,true,true,simple,images/propaganda-illuminati-100ml.png,https://aussievapemart.com.au/product/propaganda-illuminati-100ml/
5266,Kilo | White Series | Cinnamon Roll 120ml,E-LIQUIDS,,20,AUD,true,true,simple,images/kilo-white-series-cinnamon-roll-120ml.png,https://aussievapemart.com.au/product/kilo-white-series-cinnamon-roll-120ml/
5265,Kilo | White Series | Marshmallow Crisp 120ml,E-LIQUIDS,,20,AUD,true,true,simple,images/kilo-white-series-marshmallow-crisp-120ml.png,https://aussievapemart.com.au/product/kilo-white-series-marshmallow-crisp-120ml/
5264,Kilo | White Series | White Choc Strawberry 120ml,E-LIQUIDS,,20,AUD,true,true,simple,images/kilo-white-series-white-choc-strawberry-120ml.png,https://aussievapemart.com.au/product/kilo-white-series-white-choc-strawberry-120ml/
5263,Kilo | White Series | Ice Cream Sandwich 120ml,E-LIQUIDS,,20,AUD,true,true,simple,images/kilo-white-series-ice-cream-sandwich-120ml.png,https://aussievapemart.com.au/product/kilo-white-series-ice-cream-sandwich-120ml/
5262,Twist &#8211; Flavors 60ml,E-LIQUIDS,,20,AUD,true,true,variable,images/twist-flavors-60ml.png,https://aussievapemart.com.au/product/twist-flavors-60ml/
5251,Zap! &#8211; Summer Cider 50ml Shortfill,E-LIQUIDS,,15,AUD,true,true,simple,images/zap-summer-cider-50ml-shortfill.png,https://aussievapemart.com.au/product/zap-summer-cider-50ml-shortfill/
5250,Pimp My Juice &#8211; Tutti Frutti ICED 60ml,E-LIQUIDS,,15,AUD,true,true,simple,images/pimp-my-juice-tutti-frutti-iced-60ml.png,https://aussievapemart.com.au/product/pimp-my-juice-tutti-frutti-iced-60ml/
5249,Zap! &#8211; Ginger Ale 50ml Shortfill,E-LIQUIDS,,15,AUD,true,true,simple,images/zap-ginger-ale-50ml-shortfill.png,https://aussievapemart.com.au/product/zap-ginger-ale-50ml-shortfill/
5248,Celebrity &#8211; Sour Worms 60ml,E-LIQUIDS,,15,AUD,true,true,simple,images/celebrity-sour-worms-60ml.png,https://aussievapemart.com.au/product/celebrity-sour-worms-60ml/
5247,Zap! &#8211; Golden Pomelo 50ml Shortfill,E-LIQUIDS,,15,AUD,true,true,simple,images/zap-golden-pomelo-50ml-shortfill.png,https://aussievapemart.com.au/product/zap-golden-pomelo-50ml-shortfill/
5246,Riot Squad | PUNX | Apple Cucumber Mint 60ml,E-LIQUIDS,,15,AUD,true,true,simple,images/riot-squad-punx-apple-cucumber-mint-60ml.png,https://aussievapemart.com.au/product/riot-squad-punx-apple-cucumber-mint-60ml/
5245,Black Box &#8211; Pearls 60ml,E-LIQUIDS,,15,AUD,true,true,simple,images/black-box-pearls-60ml.png,https://aussievapemart.com.au/product/black-box-pearls-60ml/
5244,Celebrity &#8211; Marshmallow 60ml,E-LIQUIDS,,15,AUD,true,true,simple,images/celebrity-marshmallow-60ml.png,https://aussievapemart.com.au/product/celebrity-marshmallow-60ml/
5243,Crikey Clouds | Tobacco Range | Menthol Tobacco 60ml,E-LIQUIDS,,15,AUD,true,true,simple,images/crikey-clouds-tobacco-range-menthol-tobacco-60ml.png,https://aussievapemart.com.au/product/crikey-clouds-tobacco-range-menthol-tobacco-60ml/
5242,Pimp My Juice &#8211; Mango Burst ICED 60ml,E-LIQUIDS,,15,AUD,true,true,simple,images/pimp-my-juice-mango-burst-iced-60ml.png,https://aussievapemart.com.au/product/pimp-my-juice-mango-burst-iced-60ml/
5241,BLVK Unicorn WYTE Series UniCoco 60ml,E-LIQUIDS,,15,AUD,true,true,simple,images/blvk-unicorn-wyte-series-unicoco-60ml.png,https://aussievapemart.com.au/product/blvk-unicorn-wyte-series-unicoco-60ml/
5240,Crikey Clouds | Tobacco Range | Custard Tobacco 60ml,E-LIQUIDS,,15,AUD,true,true,simple,images/crikey-clouds-tobacco-range-custard-tobacco-60ml.png,https://aussievapemart.com.au/product/crikey-clouds-tobacco-range-custard-tobacco-60ml/
5239,BLVK Unicorn WYTE Series UniBerry 60ml,E-LIQUIDS,,15,AUD,true,true,simple,images/blvk-unicorn-wyte-series-uniberry-60ml.png,https://aussievapemart.com.au/product/blvk-unicorn-wyte-series-uniberry-60ml/
5238,Pimp My Juice &#8211; Purple Yam ICED 60ml,E-LIQUIDS,,15,AUD,true,true,simple,images/pimp-my-juice-purple-yam-iced-60ml.png,https://aussievapemart.com.au/product/pimp-my-juice-purple-yam-iced-60ml/
5237,Crikey Clouds | Cola Range | Tropical Cola 60ml,E-LIQUIDS,,15,AUD,true,true,simple,images/crikey-clouds-cola-range-tropical-cola-60ml.png,https://aussievapemart.com.au/product/crikey-clouds-cola-range-tropical-cola-60ml/
5236,Western &#8211; Premium Tobacco 60ml,E-LIQUIDS,,15,AUD,true,true,simple,images/western-premium-tobacco-60ml.png,https://aussievapemart.com.au/product/western-premium-tobacco-60ml/
5235,Charlie&#8217;s Chalk Dust | SALTS | Sweet Apple Ice 60ml,E-LIQUIDS,,15,AUD,true,true,simple,images/charlies-chalk-dust-salts-sweet-apple-ice-60ml.png,https://aussievapemart.com.au/product/charlies-chalk-dust-salts-sweet-apple-ice-60ml/
5234,BLVK Unicorn WYTE Series UniNuts 60ml,E-LIQUIDS,,15,AUD,true,true,simple,images/blvk-unicorn-wyte-series-uninuts-60ml.png,https://aussievapemart.com.au/product/blvk-unicorn-wyte-series-uninuts-60ml/
5233,Crikey Clouds | Desserts Range | Nutty Breakfast 60ml,E-LIQUIDS,,15,AUD,true,true,simple,images/crikey-clouds-desserts-range-nutty-breakfast-60ml.png,https://aussievapemart.com.au/product/crikey-clouds-desserts-range-nutty-breakfast-60ml/
5232,Pimp My Juice &#8211; Creamy Tiramisu ICED 60ml,E-LIQUIDS,,15,AUD,true,true,simple,images/pimp-my-juice-creamy-tiramisu-iced-60ml.png,https://aussievapemart.com.au/product/pimp-my-juice-creamy-tiramisu-iced-60ml/
5231,Riot Squad | PUNX | Banana Raspberry Dragon Fruit 60ml,E-LIQUIDS,,15,AUD,true,true,simple,images/riot-squad-punx-banana-raspberry-dragon-fruit-60ml.png,https://aussievapemart.com.au/product/riot-squad-punx-banana-raspberry-dragon-fruit-60ml/
5230,BLVK Unicorn WYTE Series UniNilla 60ml,E-LIQUIDS,,15,AUD,true,true,simple,images/blvk-unicorn-wyte-series-uninilla-60ml.png,https://aussievapemart.com.au/product/blvk-unicorn-wyte-series-uninilla-60ml/
5229,Charlie&#8217;s Chalk Dust | SALTS | Key Lime Pie 60ml,E-LIQUIDS,,15,AUD,true,true,simple,images/charlies-chalk-dust-salts-key-lime-pie-60ml.png,https://aussievapemart.com.au/product/charlies-chalk-dust-salts-key-lime-pie-60ml/
5228,Charlie&#8217;s Chalk Dust | Pacha Mama | Huckleberry Pear Acai 60ml,E-LIQUIDS,,15,AUD,true,true,simple,images/charlies-chalk-dust-pacha-mama-huckleberry-pear-acai-60ml.png,https://aussievapemart.com.au/product/charlies-chalk-dust-pacha-mama-huckleberry-pear-acai-60ml/
5227,Riot Squad | PUNX | Guava Passion Fruit Pineapple 60ml,E-LIQUIDS,,15,AUD,true,true,simple,images/riot-squad-punx-guava-passion-fruit-pineapple-60ml.png,https://aussievapemart.com.au/product/riot-squad-punx-guava-passion-fruit-pineapple-60ml/
5219,Crikey Clouds | Desserts Range | Cinnaroll 60ml,E-LIQUIDS,,15,AUD,true,true,simple,images/crikey-clouds-desserts-range-cinnaroll-60ml.png,https://aussievapemart.com.au/product/crikey-clouds-desserts-range-cinnaroll-60ml/
5218,Charlie&#8217;s Chalk Dust | SALTS | Apple Tobacco 60ml,E-LIQUIDS,,15,AUD,true,true,simple,images/charlies-chalk-dust-salts-apple-tobacco-60ml.png,https://aussievapemart.com.au/product/charlies-chalk-dust-salts-apple-tobacco-60ml/
5217,Crikey Clouds | Cola Range | Vanilla Cola 60ml,E-LIQUIDS,,15,AUD,true,true,simple,images/crikey-clouds-cola-range-vanilla-cola-60ml.png,https://aussievapemart.com.au/product/crikey-clouds-cola-range-vanilla-cola-60ml/
5216,Charlie&#8217;s Chalk Dust | Pacha Mama ICE | Blue Melon 60ml,E-LIQUIDS,,15,AUD,true,true,simple,images/charlies-chalk-dust-pacha-mama-ice-blue-melon-60ml.png,https://aussievapemart.com.au/product/charlies-chalk-dust-pacha-mama-ice-blue-melon-60ml/
5215,Riot Squad | PUNX | Strawberry Pink Apple 60ml,E-LIQUIDS,,15,AUD,true,true,simple,images/riot-squad-punx-strawberry-pink-apple-60ml.png,https://aussievapemart.com.au/product/riot-squad-punx-strawberry-pink-apple-60ml/
5214,Charlie&#8217;s Chalk Dust | Pacha Mama | Blood Orange Banana Gooseberry 60ml,E-LIQUIDS,,15,AUD,true,true,simple,images/charlies-chalk-dust-pacha-mama-blood-orange-banana-gooseberry-60ml.png,https://aussievapemart.com.au/product/charlies-chalk-dust-pacha-mama-blood-orange-banana-gooseberry-60ml/
5213,Charlie&#8217;s Chalk Dust | SALTS | Sorbet 60ml,E-LIQUIDS,,15,AUD,true,true,simple,images/charlies-chalk-dust-salts-sorbet-60ml.png,https://aussievapemart.com.au/product/charlies-chalk-dust-salts-sorbet-60ml/
5212,Riot Squad | PUNX | Strawberry Raspberry Blueberry 60ml,E-LIQUIDS,,15,AUD,true,true,simple,images/riot-squad-punx-strawberry-raspberry-blueberry-60ml.png,https://aussievapemart.com.au/product/riot-squad-punx-strawberry-raspberry-blueberry-60ml/
5211,Charlie&#8217;s Chalk Dust | Pacha Mama ICE | Citrus Monkey 60ml,E-LIQUIDS,,15,AUD,true,true,simple,images/charlies-chalk-dust-pacha-mama-ice-citrus-monkey-60ml.png,https://aussievapemart.com.au/product/charlies-chalk-dust-pacha-mama-ice-citrus-monkey-60ml/
5118,Charlie&#8217;s Chalk Dust | Pacha Mama ICE | Sweet And Classic 60ml,E-LIQUIDS,,15,AUD,true,true,simple,images/charlies-chalk-dust-pacha-mama-ice-sweet-and-classic-60ml.png,https://aussievapemart.com.au/product/charlies-chalk-dust-pacha-mama-ice-sweet-and-classic-60ml/
5117,Charlie&#8217;s Chalk Dust | Pacha Mama ICE | Pink Mango 60ml,E-LIQUIDS,,15,AUD,true,true,simple,images/charlies-chalk-dust-pacha-mama-ice-pink-mango-60ml.png,https://aussievapemart.com.au/product/charlies-chalk-dust-pacha-mama-ice-pink-mango-60ml/
5116,Charlie&#8217;s Chalk Dust | Pacha Mama ICE | Strawberry Jubilee 60ml,E-LIQUIDS,,15,AUD,true,true,simple,images/charlies-chalk-dust-pacha-mama-ice-strawberry-jubilee-60ml.png,https://aussievapemart.com.au/product/charlies-chalk-dust-pacha-mama-ice-strawberry-jubilee-60ml/
5115,Sugar Drop &#8211; Butter Mint Candy 60ML,E-LIQUIDS,,10,AUD,true,true,simple,images/sugar-drop-butter-mint-candy-60ml.png,https://aussievapemart.com.au/product/sugar-drop-butter-mint-candy-60ml/
5114,Iceberg Blow &#8211; Mangue Orange 60ml,E-LIQUIDS,,10,AUD,true,true,simple,images/iceberg-blow-mangue-orange-60ml.png,https://aussievapemart.com.au/product/iceberg-blow-mangue-orange-60ml/
5113,Ethos Vapors Blueberry Crispy Treats 60ml,E-LIQUIDS,,10,AUD,true,true,simple,images/ethos-vapors-blueberry-crispy-treats-60ml.png,https://aussievapemart.com.au/product/ethos-vapors-blueberry-crispy-treats-60ml/
5112,Iceberg Blow &#8211; Sour Dolce 60ml,E-LIQUIDS,,10,AUD,true,true,simple,images/iceberg-blow-sour-dolce-60ml.png,https://aussievapemart.com.au/product/iceberg-blow-sour-dolce-60ml/
5111,Ethos Vapors Green Apple Crispy Treats 60ml,E-LIQUIDS,,10,AUD,true,true,simple,images/ethos-vapors-green-apple-crispy-treats-60ml.png,https://aussievapemart.com.au/product/ethos-vapors-green-apple-crispy-treats-60ml/
5096,Ethos Vapors Strawberry Crispy Treats 60ml/100ml,E-LIQUIDS,,15,AUD,true,true,variable,images/ethos-vapors-strawberry-crispy-treats-60ml-100ml.png,https://aussievapemart.com.au/product/ethos-vapors-strawberry-crispy-treats-60ml-100ml/
5095,Iceberg Blow &#8211; Mangolam 60ml,E-LIQUIDS,,10,AUD,true,true,simple,images/iceberg-blow-mangolam-60ml.png,https://aussievapemart.com.au/product/iceberg-blow-mangolam-60ml/
5094,Empire Brew &#8211; Energy Drink 60ml,E-LIQUIDS,,10,AUD,true,true,simple,images/empire-brew-energy-drink-60ml.png,https://aussievapemart.com.au/product/empire-brew-energy-drink-60ml/
5093,Ethos Vapors Fruity Crispy Treats 100ml/60ml (Fruity Pebble),E-LIQUIDS,,15,AUD,true,true,variable,images/ethos-vapors-fruity-crispy-treats-100ml-60ml-fruity-pebble.png,https://aussievapemart.com.au/product/ethos-vapors-fruity-crispy-treats-100ml-60ml-fruity-pebble/
5092,Empire Brew &#8211; Coolla Vanilla Stella 60ml,E-LIQUIDS,,10,AUD,true,true,simple,images/empire-brew-coolla-vanilla-stella-60ml.png,https://aussievapemart.com.au/product/empire-brew-coolla-vanilla-stella-60ml/
5091,The BB3 &#8211; Grey or Pink,E-LIQUIDS,,43.95,AUD,false,true,variable,images/the-bb3-grey-or-pink.jpg,https://aussievapemart.com.au/product/the-bb3-grey-or-pink/
5090,Horny Goat Weed 25g,E-LIQUIDS,,9.95,AUD,false,true,simple,images/horny-goat-weed-25g.jpg,https://aussievapemart.com.au/product/horny-goat-weed-25g/
5089,Lavender Flower Organic 25g,E-LIQUIDS,,7.95,AUD,false,true,simple,images/lavender-flower-organic-25g.jpg,https://aussievapemart.com.au/product/lavender-flower-organic-25g/
5088,Forest Pine Scented Oil,E-LIQUIDS,,7,AUD,false,true,simple,images/forest-pine-scented-oil.jpg,https://aussievapemart.com.au/product/forest-pine-scented-oil/
5087,Vital Salt Nic E-Liquid &#8211; Strawberry Orange Mango 60ml,E-LIQUIDS,,42.99,AUD,false,true,simple,images/vital-salt-nic-e-liquid-strawberry-orange-mango-60ml.jpg,https://aussievapemart.com.au/product/vital-salt-nic-e-liquid-strawberry-orange-mango-60ml/
5086,Vital Salt Nic E-Liquid &#8211; Smooth Tobacco 60ml,E-LIQUIDS,,42.99,AUD,false,true,simple,images/vital-salt-nic-e-liquid-smooth-tobacco-60ml.jpg,https://aussievapemart.com.au/product/vital-salt-nic-e-liquid-smooth-tobacco-60ml/
5085,Vital Salt Nic E-Liquid &#8211; Flavourless 60ml,E-LIQUIDS,,42.99,AUD,false,true,variable,images/vital-salt-nic-e-liquid-flavourless-60ml.jpg,https://aussievapemart.com.au/product/vital-salt-nic-e-liquid-flavourless-60ml/
5084,Vital Salt Nic E-Liquid &#8211; Blue Razz Watermelon 60ml,E-LIQUIDS,,42.99,AUD,false,true,simple,images/vital-salt-nic-e-liquid-blue-razz-watermelon-60ml.jpg,https://aussievapemart.com.au/product/vital-salt-nic-e-liquid-blue-razz-watermelon-60ml/
5071,Vital Freebase E-Liquid &#8211; Watermelon 30ml,E-LIQUIDS,,20.99,AUD,false,true,variable,images/vital-freebase-e-liquid-watermelon-30ml.jpg,https://aussievapemart.com.au/product/vital-freebase-e-liquid-watermelon-30ml/
5070,Vital Freebase E-Liquid &#8211; Texan Tobacco 30ml,E-LIQUIDS,,20.99,AUD,false,true,variable,images/vital-freebase-e-liquid-texan-tobacco-30ml.jpg,https://aussievapemart.com.au/product/vital-freebase-e-liquid-texan-tobacco-30ml/
5069,Vital Freebase E-Liquid &#8211; Sundaze 30ml,E-LIQUIDS,,20.99,AUD,false,true,variable,images/vital-freebase-e-liquid-sundaze-30ml.jpg,https://aussievapemart.com.au/product/vital-freebase-e-liquid-sundaze-30ml/
5068,Vital Freebase E-Liquid &#8211; Smooth Tobacco 60ml,E-LIQUIDS,,33.99,AUD,false,true,variable,images/vital-freebase-e-liquid-smooth-tobacco-60ml.jpg,https://aussievapemart.com.au/product/vital-freebase-e-liquid-smooth-tobacco-60ml/
5067,Vital Freebase E-Liquid &#8211; Smooth Tobacco 30ml,E-LIQUIDS,,20.99,AUD,false,true,variable,images/vital-freebase-e-liquid-smooth-tobacco-30ml.jpg,https://aussievapemart.com.au/product/vital-freebase-e-liquid-smooth-tobacco-30ml/
5066,Vital Freebase E-Liquid &#8211; Rainbows 30ml,E-LIQUIDS,,20.99,AUD,false,true,variable,images/vital-freebase-e-liquid-rainbows-30ml.jpg,https://aussievapemart.com.au/product/vital-freebase-e-liquid-rainbows-30ml/
5065,Vital Freebase E-Liquid &#8211; Peach 30ml,E-LIQUIDS,,20.99,AUD,false,true,variable,images/vital-freebase-e-liquid-peach-30ml.jpg,https://aussievapemart.com.au/product/vital-freebase-e-liquid-peach-30ml/
5064,Vital Freebase E-Liquid &#8211; Maple 30ml,E-LIQUIDS,,20.99,AUD,false,true,variable,images/vital-freebase-e-liquid-maple-30ml.jpg,https://aussievapemart.com.au/product/vital-freebase-e-liquid-maple-30ml/
5063,Vital Freebase E-Liquid &#8211; Mango Dragonfruit 30ml,E-LIQUIDS,,20.99,AUD,false,true,variable,images/vital-freebase-e-liquid-mango-dragonfruit-30ml.jpg,https://aussievapemart.com.au/product/vital-freebase-e-liquid-mango-dragonfruit-30ml/
5062,Vital Freebase E-Liquid &#8211; Loops 30ml,E-LIQUIDS,,20.99,AUD,false,true,variable,images/vital-freebase-e-liquid-loops-30ml.jpg,https://aussievapemart.com.au/product/vital-freebase-e-liquid-loops-30ml/
5061,Vital Freebase E-Liquid &#8211; Ice 30ml,E-LIQUIDS,,20.99,AUD,false,true,variable,images/vital-freebase-e-liquid-ice-30ml.jpg,https://aussievapemart.com.au/product/vital-freebase-e-liquid-ice-30ml/
5060,Vital Freebase E-Liquid &#8211; Hawaiian Storm 30ml,E-LIQUIDS,,20.99,AUD,false,true,variable,images/vital-freebase-e-liquid-hawaiian-storm-30ml.jpg,https://aussievapemart.com.au/product/vital-freebase-e-liquid-hawaiian-storm-30ml/
5059,Vital Freebase E-Liquid &#8211; Green Apple 30ml,E-LIQUIDS,,20.99,AUD,false,true,variable,images/vital-freebase-e-liquid-green-apple-30ml.jpg,https://aussievapemart.com.au/product/vital-freebase-e-liquid-green-apple-30ml/
5058,Vital Freebase E-Liquid &#8211; Flavourless 60ml,E-LIQUIDS,,33.99,AUD,false,true,variable,images/vital-freebase-e-liquid-flavourless-60ml.jpg,https://aussievapemart.com.au/product/vital-freebase-e-liquid-flavourless-60ml/
5057,Vital Freebase E-Liquid &#8211; Flavourless 30ml,E-LIQUIDS,,20.99,AUD,false,true,variable,images/vital-freebase-e-liquid-flavourless-30ml.jpg,https://aussievapemart.com.au/product/vital-freebase-e-liquid-flavourless-30ml/
5056,Vital Freebase E-Liquid &#8211; Fish 30ml,E-LIQUIDS,,20.99,AUD,false,true,variable,images/vital-freebase-e-liquid-fish-30ml.jpg,https://aussievapemart.com.au/product/vital-freebase-e-liquid-fish-30ml/
5055,Vital Freebase E-Liquid &#8211; Blue Raspberry 30ml,E-LIQUIDS,,20.99,AUD,false,true,variable,images/vital-freebase-e-liquid-blue-raspberry-30ml.jpg,https://aussievapemart.com.au/product/vital-freebase-e-liquid-blue-raspberry-30ml/
5054,Vital Freebase E-Liquid &#8211; Blue Crunch 30ml,E-LIQUIDS,,20.99,AUD,false,true,variable,images/vital-freebase-e-liquid-blue-crunch-30ml.jpg,https://aussievapemart.com.au/product/vital-freebase-e-liquid-blue-crunch-30ml/
5053,Vital Freebase E-Liquid &#8211; BCD 30ml,E-LIQUIDS,,20.99,AUD,false,true,variable,images/vital-freebase-e-liquid-bcd-30ml.jpg,https://aussievapemart.com.au/product/vital-freebase-e-liquid-bcd-30ml/
5052,Vital Freebase E-Liquid &#8211; Arctic Berry 30ml,E-LIQUIDS,,20.99,AUD,false,true,variable,images/vital-freebase-e-liquid-arctic-berry-30ml.jpg,https://aussievapemart.com.au/product/vital-freebase-e-liquid-arctic-berry-30ml/
5051,Vice Salt Nic E-Liquid &#8211; Tropical Blast Ice 30ml,E-LIQUIDS,,26.99,AUD,false,true,variable,images/vice-salt-nic-e-liquid-tropical-blast-ice-30ml.jpg,https://aussievapemart.com.au/product/vice-salt-nic-e-liquid-tropical-blast-ice-30ml/
5050,Vice Salt Nic E-Liquid &#8211; Strawberry Ice 30ml,E-LIQUIDS,,26.99,AUD,false,true,variable,images/vice-salt-nic-e-liquid-strawberry-ice-30ml.jpg,https://aussievapemart.com.au/product/vice-salt-nic-e-liquid-strawberry-ice-30ml/
5049,Vice Salt Nic E-Liquid &#8211; Strawberry Banana Ice 30ml,E-LIQUIDS,,26.99,AUD,false,true,variable,images/vice-salt-nic-e-liquid-strawberry-banana-ice-30ml.jpg,https://aussievapemart.com.au/product/vice-salt-nic-e-liquid-strawberry-banana-ice-30ml/
5048,Vice Salt Nic E-Liquid &#8211; Raspberry Grape Lemon Ice 30ml,E-LIQUIDS,,13.99,AUD,false,true,variable,images/vice-salt-nic-e-liquid-raspberry-grape-lemon-ice-30ml.jpg,https://aussievapemart.com.au/product/vice-salt-nic-e-liquid-raspberry-grape-lemon-ice-30ml/
5047,Vice Salt Nic E-Liquid &#8211; Pineapple Peach Mango Ice 30ml,E-LIQUIDS,,26.99,AUD,false,true,variable,images/vice-salt-nic-e-liquid-pineapple-peach-mango-ice-30ml.jpg,https://aussievapemart.com.au/product/vice-salt-nic-e-liquid-pineapple-peach-mango-ice-30ml/
5046,Vice Salt Nic E-Liquid &#8211; Peach Lemon Ice 30ml,E-LIQUIDS,,26.99,AUD,false,true,simple,images/vice-salt-nic-e-liquid-peach-lemon-ice-30ml.jpg,https://aussievapemart.com.au/product/vice-salt-nic-e-liquid-peach-lemon-ice-30ml/
5045,Vice Salt Nic E-Liquid &#8211; Peach Ice 30ml,E-LIQUIDS,,26.99,AUD,false,true,variable,images/vice-salt-nic-e-liquid-peach-ice-30ml.jpg,https://aussievapemart.com.au/product/vice-salt-nic-e-liquid-peach-ice-30ml/
5044,Vice Salt Nic E-Liquid &#8211; Peach Berries Ice 30ml,E-LIQUIDS,,26.99,AUD,false,true,variable,images/vice-salt-nic-e-liquid-peach-berries-ice-30ml.jpg,https://aussievapemart.com.au/product/vice-salt-nic-e-liquid-peach-berries-ice-30ml/
5043,Vice Salt Nic E-Liquid &#8211; Orange Peach Mango Ice 30ml,E-LIQUIDS,,13.99,AUD,false,true,variable,images/vice-salt-nic-e-liquid-orange-peach-mango-ice-30ml.jpg,https://aussievapemart.com.au/product/vice-salt-nic-e-liquid-orange-peach-mango-ice-30ml/
4987,Vice Salt Nic E-Liquid &#8211; Mint 30ml,E-LIQUIDS,,26.99,AUD,false,true,variable,images/vice-salt-nic-e-liquid-mint-30ml.jpg,https://aussievapemart.com.au/product/vice-salt-nic-e-liquid-mint-30ml/
4986,Vice Salt Nic E-Liquid &#8211; Lush Ice 30ml,E-LIQUIDS,,26.99,AUD,false,true,variable,images/vice-salt-nic-e-liquid-lush-ice-30ml.jpg,https://aussievapemart.com.au/product/vice-salt-nic-e-liquid-lush-ice-30ml/
4985,Vice Salt Nic E-Liquid &#8211; Honeydew Blackberry Ice 30ml,E-LIQUIDS,,13.99,AUD,false,true,variable,images/vice-salt-nic-e-liquid-honeydew-blackberry-ice-30ml.jpg,https://aussievapemart.com.au/product/vice-salt-nic-e-liquid-honeydew-blackberry-ice-30ml/
4984,Vice Salt Nic E-Liquid &#8211; Green Apple Ice 30ml,E-LIQUIDS,,26.99,AUD,false,true,variable,images/vice-salt-nic-e-liquid-green-apple-ice-30ml.jpg,https://aussievapemart.com.au/product/vice-salt-nic-e-liquid-green-apple-ice-30ml/
4983,Vice Salt Nic E-Liquid &#8211; Grape Ice 30ml,E-LIQUIDS,,26.99,AUD,false,true,variable,images/vice-salt-nic-e-liquid-grape-ice-30ml.jpg,https://aussievapemart.com.au/product/vice-salt-nic-e-liquid-grape-ice-30ml/
4982,Vice Salt Nic E-Liquid &#8211; Cherry Watermelon Ice 30ml,E-LIQUIDS,,13.99,AUD,false,true,variable,images/vice-salt-nic-e-liquid-cherry-watermelon-ice-30ml.jpg,https://aussievapemart.com.au/product/vice-salt-nic-e-liquid-cherry-watermelon-ice-30ml/
4981,Vice Salt Nic E-Liquid &#8211; Blue Razz Melon Ice 30ml,E-LIQUIDS,,26.99,AUD,false,true,variable,images/vice-salt-nic-e-liquid-blue-razz-melon-ice-30ml.jpg,https://aussievapemart.com.au/product/vice-salt-nic-e-liquid-blue-razz-melon-ice-30ml/
4967,Vice Salt Nic E-Liquid &#8211; Blue Raspberry Ice 30ml,E-LIQUIDS,,26.99,AUD,false,true,variable,images/vice-salt-nic-e-liquid-blue-raspberry-ice-30ml.jpg,https://aussievapemart.com.au/product/vice-salt-nic-e-liquid-blue-raspberry-ice-30ml/
4966,Vice Salt Nic E-Liquid &#8211; Berry Burst Ice 30ml,E-LIQUIDS,,26.99,AUD,false,true,variable,images/vice-salt-nic-e-liquid-berry-burst-ice-30ml.jpg,https://aussievapemart.com.au/product/vice-salt-nic-e-liquid-berry-burst-ice-30ml/
4965,Vice Salt Nic E-Liquid &#8211; Banana Ice 30ml,E-LIQUIDS,,26.99,AUD,false,true,variable,images/vice-salt-nic-e-liquid-banana-ice-30ml.jpg,https://aussievapemart.com.au/product/vice-salt-nic-e-liquid-banana-ice-30ml/
4964,Vice Salt Nic E-Liquid &#8211; Apple Kiwi Melon Ice 30ml,E-LIQUIDS,,26.99,AUD,false,true,simple,images/vice-salt-nic-e-liquid-apple-kiwi-melon-ice-30ml.jpg,https://aussievapemart.com.au/product/vice-salt-nic-e-liquid-apple-kiwi-melon-ice-30ml/
4963,That&#8217;s Mint Salt-Nic E-Liquid &#8211; Wintergreen 30ml,E-LIQUIDS,,27.99,AUD,false,true,simple,images/thats-mint-salt-nic-e-liquid-wintergreen-30ml.jpg,https://aussievapemart.com.au/product/thats-mint-salt-nic-e-liquid-wintergreen-30ml/
4962,That&#8217;s Mint Salt-Nic E-Liquid &#8211; Spearmint 30ml,E-LIQUIDS,,27.99,AUD,false,true,variable,images/thats-mint-salt-nic-e-liquid-spearmint-30ml.jpg,https://aussievapemart.com.au/product/thats-mint-salt-nic-e-liquid-spearmint-30ml/
4961,That&#8217;s Mint Salt-Nic E-Liquid &#8211; Pure Ice 30ml,E-LIQUIDS,,27.99,AUD,false,true,variable,images/thats-mint-salt-nic-e-liquid-pure-ice-30ml.jpg,https://aussievapemart.com.au/product/thats-mint-salt-nic-e-liquid-pure-ice-30ml/
4960,That&#8217;s Mint Salt-Nic E-Liquid &#8211; Peppermint 30ml,E-LIQUIDS,,27.99,AUD,false,true,variable,images/thats-mint-salt-nic-e-liquid-peppermint-30ml.jpg,https://aussievapemart.com.au/product/thats-mint-salt-nic-e-liquid-peppermint-30ml/
4959,That&#8217;s Mint Salt-Nic E-Liquid &#8211; Mint Condition 30ml,E-LIQUIDS,,27.99,AUD,false,true,variable,images/thats-mint-salt-nic-e-liquid-mint-condition-30ml.jpg,https://aussievapemart.com.au/product/thats-mint-salt-nic-e-liquid-mint-condition-30ml/
4958,That&#8217;s Mint Salt-Nic E-Liquid &#8211; Menthol Blast 30ml,E-LIQUIDS,,27.99,AUD,false,true,variable,images/thats-mint-salt-nic-e-liquid-menthol-blast-30ml.jpg,https://aussievapemart.com.au/product/thats-mint-salt-nic-e-liquid-menthol-blast-30ml/
4957,Suavae Salt E-Liquid &#8211; Watermelon 30ml,E-LIQUIDS,,25.99,AUD,false,true,variable,images/suavae-salt-e-liquid-watermelon-30ml.jpg,https://aussievapemart.com.au/product/suavae-salt-e-liquid-watermelon-30ml/
4956,Suavae Salt E-Liquid &#8211; Tangerine 30ml,E-LIQUIDS,,25.99,AUD,false,true,variable,images/suavae-salt-e-liquid-tangerine-30ml.jpg,https://aussievapemart.com.au/product/suavae-salt-e-liquid-tangerine-30ml/
4955,Suavae Salt E-Liquid &#8211; Strawberry 30ml,E-LIQUIDS,,25.99,AUD,false,true,variable,images/suavae-salt-e-liquid-strawberry-30ml.jpg,https://aussievapemart.com.au/product/suavae-salt-e-liquid-strawberry-30ml/
4954,Suavae Salt E-Liquid &#8211; Raspberry 30ml,E-LIQUIDS,,25.99,AUD,false,true,variable,images/suavae-salt-e-liquid-raspberry-30ml.jpg,https://aussievapemart.com.au/product/suavae-salt-e-liquid-raspberry-30ml/
4953,Suavae Salt E-Liquid &#8211; Pomegranate 30ml,E-LIQUIDS,,25.99,AUD,false,true,variable,images/suavae-salt-e-liquid-pomegranate-30ml.jpg,https://aussievapemart.com.au/product/suavae-salt-e-liquid-pomegranate-30ml/
4952,Suavae Salt E-Liquid &#8211; Peach 30ml,E-LIQUIDS,,25.99,AUD,false,true,variable,images/suavae-salt-e-liquid-peach-30ml.jpg,https://aussievapemart.com.au/product/suavae-salt-e-liquid-peach-30ml/
4951,Suavae Salt E-Liquid &#8211; Mango 30ml,E-LIQUIDS,,25.99,AUD,false,true,variable,images/suavae-salt-e-liquid-mango-30ml.jpg,https://aussievapemart.com.au/product/suavae-salt-e-liquid-mango-30ml/
4950,Suavae Salt E-Liquid &#8211; Ice 30ml,E-LIQUIDS,,25.99,AUD,false,true,variable,images/suavae-salt-e-liquid-ice-30ml.jpg,https://aussievapemart.com.au/product/suavae-salt-e-liquid-ice-30ml/
4949,Suavae Salt E-Liquid &#8211; Honeydew 30ml,E-LIQUIDS,,25.99,AUD,false,true,variable,images/suavae-salt-e-liquid-honeydew-30ml.jpg,https://aussievapemart.com.au/product/suavae-salt-e-liquid-honeydew-30ml/
4948,Suavae Salt E-Liquid &#8211; Grape 30ml,E-LIQUIDS,,25.99,AUD,false,true,variable,images/suavae-salt-e-liquid-grape-30ml.jpg,https://aussievapemart.com.au/product/suavae-salt-e-liquid-grape-30ml/
4947,Suavae Salt E-Liquid &#8211; Flavourless 30ml,E-LIQUIDS,,25.99,AUD,false,true,variable,images/suavae-salt-e-liquid-flavourless-30ml.jpg,https://aussievapemart.com.au/product/suavae-salt-e-liquid-flavourless-30ml/
4946,Suavae Salt E-Liquid &#8211; Apple 30ml,E-LIQUIDS,,25.99,AUD,false,true,variable,images/suavae-salt-e-liquid-apple-30ml.jpg,https://aussievapemart.com.au/product/suavae-salt-e-liquid-apple-30ml/
4945,STLTH Switch E-Liquid Pod Pack &#8211; Cherry Grape Ice And Punch Ice,E-LIQUIDS,,25.99,AUD,false,true,simple,images/stlth-switch-e-liquid-pod-pack-cherry-grape-ice-and-punch-ice.jpg,https://aussievapemart.com.au/product/stlth-switch-e-liquid-pod-pack-cherry-grape-ice-and-punch-ice/
4944,STLTH Switch E-Liquid Pod Pack &#8211; Blue Razz And White Grape,E-LIQUIDS,,25.99,AUD,false,true,simple,images/stlth-switch-e-liquid-pod-pack-blue-razz-and-white-grape.jpg,https://aussievapemart.com.au/product/stlth-switch-e-liquid-pod-pack-blue-razz-and-white-grape/
4943,STLTH Switch E-Liquid Pod Pack &#8211; Blue Razz And Juicy Peach,E-LIQUIDS,,25.99,AUD,false,true,simple,images/stlth-switch-e-liquid-pod-pack-blue-razz-and-juicy-peach.jpg,https://aussievapemart.com.au/product/stlth-switch-e-liquid-pod-pack-blue-razz-and-juicy-peach/
4942,STLTH Switch E-Liquid Pod Pack &#8211; Arctic Mint And Ice Mint,E-LIQUIDS,,25.99,AUD,false,true,simple,images/stlth-switch-e-liquid-pod-pack-arctic-mint-and-ice-mint.jpg,https://aussievapemart.com.au/product/stlth-switch-e-liquid-pod-pack-arctic-mint-and-ice-mint/
4928,STLTH SNAP E-Liquid Pod Pack &#8211; Medellin Tobacco,E-LIQUIDS,,10.39,AUD,true,true,simple,images/stlth-snap-e-liquid-pod-pack-medellin-tobacco.jpg,https://aussievapemart.com.au/product/stlth-snap-e-liquid-pod-pack-medellin-tobacco/
4927,STLTH Salt Nic E-Liquid &#8211; White Grape Ice 30ml,E-LIQUIDS,,0,AUD,false,true,simple,images/stlth-salt-nic-e-liquid-white-grape-ice-30ml.jpg,https://aussievapemart.com.au/product/stlth-salt-nic-e-liquid-white-grape-ice-30ml/
4926,STLTH Salt Nic E-Liquid &#8211; Watermelon Lime Ice 30ml,E-LIQUIDS,,0,AUD,false,true,simple,images/stlth-salt-nic-e-liquid-watermelon-lime-ice-30ml.jpg,https://aussievapemart.com.au/product/stlth-salt-nic-e-liquid-watermelon-lime-ice-30ml/
4925,STLTH Salt Nic E-Liquid &#8211; Tropical Storm Ice 30ml,E-LIQUIDS,,0,AUD,false,true,simple,images/stlth-salt-nic-e-liquid-tropical-storm-ice-30ml.jpg,https://aussievapemart.com.au/product/stlth-salt-nic-e-liquid-tropical-storm-ice-30ml/
4924,STLTH Salt Nic E-Liquid &#8211; Strawberry Lime Ice 30ml,E-LIQUIDS,,0,AUD,false,true,simple,images/stlth-salt-nic-e-liquid-strawberry-lime-ice-30ml.jpg,https://aussievapemart.com.au/product/stlth-salt-nic-e-liquid-strawberry-lime-ice-30ml/
4923,STLTH Salt Nic E-Liquid &#8211; Punch Ice 30ml,E-LIQUIDS,,0,AUD,false,true,simple,images/stlth-salt-nic-e-liquid-punch-ice-30ml.jpg,https://aussievapemart.com.au/product/stlth-salt-nic-e-liquid-punch-ice-30ml/
4922,STLTH Salt Nic E-Liquid &#8211; Peach Blue Razz Ice 30ml,E-LIQUIDS,,0,AUD,false,true,simple,images/stlth-salt-nic-e-liquid-peach-blue-razz-ice-30ml.jpg,https://aussievapemart.com.au/product/stlth-salt-nic-e-liquid-peach-blue-razz-ice-30ml/
4921,STLTH Salt Nic E-Liquid &#8211; Lychee Melon Ice 30ml,E-LIQUIDS,,0,AUD,false,true,simple,images/stlth-salt-nic-e-liquid-lychee-melon-ice-30ml.jpg,https://aussievapemart.com.au/product/stlth-salt-nic-e-liquid-lychee-melon-ice-30ml/
4920,STLTH Salt Nic E-Liquid &#8211; Kiwi Dragon Berry Ice 30ml,E-LIQUIDS,,0,AUD,false,true,simple,images/stlth-salt-nic-e-liquid-kiwi-dragon-berry-ice-30ml.jpg,https://aussievapemart.com.au/product/stlth-salt-nic-e-liquid-kiwi-dragon-berry-ice-30ml/
4919,STLTH Salt Nic E-Liquid &#8211; Juicy Peach Ice 30ml,E-LIQUIDS,,0,AUD,false,true,simple,images/stlth-salt-nic-e-liquid-juicy-peach-ice-30ml.jpg,https://aussievapemart.com.au/product/stlth-salt-nic-e-liquid-juicy-peach-ice-30ml/
4918,STLTH Salt Nic E-Liquid &#8211; Hawaiian Mist Ice 30ml,E-LIQUIDS,,0,AUD,false,true,simple,images/stlth-salt-nic-e-liquid-hawaiian-mist-ice-30ml.jpg,https://aussievapemart.com.au/product/stlth-salt-nic-e-liquid-hawaiian-mist-ice-30ml/
4917,STLTH Salt Nic E-Liquid &#8211; Green Apple Ice 30ml,E-LIQUIDS,,0,AUD,false,true,simple,images/stlth-salt-nic-e-liquid-green-apple-ice-30ml.jpg,https://aussievapemart.com.au/product/stlth-salt-nic-e-liquid-green-apple-ice-30ml/
4916,STLTH Salt Nic E-Liquid &#8211; Citrus Burst Ice 30ml,E-LIQUIDS,,0,AUD,false,true,simple,images/stlth-salt-nic-e-liquid-citrus-burst-ice-30ml.jpg,https://aussievapemart.com.au/product/stlth-salt-nic-e-liquid-citrus-burst-ice-30ml/
4915,STLTH Salt Nic E-Liquid &#8211; Cherry Grape Ice 30ml,E-LIQUIDS,,0,AUD,false,true,simple,images/stlth-salt-nic-e-liquid-cherry-grape-ice-30ml.jpg,https://aussievapemart.com.au/product/stlth-salt-nic-e-liquid-cherry-grape-ice-30ml/
4914,STLTH Salt Nic E-Liquid &#8211; Blue Razz Lemon Ice 30ml,E-LIQUIDS,,0,AUD,false,true,simple,images/stlth-salt-nic-e-liquid-blue-razz-lemon-ice-30ml.jpg,https://aussievapemart.com.au/product/stlth-salt-nic-e-liquid-blue-razz-lemon-ice-30ml/
4913,STLTH Salt Nic E-Liquid &#8211; Blue Razz 30ml,E-LIQUIDS,,0,AUD,false,true,simple,images/stlth-salt-nic-e-liquid-blue-razz-30ml.jpg,https://aussievapemart.com.au/product/stlth-salt-nic-e-liquid-blue-razz-30ml/
4912,STLTH Salt Nic E-Liquid &#8211; Blackberry Ice 30ml,E-LIQUIDS,,0,AUD,false,true,simple,images/stlth-salt-nic-e-liquid-blackberry-ice-30ml.jpg,https://aussievapemart.com.au/product/stlth-salt-nic-e-liquid-blackberry-ice-30ml/
4861,STLTH Salt Nic E-Liquid &#8211; Arctic Mint 30ml,E-LIQUIDS,,0,AUD,false,true,simple,images/stlth-salt-nic-e-liquid-arctic-mint-30ml.jpg,https://aussievapemart.com.au/product/stlth-salt-nic-e-liquid-arctic-mint-30ml/
4860,STLTH Monster E-Liquid Pod Pack &#8211; Tobacco,E-LIQUIDS,,7.79,AUD,true,true,simple,images/stlth-monster-e-liquid-pod-pack-tobacco.jpg,https://aussievapemart.com.au/product/stlth-monster-e-liquid-pod-pack-tobacco/
4859,STLTH Loop Max E-Liquid Pod Pack &#8211; Razz Apple Ice,E-LIQUIDS,,31.99,AUD,false,true,simple,images/stlth-loop-max-e-liquid-pod-pack-razz-apple-ice.jpg,https://aussievapemart.com.au/product/stlth-loop-max-e-liquid-pod-pack-razz-apple-ice/
4858,STLTH Loop Max E-Liquid Pod Pack &#8211; Peach Berry,E-LIQUIDS,,31.99,AUD,false,true,simple,images/stlth-loop-max-e-liquid-pod-pack-peach-berry.jpg,https://aussievapemart.com.au/product/stlth-loop-max-e-liquid-pod-pack-peach-berry/
4857,STLTH Loop Max E-Liquid Pod Pack &#8211; Mango Pineapple Ice,E-LIQUIDS,,31.99,AUD,false,true,simple,images/stlth-loop-max-e-liquid-pod-pack-mango-pineapple-ice.jpg,https://aussievapemart.com.au/product/stlth-loop-max-e-liquid-pod-pack-mango-pineapple-ice/
4856,STLTH Loop Max E-Liquid Pod Pack &#8211; Juicy Peach Ice,E-LIQUIDS,,31.99,AUD,false,true,simple,images/stlth-loop-max-e-liquid-pod-pack-juicy-peach-ice.jpg,https://aussievapemart.com.au/product/stlth-loop-max-e-liquid-pod-pack-juicy-peach-ice/
4841,STLTH Loop Max E-Liquid Pod Pack &#8211; Juicy Peach,E-LIQUIDS,,31.99,AUD,false,true,simple,images/stlth-loop-max-e-liquid-pod-pack-juicy-peach.jpg,https://aussievapemart.com.au/product/stlth-loop-max-e-liquid-pod-pack-juicy-peach/
4840,STLTH Loop Max E-Liquid Pod Pack &#8211; Ice Mint,E-LIQUIDS,,31.99,AUD,false,true,simple,images/stlth-loop-max-e-liquid-pod-pack-ice-mint.jpg,https://aussievapemart.com.au/product/stlth-loop-max-e-liquid-pod-pack-ice-mint/
4839,STLTH Loop Max E-Liquid Pod Pack &#8211; Double Apple Shisha,E-LIQUIDS,,31.99,AUD,false,true,simple,images/stlth-loop-max-e-liquid-pod-pack-double-apple-shisha.jpg,https://aussievapemart.com.au/product/stlth-loop-max-e-liquid-pod-pack-double-apple-shisha/
4838,STLTH Loop Max E-Liquid Pod Pack &#8211; Coconut Ice,E-LIQUIDS,,31.99,AUD,false,true,simple,images/stlth-loop-max-e-liquid-pod-pack-coconut-ice.jpg,https://aussievapemart.com.au/product/stlth-loop-max-e-liquid-pod-pack-coconut-ice/
4837,STLTH Loop Closed Pod Vape Device,E-LIQUIDS,,6,AUD,true,true,simple,images/stlth-loop-closed-pod-vape-device.jpg,https://aussievapemart.com.au/product/stlth-loop-closed-pod-vape-device/
4836,STLTH Loop 9K Pod Pack &#8211; White Grape Ice,E-LIQUIDS,,17.59,AUD,true,true,simple,images/stlth-loop-9k-pod-pack-white-grape-ice.jpg,https://aussievapemart.com.au/product/stlth-loop-9k-pod-pack-white-grape-ice/
4835,STLTH Loop 9K Pod Pack &#8211; Punch Ice,E-LIQUIDS,,17.59,AUD,true,true,simple,images/stlth-loop-9k-pod-pack-punch-ice.jpg,https://aussievapemart.com.au/product/stlth-loop-9k-pod-pack-punch-ice/
4834,STLTH Loop 9K Pod Pack &#8211; Peach Mango Ice,E-LIQUIDS,,17.59,AUD,true,true,simple,images/stlth-loop-9k-pod-pack-peach-mango-ice.jpg,https://aussievapemart.com.au/product/stlth-loop-9k-pod-pack-peach-mango-ice/
4833,STLTH Loop 9K Pod Pack &#8211; Peach Blue Razz Ice,E-LIQUIDS,,17.59,AUD,true,true,simple,images/stlth-loop-9k-pod-pack-peach-blue-razz-ice.jpg,https://aussievapemart.com.au/product/stlth-loop-9k-pod-pack-peach-blue-razz-ice/
4832,STLTH Loop 9K Pod Pack &#8211; Juicy Peach Ice,E-LIQUIDS,,17.59,AUD,true,true,simple,images/stlth-loop-9k-pod-pack-juicy-peach-ice.jpg,https://aussievapemart.com.au/product/stlth-loop-9k-pod-pack-juicy-peach-ice/
4831,SMOK RPM3 Replacement Coils,E-LIQUIDS,,5.99,AUD,false,true,variable,images/smok-rpm3-replacement-coils.jpg,https://aussievapemart.com.au/product/smok-rpm3-replacement-coils/
4830,Slap Juice Salt Nic E-liquid &#8211; Strawberry Slam 30ml,E-LIQUIDS,,28.99,AUD,false,true,simple,images/slap-juice-salt-nic-e-liquid-strawberry-slam-30ml.jpg,https://aussievapemart.com.au/product/slap-juice-salt-nic-e-liquid-strawberry-slam-30ml/
4829,Slap Juice Salt Nic E-liquid &#8211; Slapple 30ml,E-LIQUIDS,,28.99,AUD,false,true,simple,images/slap-juice-salt-nic-e-liquid-slapple-30ml.jpg,https://aussievapemart.com.au/product/slap-juice-salt-nic-e-liquid-slapple-30ml/
4828,Slap Juice Salt Nic E-liquid &#8211; Ragin&#8217; Blue Razz 30ml,E-LIQUIDS,,28.99,AUD,false,true,variable,images/slap-juice-salt-nic-e-liquid-ragin-blue-razz-30ml.jpg,https://aussievapemart.com.au/product/slap-juice-salt-nic-e-liquid-ragin-blue-razz-30ml/
4827,Slap Juice Salt Nic E-liquid &#8211; Kiberry Kick 30ml,E-LIQUIDS,,28.99,AUD,false,true,simple,images/slap-juice-salt-nic-e-liquid-kiberry-kick-30ml.jpg,https://aussievapemart.com.au/product/slap-juice-salt-nic-e-liquid-kiberry-kick-30ml/
4826,Slap Juice Salt Nic E-liquid &#8211; Grapple White Grape 30ml,E-LIQUIDS,,28.99,AUD,false,true,simple,images/slap-juice-salt-nic-e-liquid-grapple-white-grape-30ml.jpg,https://aussievapemart.com.au/product/slap-juice-salt-nic-e-liquid-grapple-white-grape-30ml/
4825,Slap Juice Salt Nic E-liquid &#8211; Banana Backhand 30ml,E-LIQUIDS,,28.99,AUD,false,true,simple,images/slap-juice-salt-nic-e-liquid-banana-backhand-30ml.jpg,https://aussievapemart.com.au/product/slap-juice-salt-nic-e-liquid-banana-backhand-30ml/
4824,Orange Chronic,E-LIQUIDS,,8.12,AUD,false,true,variable,images/orange-chronic.png,https://aussievapemart.com.au/product/orange-chronic/
4823,Naked100 Salt Nic E-Liquid &#8211; Very Cool Berry 30ml,E-LIQUIDS,,27.99,AUD,false,true,variable,images/naked100-salt-nic-e-liquid-very-cool-berry-30ml.jpg,https://aussievapemart.com.au/product/naked100-salt-nic-e-liquid-very-cool-berry-30ml/
4822,Naked100 Salt Nic E-Liquid &#8211; Strawberry Pom 30ml,E-LIQUIDS,,27.99,AUD,false,true,variable,images/naked100-salt-nic-e-liquid-strawberry-pom-30ml.jpg,https://aussievapemart.com.au/product/naked100-salt-nic-e-liquid-strawberry-pom-30ml/
4821,Naked100 Salt Nic E-Liquid &#8211; Strawberry 30ml,E-LIQUIDS,,27.99,AUD,false,true,simple,images/naked100-salt-nic-e-liquid-strawberry-30ml.jpg,https://aussievapemart.com.au/product/naked100-salt-nic-e-liquid-strawberry-30ml/
4806,Naked100 Salt Nic E-Liquid &#8211; Really Berry 30ml,E-LIQUIDS,,27.99,AUD,false,true,variable,images/naked100-salt-nic-e-liquid-really-berry-30ml.jpg,https://aussievapemart.com.au/product/naked100-salt-nic-e-liquid-really-berry-30ml/
4805,Naked100 Salt Nic E-Liquid &#8211; Pineapple Berry 30ml,E-LIQUIDS,,27.99,AUD,false,true,simple,images/naked100-salt-nic-e-liquid-pineapple-berry-30ml.jpg,https://aussievapemart.com.au/product/naked100-salt-nic-e-liquid-pineapple-berry-30ml/
4804,Naked100 Salt Nic E-Liquid &#8211; Peach 30ml,E-LIQUIDS,,27.99,AUD,false,true,variable,images/naked100-salt-nic-e-liquid-peach-30ml.jpg,https://aussievapemart.com.au/product/naked100-salt-nic-e-liquid-peach-30ml/
4803,Naked100 Salt Nic E-Liquid &#8211; Melon 30ml,E-LIQUIDS,,27.99,AUD,false,true,variable,images/naked100-salt-nic-e-liquid-melon-30ml.jpg,https://aussievapemart.com.au/product/naked100-salt-nic-e-liquid-melon-30ml/
4802,Naked100 Salt Nic E-Liquid &#8211; Maui Sun 30ml,E-LIQUIDS,,27.99,AUD,false,true,simple,images/naked100-salt-nic-e-liquid-maui-sun-30ml.jpg,https://aussievapemart.com.au/product/naked100-salt-nic-e-liquid-maui-sun-30ml/
4801,Naked100 Salt Nic E-Liquid &#8211; Mango 30ml,E-LIQUIDS,,27.99,AUD,false,true,variable,images/naked100-salt-nic-e-liquid-mango-30ml.jpg,https://aussievapemart.com.au/product/naked100-salt-nic-e-liquid-mango-30ml/
4800,Naked100 Salt Nic E-Liquid &#8211; Lava Flow 30ml,E-LIQUIDS,,27.99,AUD,false,true,variable,images/naked100-salt-nic-e-liquid-lava-flow-30ml.jpg,https://aussievapemart.com.au/product/naked100-salt-nic-e-liquid-lava-flow-30ml/
4799,Naked100 Salt Nic E-Liquid &#8211; Hawaiian Pog 30ml,E-LIQUIDS,,27.99,AUD,false,true,variable,images/naked100-salt-nic-e-liquid-hawaiian-pog-30ml.jpg,https://aussievapemart.com.au/product/naked100-salt-nic-e-liquid-hawaiian-pog-30ml/
4798,Naked100 Salt Nic E-Liquid &#8211; Euro Gold 30ml,E-LIQUIDS,,27.99,AUD,false,true,variable,images/naked100-salt-nic-e-liquid-euro-gold-30ml.jpg,https://aussievapemart.com.au/product/naked100-salt-nic-e-liquid-euro-gold-30ml/
4797,Naked100 Salt Nic E-Liquid &#8211; Arctic Air Mint 30ml,E-LIQUIDS,,27.99,AUD,false,true,variable,images/naked100-salt-nic-e-liquid-arctic-air-mint-30ml.jpg,https://aussievapemart.com.au/product/naked100-salt-nic-e-liquid-arctic-air-mint-30ml/
4796,Naked100 Salt Nic E-Liquid &#8211; Apple Cooler 30ml,E-LIQUIDS,,27.99,AUD,false,true,variable,images/naked100-salt-nic-e-liquid-apple-cooler-30ml.jpg,https://aussievapemart.com.au/product/naked100-salt-nic-e-liquid-apple-cooler-30ml/
4795,Naked100 Freebase E-Liquid &#8211; Strawberry Pom Menthol 30ml,E-LIQUIDS,,22.99,AUD,false,true,variable,images/naked100-freebase-e-liquid-strawberry-pom-menthol-30ml.jpg,https://aussievapemart.com.au/product/naked100-freebase-e-liquid-strawberry-pom-menthol-30ml/
4794,Naked100 Freebase E-Liquid &#8211; Strawberry 30ml,E-LIQUIDS,,22.99,AUD,false,true,variable,images/naked100-freebase-e-liquid-strawberry-30ml.jpg,https://aussievapemart.com.au/product/naked100-freebase-e-liquid-strawberry-30ml/
4793,Naked100 Freebase E-Liquid &#8211; Really Berry 30ml,E-LIQUIDS,,22.99,AUD,false,true,variable,images/naked100-freebase-e-liquid-really-berry-30ml.jpg,https://aussievapemart.com.au/product/naked100-freebase-e-liquid-really-berry-30ml/
4792,Naked100 Freebase E-Liquid &#8211; Pog Ice 30ml,E-LIQUIDS,,22.99,AUD,false,true,variable,images/naked100-freebase-e-liquid-pog-ice-30ml.jpg,https://aussievapemart.com.au/product/naked100-freebase-e-liquid-pog-ice-30ml/
4791,Naked100 Freebase E-Liquid &#8211; Pog 30ml,E-LIQUIDS,,22.99,AUD,false,true,variable,images/naked100-freebase-e-liquid-pog-30ml.jpg,https://aussievapemart.com.au/product/naked100-freebase-e-liquid-pog-30ml/
4790,Naked100 Freebase E-Liquid &#8211; Pineapple Berry 30ml,E-LIQUIDS,,22.99,AUD,false,true,variable,images/naked100-freebase-e-liquid-pineapple-berry-30ml.jpg,https://aussievapemart.com.au/product/naked100-freebase-e-liquid-pineapple-berry-30ml/
4789,Naked100 Freebase E-Liquid &#8211; Peach 30ml,E-LIQUIDS,,22.99,AUD,false,true,variable,images/naked100-freebase-e-liquid-peach-30ml.jpg,https://aussievapemart.com.au/product/naked100-freebase-e-liquid-peach-30ml/
4788,Naked100 Freebase E-Liquid &#8211; Maui Ice 30ml,E-LIQUIDS,,22.99,AUD,false,true,variable,images/naked100-freebase-e-liquid-maui-ice-30ml.jpg,https://aussievapemart.com.au/product/naked100-freebase-e-liquid-maui-ice-30ml/
4787,Naked100 Freebase E-Liquid &#8211; Maui 30ml,E-LIQUIDS,,22.99,AUD,false,true,variable,images/naked100-freebase-e-liquid-maui-30ml.jpg,https://aussievapemart.com.au/product/naked100-freebase-e-liquid-maui-30ml/
4786,Naked100 Freebase E-Liquid &#8211; Mango 30ml,E-LIQUIDS,,22.99,AUD,false,true,variable,images/naked100-freebase-e-liquid-mango-30ml.jpg,https://aussievapemart.com.au/product/naked100-freebase-e-liquid-mango-30ml/
4785,Naked100 Freebase E-Liquid &#8211; Lava 30ml,E-LIQUIDS,,22.99,AUD,false,true,variable,images/naked100-freebase-e-liquid-lava-30ml.jpg,https://aussievapemart.com.au/product/naked100-freebase-e-liquid-lava-30ml/
4784,Naked100 Freebase E-Liquid &#8211; Fusion Triple Strawberry 30ml,E-LIQUIDS,,22.99,AUD,false,true,variable,images/naked100-freebase-e-liquid-fusion-triple-strawberry-30ml.jpg,https://aussievapemart.com.au/product/naked100-freebase-e-liquid-fusion-triple-strawberry-30ml/
4712,Naked100 Freebase E-Liquid &#8211; Euro Tobacco 30ml,E-LIQUIDS,,22.99,AUD,false,true,variable,images/naked100-freebase-e-liquid-euro-tobacco-30ml.jpg,https://aussievapemart.com.au/product/naked100-freebase-e-liquid-euro-tobacco-30ml/
4711,Naked100 Freebase E-Liquid &#8211; Berry Menthol 30ml,E-LIQUIDS,,22.99,AUD,false,true,variable,images/naked100-freebase-e-liquid-berry-menthol-30ml.jpg,https://aussievapemart.com.au/product/naked100-freebase-e-liquid-berry-menthol-30ml/
4710,Naked100 Freebase E-Liquid &#8211; Apple Menthol 30ml,E-LIQUIDS,,22.99,AUD,false,true,variable,images/naked100-freebase-e-liquid-apple-menthol-30ml.jpg,https://aussievapemart.com.au/product/naked100-freebase-e-liquid-apple-menthol-30ml/
4709,Naked100 Freebase E-Liquid &#8211; American Tobacco 30ml,E-LIQUIDS,,22.99,AUD,false,true,variable,images/naked100-freebase-e-liquid-american-tobacco-30ml.jpg,https://aussievapemart.com.au/product/naked100-freebase-e-liquid-american-tobacco-30ml/
4708,Naked100 Freebase E-Liquid &#8211; All Melon 30ml,E-LIQUIDS,,22.99,AUD,false,true,variable,images/naked100-freebase-e-liquid-all-melon-30ml.jpg,https://aussievapemart.com.au/product/naked100-freebase-e-liquid-all-melon-30ml/
4707,Lemon Drop Salt Nic E-Liquid &#8211; Wild Berry 60ml,E-LIQUIDS,,42.99,AUD,false,true,simple,images/lemon-drop-salt-nic-e-liquid-wild-berry-60ml.jpg,https://aussievapemart.com.au/product/lemon-drop-salt-nic-e-liquid-wild-berry-60ml/
4706,Lemon Drop Salt Nic E-Liquid &#8211; White Grape 30ml,E-LIQUIDS,,27.99,AUD,false,true,variable,images/lemon-drop-salt-nic-e-liquid-white-grape-30ml.jpg,https://aussievapemart.com.au/product/lemon-drop-salt-nic-e-liquid-white-grape-30ml/
4692,Lemon Drop Salt Nic E-Liquid &#8211; Watermelon 60ml,E-LIQUIDS,,42.99,AUD,false,true,simple,images/lemon-drop-salt-nic-e-liquid-watermelon-60ml.jpg,https://aussievapemart.com.au/product/lemon-drop-salt-nic-e-liquid-watermelon-60ml/
4691,Lemon Drop Salt Nic E-Liquid &#8211; Strawberry Kiwi 30ml,E-LIQUIDS,,27.99,AUD,false,true,variable,images/lemon-drop-salt-nic-e-liquid-strawberry-kiwi-30ml.jpg,https://aussievapemart.com.au/product/lemon-drop-salt-nic-e-liquid-strawberry-kiwi-30ml/
4690,Lemon Drop Salt Nic E-Liquid &#8211; Strawberry 60ml,E-LIQUIDS,,42.99,AUD,false,true,simple,images/lemon-drop-salt-nic-e-liquid-strawberry-60ml.jpg,https://aussievapemart.com.au/product/lemon-drop-salt-nic-e-liquid-strawberry-60ml/
4689,Lemon Drop Salt Nic E-Liquid &#8211; Punch 60ml,E-LIQUIDS,,42.99,AUD,false,true,simple,images/lemon-drop-salt-nic-e-liquid-punch-60ml.jpg,https://aussievapemart.com.au/product/lemon-drop-salt-nic-e-liquid-punch-60ml/
4688,Lemon Drop Salt Nic E-Liquid &#8211; Pink 60ml,E-LIQUIDS,,42.99,AUD,false,true,simple,images/lemon-drop-salt-nic-e-liquid-pink-60ml.jpg,https://aussievapemart.com.au/product/lemon-drop-salt-nic-e-liquid-pink-60ml/
4687,Lemon Drop Salt Nic E-Liquid &#8211; Peach 60ml,E-LIQUIDS,,42.99,AUD,false,true,simple,images/lemon-drop-salt-nic-e-liquid-peach-60ml.jpg,https://aussievapemart.com.au/product/lemon-drop-salt-nic-e-liquid-peach-60ml/
4686,Lemon Drop Salt Nic E-Liquid &#8211; Lemon Lime 30ml,E-LIQUIDS,,27.99,AUD,false,true,variable,images/lemon-drop-salt-nic-e-liquid-lemon-lime-30ml.jpg,https://aussievapemart.com.au/product/lemon-drop-salt-nic-e-liquid-lemon-lime-30ml/
4685,Lemon Drop Salt Nic E-Liquid &#8211; Double Lemon 60ml,E-LIQUIDS,,42.99,AUD,false,true,simple,images/lemon-drop-salt-nic-e-liquid-double-lemon-60ml.jpg,https://aussievapemart.com.au/product/lemon-drop-salt-nic-e-liquid-double-lemon-60ml/
4684,Lemon Drop Salt Nic E-Liquid &#8211; Blue Raspberry 60ml,E-LIQUIDS,,42.99,AUD,false,true,variable,images/lemon-drop-salt-nic-e-liquid-blue-raspberry-60ml.jpg,https://aussievapemart.com.au/product/lemon-drop-salt-nic-e-liquid-blue-raspberry-60ml/
4683,Lemon Drop Salt E-Liquid &#8211; Wild Berry 30ml,E-LIQUIDS,,27.99,AUD,false,true,variable,images/lemon-drop-salt-e-liquid-wild-berry-30ml.jpg,https://aussievapemart.com.au/product/lemon-drop-salt-e-liquid-wild-berry-30ml/
4682,Lemon Drop Salt E-Liquid &#8211; Watermelon 30ml,E-LIQUIDS,,27.99,AUD,false,true,variable,images/lemon-drop-salt-e-liquid-watermelon-30ml.jpg,https://aussievapemart.com.au/product/lemon-drop-salt-e-liquid-watermelon-30ml/
4681,Lemon Drop Salt E-Liquid &#8211; Punch 30ml,E-LIQUIDS,,27.99,AUD,false,true,variable,images/lemon-drop-salt-e-liquid-punch-30ml.jpg,https://aussievapemart.com.au/product/lemon-drop-salt-e-liquid-punch-30ml/
4680,Lemon Drop Salt E-Liquid &#8211; Pink 30ml,E-LIQUIDS,,27.99,AUD,false,true,variable,images/lemon-drop-salt-e-liquid-pink-30ml.jpg,https://aussievapemart.com.au/product/lemon-drop-salt-e-liquid-pink-30ml/
4666,Lemon Drop Salt E-Liquid &#8211; Pineapple 30ml,E-LIQUIDS,,27.99,AUD,false,true,variable,images/lemon-drop-salt-e-liquid-pineapple-30ml.jpg,https://aussievapemart.com.au/product/lemon-drop-salt-e-liquid-pineapple-30ml/
4665,Lemon Drop Salt E-Liquid &#8211; Peach 30ml,E-LIQUIDS,,27.99,AUD,false,true,variable,images/lemon-drop-salt-e-liquid-peach-30ml.jpg,https://aussievapemart.com.au/product/lemon-drop-salt-e-liquid-peach-30ml/
4664,Lemon Drop Salt E-Liquid &#8211; Mango 30ml,E-LIQUIDS,,27.99,AUD,false,true,variable,images/lemon-drop-salt-e-liquid-mango-30ml.jpg,https://aussievapemart.com.au/product/lemon-drop-salt-e-liquid-mango-30ml/
4663,Lemon Drop Salt E-Liquid &#8211; Lychee 30ml,E-LIQUIDS,,27.99,AUD,false,true,variable,images/lemon-drop-salt-e-liquid-lychee-30ml.jpg,https://aussievapemart.com.au/product/lemon-drop-salt-e-liquid-lychee-30ml/
4662,Lemon Drop Salt E-Liquid &#8211; Green Apple 30ml,E-LIQUIDS,,27.99,AUD,false,true,variable,images/lemon-drop-salt-e-liquid-green-apple-30ml.jpg,https://aussievapemart.com.au/product/lemon-drop-salt-e-liquid-green-apple-30ml/
4661,Lemon Drop Salt E-Liquid &#8211; Grapefruit 30ml,E-LIQUIDS,,27.99,AUD,false,true,variable,images/lemon-drop-salt-e-liquid-grapefruit-30ml.jpg,https://aussievapemart.com.au/product/lemon-drop-salt-e-liquid-grapefruit-30ml/
4660,Lemon Drop Salt E-Liquid &#8211; Grape 30ml,E-LIQUIDS,,27.99,AUD,false,true,variable,images/lemon-drop-salt-e-liquid-grape-30ml.jpg,https://aussievapemart.com.au/product/lemon-drop-salt-e-liquid-grape-30ml/
4659,Lemon Drop Salt E-Liquid &#8211; Double Lemon 30ml,E-LIQUIDS,,27.99,AUD,false,true,variable,images/lemon-drop-salt-e-liquid-double-lemon-30ml.jpg,https://aussievapemart.com.au/product/lemon-drop-salt-e-liquid-double-lemon-30ml/
4658,Lemon Drop Salt E-Liquid &#8211; Blueberry 30ml,E-LIQUIDS,,27.99,AUD,false,true,variable,images/lemon-drop-salt-e-liquid-blueberry-30ml.jpg,https://aussievapemart.com.au/product/lemon-drop-salt-e-liquid-blueberry-30ml/
4657,Lemon Drop Salt E-Liquid &#8211; Blue Raspberry 30ml,E-LIQUIDS,,27.99,AUD,false,true,variable,images/lemon-drop-salt-e-liquid-blue-raspberry-30ml.jpg,https://aussievapemart.com.au/product/lemon-drop-salt-e-liquid-blue-raspberry-30ml/
4656,Lemon Drop Salt E-Liquid &#8211; Black Currant 30ml,E-LIQUIDS,,27.99,AUD,false,true,variable,images/lemon-drop-salt-e-liquid-black-currant-30ml.jpg,https://aussievapemart.com.au/product/lemon-drop-salt-e-liquid-black-currant-30ml/
4655,Lemon Drop Salt E-Liquid &#8211; Black Cherry 30ml,E-LIQUIDS,,27.99,AUD,false,true,variable,images/lemon-drop-salt-e-liquid-black-cherry-30ml.jpg,https://aussievapemart.com.au/product/lemon-drop-salt-e-liquid-black-cherry-30ml/
4654,Lemon Drop Salt E-Liquid &#8211; Banana 30ml,E-LIQUIDS,,27.99,AUD,false,true,variable,images/lemon-drop-salt-e-liquid-banana-30ml.jpg,https://aussievapemart.com.au/product/lemon-drop-salt-e-liquid-banana-30ml/
4653,Lemon Drop Ice Salt Nic E-Liquid &#8211; Wild Berry 30ml,E-LIQUIDS,,27.99,AUD,false,true,variable,images/lemon-drop-ice-salt-nic-e-liquid-wild-berry-30ml.jpg,https://aussievapemart.com.au/product/lemon-drop-ice-salt-nic-e-liquid-wild-berry-30ml/
4652,Lemon Drop Ice Salt Nic E-Liquid &#8211; Watermelon 30ml,E-LIQUIDS,,27.99,AUD,false,true,variable,images/lemon-drop-ice-salt-nic-e-liquid-watermelon-30ml.jpg,https://aussievapemart.com.au/product/lemon-drop-ice-salt-nic-e-liquid-watermelon-30ml/
4651,Lemon Drop Ice Salt Nic E-Liquid &#8211; Strawberry 30ml,E-LIQUIDS,,27.99,AUD,false,true,variable,images/lemon-drop-ice-salt-nic-e-liquid-strawberry-30ml.jpg,https://aussievapemart.com.au/product/lemon-drop-ice-salt-nic-e-liquid-strawberry-30ml/
4650,Lemon Drop Ice Salt Nic E-Liquid &#8211; Punch 30ml,E-LIQUIDS,,27.99,AUD,false,true,variable,images/lemon-drop-ice-salt-nic-e-liquid-punch-30ml.jpg,https://aussievapemart.com.au/product/lemon-drop-ice-salt-nic-e-liquid-punch-30ml/
4649,Lemon Drop Ice Salt Nic E-Liquid &#8211; Pink 30ml,E-LIQUIDS,,27.99,AUD,false,true,variable,images/lemon-drop-ice-salt-nic-e-liquid-pink-30ml.jpg,https://aussievapemart.com.au/product/lemon-drop-ice-salt-nic-e-liquid-pink-30ml/
4648,Lemon Drop Ice Salt Nic E-Liquid &#8211; Pineapple 30ml,E-LIQUIDS,,27.99,AUD,false,true,variable,images/lemon-drop-ice-salt-nic-e-liquid-pineapple-30ml.jpg,https://aussievapemart.com.au/product/lemon-drop-ice-salt-nic-e-liquid-pineapple-30ml/
4647,Lemon Drop Ice Salt Nic E-Liquid &#8211; Peach 30ml,E-LIQUIDS,,27.99,AUD,false,true,variable,images/lemon-drop-ice-salt-nic-e-liquid-peach-30ml.jpg,https://aussievapemart.com.au/product/lemon-drop-ice-salt-nic-e-liquid-peach-30ml/
4646,Lemon Drop Ice Salt Nic E-Liquid &#8211; Mango 30ml,E-LIQUIDS,,27.99,AUD,false,true,variable,images/lemon-drop-ice-salt-nic-e-liquid-mango-30ml.jpg,https://aussievapemart.com.au/product/lemon-drop-ice-salt-nic-e-liquid-mango-30ml/
4645,Lemon Drop Ice Salt Nic E-Liquid &#8211; Lychee 30ml,E-LIQUIDS,,27.99,AUD,false,true,variable,images/lemon-drop-ice-salt-nic-e-liquid-lychee-30ml.jpg,https://aussievapemart.com.au/product/lemon-drop-ice-salt-nic-e-liquid-lychee-30ml/
4644,Lemon Drop Ice Salt Nic E-Liquid &#8211; Green Apple 30ml,E-LIQUIDS,,27.99,AUD,false,true,variable,images/lemon-drop-ice-salt-nic-e-liquid-green-apple-30ml.jpg,https://aussievapemart.com.au/product/lemon-drop-ice-salt-nic-e-liquid-green-apple-30ml/
4643,Lemon Drop Ice Salt Nic E-Liquid &#8211; Grape 30ml,E-LIQUIDS,,27.99,AUD,false,true,variable,images/lemon-drop-ice-salt-nic-e-liquid-grape-30ml.jpg,https://aussievapemart.com.au/product/lemon-drop-ice-salt-nic-e-liquid-grape-30ml/
4642,Lemon Drop Ice Salt Nic E-Liquid &#8211; Double Lemon 30ml,E-LIQUIDS,,27.99,AUD,false,true,variable,images/lemon-drop-ice-salt-nic-e-liquid-double-lemon-30ml.jpg,https://aussievapemart.com.au/product/lemon-drop-ice-salt-nic-e-liquid-double-lemon-30ml/
4641,Lemon Drop Ice Salt Nic E-Liquid &#8211; Blueberry 30ml,E-LIQUIDS,,27.99,AUD,false,true,variable,images/lemon-drop-ice-salt-nic-e-liquid-blueberry-30ml.jpg,https://aussievapemart.com.au/product/lemon-drop-ice-salt-nic-e-liquid-blueberry-30ml/
4640,Lemon Drop Ice Salt Nic E-Liquid &#8211; Blue Raspberry 30ml,E-LIQUIDS,,27.99,AUD,false,true,variable,images/lemon-drop-ice-salt-nic-e-liquid-blue-raspberry-30ml.jpg,https://aussievapemart.com.au/product/lemon-drop-ice-salt-nic-e-liquid-blue-raspberry-30ml/
4639,Lemon Drop Ice Salt Nic E-Liquid &#8211; Black Cherry 30ml,E-LIQUIDS,,27.99,AUD,false,true,variable,images/lemon-drop-ice-salt-nic-e-liquid-black-cherry-30ml.jpg,https://aussievapemart.com.au/product/lemon-drop-ice-salt-nic-e-liquid-black-cherry-30ml/
4638,Lemon Drop Ice Salt Nic E-Liquid &#8211; Banana 30ml,E-LIQUIDS,,27.99,AUD,false,true,variable,images/lemon-drop-ice-salt-nic-e-liquid-banana-30ml.jpg,https://aussievapemart.com.au/product/lemon-drop-ice-salt-nic-e-liquid-banana-30ml/
4637,Lemon Drop Ice Freebase E-Liquid &#8211; Watermelon 30ml,E-LIQUIDS,,22.99,AUD,false,true,variable,images/lemon-drop-ice-freebase-e-liquid-watermelon-30ml.jpg,https://aussievapemart.com.au/product/lemon-drop-ice-freebase-e-liquid-watermelon-30ml/
4582,Lemon Drop Ice Freebase E-Liquid &#8211; Strawberry 30ml,E-LIQUIDS,,22.99,AUD,false,true,variable,images/lemon-drop-ice-freebase-e-liquid-strawberry-30ml.jpg,https://aussievapemart.com.au/product/lemon-drop-ice-freebase-e-liquid-strawberry-30ml/
4581,Lemon Drop Ice Freebase E-Liquid &#8211; Punch 30ml,E-LIQUIDS,,22.99,AUD,false,true,variable,images/lemon-drop-ice-freebase-e-liquid-punch-30ml.jpg,https://aussievapemart.com.au/product/lemon-drop-ice-freebase-e-liquid-punch-30ml/
4580,Lemon Drop Ice Freebase E-Liquid &#8211; Pink 30ml,E-LIQUIDS,,22.99,AUD,false,true,variable,images/lemon-drop-ice-freebase-e-liquid-pink-30ml.jpg,https://aussievapemart.com.au/product/lemon-drop-ice-freebase-e-liquid-pink-30ml/
4579,Lemon Drop Ice Freebase E-Liquid &#8211; Peach 30ml,E-LIQUIDS,,22.99,AUD,false,true,variable,images/lemon-drop-ice-freebase-e-liquid-peach-30ml.jpg,https://aussievapemart.com.au/product/lemon-drop-ice-freebase-e-liquid-peach-30ml/
4578,Lemon Drop Ice Freebase E-Liquid &#8211; Orange 30ml,E-LIQUIDS,,22.99,AUD,false,true,variable,images/lemon-drop-ice-freebase-e-liquid-orange-30ml.jpg,https://aussievapemart.com.au/product/lemon-drop-ice-freebase-e-liquid-orange-30ml/
4577,Lemon Drop Ice Freebase E-Liquid &#8211; Mango 30ml,E-LIQUIDS,,22.99,AUD,false,true,variable,images/lemon-drop-ice-freebase-e-liquid-mango-30ml.jpg,https://aussievapemart.com.au/product/lemon-drop-ice-freebase-e-liquid-mango-30ml/
4576,Lemon Drop Ice Freebase E-Liquid &#8211; Grape 30ml,E-LIQUIDS,,22.99,AUD,false,true,variable,images/lemon-drop-ice-freebase-e-liquid-grape-30ml.jpg,https://aussievapemart.com.au/product/lemon-drop-ice-freebase-e-liquid-grape-30ml/
4562,Lemon Drop Ice Freebase E-Liquid &#8211; Cherry 30ml,E-LIQUIDS,,22.99,AUD,false,true,variable,images/lemon-drop-ice-freebase-e-liquid-cherry-30ml.jpg,https://aussievapemart.com.au/product/lemon-drop-ice-freebase-e-liquid-cherry-30ml/
4561,Lemon Drop Ice Freebase E-Liquid &#8211; Blue 30ml,E-LIQUIDS,,22.99,AUD,false,true,variable,images/lemon-drop-ice-freebase-e-liquid-blue-30ml.jpg,https://aussievapemart.com.au/product/lemon-drop-ice-freebase-e-liquid-blue-30ml/
4560,Lemon Drop Ice Freebase E-Liquid &#8211; Berries 30ml,E-LIQUIDS,,22.99,AUD,false,true,variable,images/lemon-drop-ice-freebase-e-liquid-berries-30ml.jpg,https://aussievapemart.com.au/product/lemon-drop-ice-freebase-e-liquid-berries-30ml/
4559,Lemon Drop Ice Freebase E-Liquid &#8211; Apple 30ml,E-LIQUIDS,,22.99,AUD,false,true,variable,images/lemon-drop-ice-freebase-e-liquid-apple-30ml.jpg,https://aussievapemart.com.au/product/lemon-drop-ice-freebase-e-liquid-apple-30ml/
4558,Lemon Drop Freebase E-Liquid &#8211; Wild Berry 60ml,E-LIQUIDS,,35.99,AUD,false,true,variable,images/lemon-drop-freebase-e-liquid-wild-berry-60ml.jpg,https://aussievapemart.com.au/product/lemon-drop-freebase-e-liquid-wild-berry-60ml/
4557,Lemon Drop Freebase E-Liquid &#8211; Wild Berry 100ml,E-LIQUIDS,,45.99,AUD,false,true,simple,images/lemon-drop-freebase-e-liquid-wild-berry-100ml.jpg,https://aussievapemart.com.au/product/lemon-drop-freebase-e-liquid-wild-berry-100ml/
4556,Lemon Drop Freebase E-Liquid &#8211; Watermelon 60ml,E-LIQUIDS,,35.99,AUD,false,true,simple,images/lemon-drop-freebase-e-liquid-watermelon-60ml.jpg,https://aussievapemart.com.au/product/lemon-drop-freebase-e-liquid-watermelon-60ml/
4555,Lemon Drop Freebase E-Liquid &#8211; Strawberry 60ml,E-LIQUIDS,,35.99,AUD,false,true,variable,images/lemon-drop-freebase-e-liquid-strawberry-60ml.jpg,https://aussievapemart.com.au/product/lemon-drop-freebase-e-liquid-strawberry-60ml/
4554,Lemon Drop Freebase E-Liquid &#8211; Punch 60ml,E-LIQUIDS,,35.99,AUD,false,true,variable,images/lemon-drop-freebase-e-liquid-punch-60ml.jpg,https://aussievapemart.com.au/product/lemon-drop-freebase-e-liquid-punch-60ml/
4553,Lemon Drop Freebase E-Liquid &#8211; Punch 100ml,E-LIQUIDS,,45.99,AUD,false,true,variable,images/lemon-drop-freebase-e-liquid-punch-100ml.jpg,https://aussievapemart.com.au/product/lemon-drop-freebase-e-liquid-punch-100ml/
4552,Lemon Drop Freebase E-Liquid &#8211; Pink 60ml,E-LIQUIDS,,35.99,AUD,false,true,simple,images/lemon-drop-freebase-e-liquid-pink-60ml.jpg,https://aussievapemart.com.au/product/lemon-drop-freebase-e-liquid-pink-60ml/
4551,Lemon Drop Freebase E-Liquid &#8211; Peach 60ml,E-LIQUIDS,,35.99,AUD,false,true,variable,images/lemon-drop-freebase-e-liquid-peach-60ml.jpg,https://aussievapemart.com.au/product/lemon-drop-freebase-e-liquid-peach-60ml/
4550,Lemon Drop Freebase E-Liquid &#8211; Peach 100ml,E-LIQUIDS,,45.99,AUD,false,true,simple,images/lemon-drop-freebase-e-liquid-peach-100ml.jpg,https://aussievapemart.com.au/product/lemon-drop-freebase-e-liquid-peach-100ml/
4549,Lemon Drop Freebase E-Liquid &#8211; Mango 60ml,E-LIQUIDS,,35.99,AUD,false,true,simple,images/lemon-drop-freebase-e-liquid-mango-60ml.jpg,https://aussievapemart.com.au/product/lemon-drop-freebase-e-liquid-mango-60ml/
4548,Lemon Drop Freebase E-Liquid &#8211; Green Apple 60ml,E-LIQUIDS,,35.99,AUD,false,true,simple,images/lemon-drop-freebase-e-liquid-green-apple-60ml.jpg,https://aussievapemart.com.au/product/lemon-drop-freebase-e-liquid-green-apple-60ml/
4547,Lemon Drop Freebase E-Liquid &#8211; Grape 60ml,E-LIQUIDS,,35.99,AUD,false,true,simple,images/lemon-drop-freebase-e-liquid-grape-60ml.jpg,https://aussievapemart.com.au/product/lemon-drop-freebase-e-liquid-grape-60ml/
4546,Lemon Drop Freebase E-Liquid &#8211; Double Lemon 60ml,E-LIQUIDS,,35.99,AUD,false,true,variable,images/lemon-drop-freebase-e-liquid-double-lemon-60ml.jpg,https://aussievapemart.com.au/product/lemon-drop-freebase-e-liquid-double-lemon-60ml/
4545,Lemon Drop Freebase E-Liquid &#8211; Blue Raspberry 60ml,E-LIQUIDS,,35.99,AUD,false,true,variable,images/lemon-drop-freebase-e-liquid-blue-raspberry-60ml.jpg,https://aussievapemart.com.au/product/lemon-drop-freebase-e-liquid-blue-raspberry-60ml/
4544,Lemon Drop Freebase E-Liquid &#8211; Blue Raspberry 100ml,E-LIQUIDS,,45.99,AUD,false,true,variable,images/lemon-drop-freebase-e-liquid-blue-raspberry-100ml.jpg,https://aussievapemart.com.au/product/lemon-drop-freebase-e-liquid-blue-raspberry-100ml/
4543,Lemon Drop Freebase E-Liquid &#8211; Blood Orange 60ml,E-LIQUIDS,,35.99,AUD,false,true,simple,images/lemon-drop-freebase-e-liquid-blood-orange-60ml.jpg,https://aussievapemart.com.au/product/lemon-drop-freebase-e-liquid-blood-orange-60ml/
4542,Lemon Drop Freebase E-Liquid &#8211; Black Cherry 60ml,E-LIQUIDS,,35.99,AUD,false,true,simple,images/lemon-drop-freebase-e-liquid-black-cherry-60ml.jpg,https://aussievapemart.com.au/product/lemon-drop-freebase-e-liquid-black-cherry-60ml/
4541,Lemon Drop Boost Salt Nic E-Liquid &#8211; Wild Berry Ice,E-LIQUIDS,,27.99,AUD,false,true,simple,images/lemon-drop-boost-salt-nic-e-liquid-wild-berry-ice.jpg,https://aussievapemart.com.au/product/lemon-drop-boost-salt-nic-e-liquid-wild-berry-ice/
4540,Lemon Drop Boost Salt Nic E-Liquid &#8211; Wild Berry,E-LIQUIDS,,27.99,AUD,false,true,simple,images/lemon-drop-boost-salt-nic-e-liquid-wild-berry.jpg,https://aussievapemart.com.au/product/lemon-drop-boost-salt-nic-e-liquid-wild-berry/
4539,Lemon Drop Boost Salt Nic E-Liquid &#8211; Punch Ice,E-LIQUIDS,,27.99,AUD,false,true,simple,images/lemon-drop-boost-salt-nic-e-liquid-punch-ice.jpg,https://aussievapemart.com.au/product/lemon-drop-boost-salt-nic-e-liquid-punch-ice/
4538,Lemon Drop Boost Salt Nic E-Liquid &#8211; Punch,E-LIQUIDS,,27.99,AUD,false,true,simple,images/lemon-drop-boost-salt-nic-e-liquid-punch.jpg,https://aussievapemart.com.au/product/lemon-drop-boost-salt-nic-e-liquid-punch/
4537,Lemon Drop Boost Salt Nic E-Liquid &#8211; Pink Ice,E-LIQUIDS,,27.99,AUD,false,true,simple,images/lemon-drop-boost-salt-nic-e-liquid-pink-ice.jpg,https://aussievapemart.com.au/product/lemon-drop-boost-salt-nic-e-liquid-pink-ice/
4523,Lemon Drop Boost Salt Nic E-Liquid &#8211; Pink,E-LIQUIDS,,27.99,AUD,false,true,simple,images/lemon-drop-boost-salt-nic-e-liquid-pink.jpg,https://aussievapemart.com.au/product/lemon-drop-boost-salt-nic-e-liquid-pink/
4522,Lemon Drop Boost Salt Nic E-Liquid &#8211; Peach Ice,E-LIQUIDS,,27.99,AUD,false,true,simple,images/lemon-drop-boost-salt-nic-e-liquid-peach-ice.jpg,https://aussievapemart.com.au/product/lemon-drop-boost-salt-nic-e-liquid-peach-ice/
4521,Lemon Drop Boost Salt Nic E-Liquid &#8211; Peach,E-LIQUIDS,,27.99,AUD,false,true,simple,images/lemon-drop-boost-salt-nic-e-liquid-peach.jpg,https://aussievapemart.com.au/product/lemon-drop-boost-salt-nic-e-liquid-peach/
4520,Lemon Drop Boost Salt Nic E-Liquid &#8211; Blue Raspberry Ice,E-LIQUIDS,,27.99,AUD,false,true,simple,images/lemon-drop-boost-salt-nic-e-liquid-blue-raspberry-ice.jpg,https://aussievapemart.com.au/product/lemon-drop-boost-salt-nic-e-liquid-blue-raspberry-ice/
4519,Lemon Drop Boost Salt Nic E-Liquid &#8211; Blue Raspberry,E-LIQUIDS,,27.99,AUD,false,true,simple,images/lemon-drop-boost-salt-nic-e-liquid-blue-raspberry.jpg,https://aussievapemart.com.au/product/lemon-drop-boost-salt-nic-e-liquid-blue-raspberry/
4518,Koil Killaz Salt E-Liquid &#8211; Savage 30ml,E-LIQUIDS,,27.99,AUD,false,true,simple,images/koil-killaz-salt-e-liquid-savage-30ml.jpg,https://aussievapemart.com.au/product/koil-killaz-salt-e-liquid-savage-30ml/
4517,Koil Killaz Salt E-Liquid &#8211; Sasquatch 30ml,E-LIQUIDS,,27.99,AUD,false,true,variable,images/koil-killaz-salt-e-liquid-sasquatch-30ml.jpg,https://aussievapemart.com.au/product/koil-killaz-salt-e-liquid-sasquatch-30ml/
4516,Koil Killaz Salt E-Liquid &#8211; Roundhouse 30ml,E-LIQUIDS,,27.99,AUD,false,true,simple,images/koil-killaz-salt-e-liquid-roundhouse-30ml.jpg,https://aussievapemart.com.au/product/koil-killaz-salt-e-liquid-roundhouse-30ml/
4515,Koil Killaz Salt E-Liquid &#8211; Rampage 30ml,E-LIQUIDS,,27.99,AUD,false,true,simple,images/koil-killaz-salt-e-liquid-rampage-30ml.jpg,https://aussievapemart.com.au/product/koil-killaz-salt-e-liquid-rampage-30ml/
4514,Koil Killaz Salt E-Liquid &#8211; Blitz 30ml,E-LIQUIDS,,27.99,AUD,false,true,simple,images/koil-killaz-salt-e-liquid-blitz-30ml.jpg,https://aussievapemart.com.au/product/koil-killaz-salt-e-liquid-blitz-30ml/
4513,Koil Killaz Salt E-Liquid &#8211; Ambush 30ml,E-LIQUIDS,,27.99,AUD,false,true,simple,images/koil-killaz-salt-e-liquid-ambush-30ml.jpg,https://aussievapemart.com.au/product/koil-killaz-salt-e-liquid-ambush-30ml/
4512,Kapow Salt Nic E-liquid &#8211; Pixi 30ml,E-LIQUIDS,,27.99,AUD,false,true,variable,images/kapow-salt-nic-e-liquid-pixi-30ml.jpg,https://aussievapemart.com.au/product/kapow-salt-nic-e-liquid-pixi-30ml/
4511,Kapow Salt Nic E-liquid &#8211; I&#8217;m Blue 30ml,E-LIQUIDS,,27.99,AUD,false,true,variable,images/kapow-salt-nic-e-liquid-im-blue-30ml.jpg,https://aussievapemart.com.au/product/kapow-salt-nic-e-liquid-im-blue-30ml/
4510,Kapow Salt E-liquid &#8211; Super Sour 30ml,E-LIQUIDS,,27.99,AUD,false,true,variable,images/kapow-salt-e-liquid-super-sour-30ml.jpg,https://aussievapemart.com.au/product/kapow-salt-e-liquid-super-sour-30ml/
4509,Kapow Salt E-liquid &#8211; Strappy 30ml,E-LIQUIDS,,27.99,AUD,false,true,variable,images/kapow-salt-e-liquid-strappy-30ml.jpg,https://aussievapemart.com.au/product/kapow-salt-e-liquid-strappy-30ml/
4508,Kapow Salt E-liquid &#8211; Stick It 30ml,E-LIQUIDS,,27.99,AUD,false,true,variable,images/kapow-salt-e-liquid-stick-it-30ml.jpg,https://aussievapemart.com.au/product/kapow-salt-e-liquid-stick-it-30ml/
4507,Kapow Salt E-liquid &#8211; Rocket Ship 30ml,E-LIQUIDS,,27.99,AUD,false,true,variable,images/kapow-salt-e-liquid-rocket-ship-30ml.jpg,https://aussievapemart.com.au/product/kapow-salt-e-liquid-rocket-ship-30ml/
4437,Kapow Salt E-liquid &#8211; Rainbow Express 30ml,E-LIQUIDS,,27.99,AUD,false,true,variable,images/kapow-salt-e-liquid-rainbow-express-30ml.jpg,https://aussievapemart.com.au/product/kapow-salt-e-liquid-rainbow-express-30ml/
4436,Kapow Salt E-liquid &#8211; Off Route 30ml,E-LIQUIDS,,27.99,AUD,false,true,variable,images/kapow-salt-e-liquid-off-route-30ml.jpg,https://aussievapemart.com.au/product/kapow-salt-e-liquid-off-route-30ml/
4435,Kapow Salt E-liquid &#8211; Nana 30ml,E-LIQUIDS,,27.99,AUD,false,true,variable,images/kapow-salt-e-liquid-nana-30ml.jpg,https://aussievapemart.com.au/product/kapow-salt-e-liquid-nana-30ml/
4434,Kapow Salt E-liquid &#8211; Cloudy 30ml,E-LIQUIDS,,27.99,AUD,false,true,variable,images/kapow-salt-e-liquid-cloudy-30ml.jpg,https://aussievapemart.com.au/product/kapow-salt-e-liquid-cloudy-30ml/
4433,Kapow Salt E-liquid &#8211; Classic 30ml,E-LIQUIDS,,27.99,AUD,false,true,variable,images/kapow-salt-e-liquid-classic-30ml.jpg,https://aussievapemart.com.au/product/kapow-salt-e-liquid-classic-30ml/
4432,Kapow Freebase E-Liquid &#8211; Super Sour 60ml,E-LIQUIDS,,37.99,AUD,false,true,variable,images/kapow-freebase-e-liquid-super-sour-60ml.jpg,https://aussievapemart.com.au/product/kapow-freebase-e-liquid-super-sour-60ml/
4431,Kapow Freebase E-Liquid &#8211; Strappy 60ml,E-LIQUIDS,,37.99,AUD,false,true,simple,images/kapow-freebase-e-liquid-strappy-60ml.jpg,https://aussievapemart.com.au/product/kapow-freebase-e-liquid-strappy-60ml/
4430,Kapow Freebase E-Liquid &#8211; Stick It 60ml,E-LIQUIDS,,37.99,AUD,false,true,variable,images/kapow-freebase-e-liquid-stick-it-60ml.jpg,https://aussievapemart.com.au/product/kapow-freebase-e-liquid-stick-it-60ml/
4429,Kapow Freebase E-Liquid &#8211; Rocket Ship 60ml,E-LIQUIDS,,37.99,AUD,false,true,variable,images/kapow-freebase-e-liquid-rocket-ship-60ml.jpg,https://aussievapemart.com.au/product/kapow-freebase-e-liquid-rocket-ship-60ml/
4428,Kapow Freebase E-Liquid &#8211; Off Route 60ml,E-LIQUIDS,,37.99,AUD,false,true,variable,images/kapow-freebase-e-liquid-off-route-60ml.jpg,https://aussievapemart.com.au/product/kapow-freebase-e-liquid-off-route-60ml/
4427,Kapow Freebase E-Liquid &#8211; I&#8217;m Blue 60ml,E-LIQUIDS,,37.99,AUD,false,true,simple,images/kapow-freebase-e-liquid-im-blue-60ml.jpg,https://aussievapemart.com.au/product/kapow-freebase-e-liquid-im-blue-60ml/
4426,Kapow Freebase E-Liquid &#8211; Cloudy 60ml,E-LIQUIDS,,37.99,AUD,false,true,variable,images/kapow-freebase-e-liquid-cloudy-60ml.jpg,https://aussievapemart.com.au/product/kapow-freebase-e-liquid-cloudy-60ml/
4413,Juiced Up Salt-Nic E-Liquid &#8211; Tropical Punch 30ml,E-LIQUIDS,,27.99,AUD,false,true,variable,images/juiced-up-salt-nic-e-liquid-tropical-punch-30ml.jpg,https://aussievapemart.com.au/product/juiced-up-salt-nic-e-liquid-tropical-punch-30ml/
4412,Juiced Up Salt-Nic E-Liquid &#8211; Strawberry Kiwi 30ml,E-LIQUIDS,,27.99,AUD,false,true,variable,images/juiced-up-salt-nic-e-liquid-strawberry-kiwi-30ml.jpg,https://aussievapemart.com.au/product/juiced-up-salt-nic-e-liquid-strawberry-kiwi-30ml/
4411,Juiced Up Salt-Nic E-Liquid &#8211; Mango Pineapple 30ml,E-LIQUIDS,,27.99,AUD,false,true,variable,images/juiced-up-salt-nic-e-liquid-mango-pineapple-30ml.jpg,https://aussievapemart.com.au/product/juiced-up-salt-nic-e-liquid-mango-pineapple-30ml/
4410,Juiced Up Salt-Nic E-Liquid &#8211; Green Apple 30ml,E-LIQUIDS,,27.99,AUD,false,true,variable,images/juiced-up-salt-nic-e-liquid-green-apple-30ml.jpg,https://aussievapemart.com.au/product/juiced-up-salt-nic-e-liquid-green-apple-30ml/
4409,Juiced Up Salt-Nic E-Liquid &#8211; Double Strawberry 30ml,E-LIQUIDS,,27.99,AUD,false,true,variable,images/juiced-up-salt-nic-e-liquid-double-strawberry-30ml.jpg,https://aussievapemart.com.au/product/juiced-up-salt-nic-e-liquid-double-strawberry-30ml/
4408,Juiced Up Salt-Nic E-Liquid &#8211; Double Grape 30ml,E-LIQUIDS,,27.99,AUD,false,true,variable,images/juiced-up-salt-nic-e-liquid-double-grape-30ml.jpg,https://aussievapemart.com.au/product/juiced-up-salt-nic-e-liquid-double-grape-30ml/
4407,Juiced Up Salt-Nic E-Liquid &#8211; Blue Raspberry 30ml,E-LIQUIDS,,27.99,AUD,false,true,variable,images/juiced-up-salt-nic-e-liquid-blue-raspberry-30ml.jpg,https://aussievapemart.com.au/product/juiced-up-salt-nic-e-liquid-blue-raspberry-30ml/
4406,Juiced Up Salt-Nic E-Liquid &#8211; Berry Banana 30ml,E-LIQUIDS,,27.99,AUD,false,true,variable,images/juiced-up-salt-nic-e-liquid-berry-banana-30ml.jpg,https://aussievapemart.com.au/product/juiced-up-salt-nic-e-liquid-berry-banana-30ml/
4405,Juiced Up Freebase E-Liquid &#8211; Tropical Punch 60ml,E-LIQUIDS,,37.99,AUD,false,true,simple,images/juiced-up-freebase-e-liquid-tropical-punch-60ml.jpg,https://aussievapemart.com.au/product/juiced-up-freebase-e-liquid-tropical-punch-60ml/
4404,Juiced Up Freebase E-Liquid &#8211; Strawberry Kiwi 60ml,E-LIQUIDS,,37.99,AUD,false,true,variable,images/juiced-up-freebase-e-liquid-strawberry-kiwi-60ml.jpg,https://aussievapemart.com.au/product/juiced-up-freebase-e-liquid-strawberry-kiwi-60ml/
4403,Juiced Up Freebase E-Liquid &#8211; Double Strawberry 60ml,E-LIQUIDS,,37.99,AUD,false,true,simple,images/juiced-up-freebase-e-liquid-double-strawberry-60ml.jpg,https://aussievapemart.com.au/product/juiced-up-freebase-e-liquid-double-strawberry-60ml/
4402,Juiced Up Freebase E-Liquid &#8211; Double Grape 60ml,E-LIQUIDS,,37.99,AUD,false,true,variable,images/juiced-up-freebase-e-liquid-double-grape-60ml.jpg,https://aussievapemart.com.au/product/juiced-up-freebase-e-liquid-double-grape-60ml/
4401,Juiced Up Freebase E-Liquid &#8211; Blue Raspberry 60ml,E-LIQUIDS,,37.99,AUD,false,true,variable,images/juiced-up-freebase-e-liquid-blue-raspberry-60ml.jpg,https://aussievapemart.com.au/product/juiced-up-freebase-e-liquid-blue-raspberry-60ml/
4400,Juiced Up Freebase E-Liquid &#8211; Berry Banana 60ml,E-LIQUIDS,,37.99,AUD,false,true,simple,images/juiced-up-freebase-e-liquid-berry-banana-60ml.jpg,https://aussievapemart.com.au/product/juiced-up-freebase-e-liquid-berry-banana-60ml/
4399,Fruitbae Salt E-Liquid &#8211; Watermelon Honeydew 30ml,E-LIQUIDS,,27.99,AUD,false,true,variable,images/fruitbae-salt-e-liquid-watermelon-honeydew-30ml.jpg,https://aussievapemart.com.au/product/fruitbae-salt-e-liquid-watermelon-honeydew-30ml/
4398,Fruitbae Salt E-Liquid &#8211; Strawberry Guava 30ml,E-LIQUIDS,,27.99,AUD,false,true,variable,images/fruitbae-salt-e-liquid-strawberry-guava-30ml.jpg,https://aussievapemart.com.au/product/fruitbae-salt-e-liquid-strawberry-guava-30ml/
4397,Fruitbae Salt E-Liquid &#8211; Raspberry Apple 30ml,E-LIQUIDS,,27.99,AUD,false,true,variable,images/fruitbae-salt-e-liquid-raspberry-apple-30ml.jpg,https://aussievapemart.com.au/product/fruitbae-salt-e-liquid-raspberry-apple-30ml/
4396,Fruitbae Salt E-Liquid &#8211; Pomegranate Orange 30ml,E-LIQUIDS,,27.99,AUD,false,true,variable,images/fruitbae-salt-e-liquid-pomegranate-orange-30ml.jpg,https://aussievapemart.com.au/product/fruitbae-salt-e-liquid-pomegranate-orange-30ml/
4395,Fruitbae Salt E-Liquid &#8211; Pineapple Guava 30ml,E-LIQUIDS,,27.99,AUD,false,true,variable,images/fruitbae-salt-e-liquid-pineapple-guava-30ml.jpg,https://aussievapemart.com.au/product/fruitbae-salt-e-liquid-pineapple-guava-30ml/
4394,Fruitbae Salt E-Liquid &#8211; Peach Apricot 30ml,E-LIQUIDS,,27.99,AUD,false,true,variable,images/fruitbae-salt-e-liquid-peach-apricot-30ml.jpg,https://aussievapemart.com.au/product/fruitbae-salt-e-liquid-peach-apricot-30ml/
4393,Fruitbae Salt E-Liquid &#8211; Passionfruit Aloe 30ml,E-LIQUIDS,,27.99,AUD,false,true,variable,images/fruitbae-salt-e-liquid-passionfruit-aloe-30ml.jpg,https://aussievapemart.com.au/product/fruitbae-salt-e-liquid-passionfruit-aloe-30ml/
4392,Fruitbae Salt E-Liquid &#8211; Mango Lychee 30ml,E-LIQUIDS,,27.99,AUD,false,true,variable,images/fruitbae-salt-e-liquid-mango-lychee-30ml.jpg,https://aussievapemart.com.au/product/fruitbae-salt-e-liquid-mango-lychee-30ml/
4391,Fruitbae Salt E-Liquid &#8211; Grapefruit Watermelon 30ml,E-LIQUIDS,,27.99,AUD,false,true,variable,images/fruitbae-salt-e-liquid-grapefruit-watermelon-30ml.jpg,https://aussievapemart.com.au/product/fruitbae-salt-e-liquid-grapefruit-watermelon-30ml/
4390,Fruitbae Salt E-Liquid &#8211; Blueberry Kiwi 30ml,E-LIQUIDS,,27.99,AUD,false,true,variable,images/fruitbae-salt-e-liquid-blueberry-kiwi-30ml.jpg,https://aussievapemart.com.au/product/fruitbae-salt-e-liquid-blueberry-kiwi-30ml/
4389,Flip Juice Salt-Nic E-Liquid &#8211; Tropical Ice 30ml,E-LIQUIDS,,27.99,AUD,false,true,simple,images/flip-juice-salt-nic-e-liquid-tropical-ice-30ml.jpg,https://aussievapemart.com.au/product/flip-juice-salt-nic-e-liquid-tropical-ice-30ml/
4388,Flip Juice Salt-Nic E-Liquid &#8211; Straw Melon Ice 30ml,E-LIQUIDS,,27.99,AUD,false,true,simple,images/flip-juice-salt-nic-e-liquid-straw-melon-ice-30ml.jpg,https://aussievapemart.com.au/product/flip-juice-salt-nic-e-liquid-straw-melon-ice-30ml/
4387,Flip Juice Salt-Nic E-Liquid &#8211; Straw Mango Ice 30ml,E-LIQUIDS,,27.99,AUD,false,true,variable,images/flip-juice-salt-nic-e-liquid-straw-mango-ice-30ml.jpg,https://aussievapemart.com.au/product/flip-juice-salt-nic-e-liquid-straw-mango-ice-30ml/
4386,Flip Juice Salt-Nic E-Liquid &#8211; Razz Nana Ice 30ml,E-LIQUIDS,,27.99,AUD,false,true,simple,images/flip-juice-salt-nic-e-liquid-razz-nana-ice-30ml.jpg,https://aussievapemart.com.au/product/flip-juice-salt-nic-e-liquid-razz-nana-ice-30ml/
4385,Flip Juice Salt-Nic E-Liquid &#8211; Passion Punch Ice 30ml,E-LIQUIDS,,27.99,AUD,false,true,simple,images/flip-juice-salt-nic-e-liquid-passion-punch-ice-30ml.jpg,https://aussievapemart.com.au/product/flip-juice-salt-nic-e-liquid-passion-punch-ice-30ml/
4384,Flip Juice Salt-Nic E-Liquid &#8211; Kiberry Ice 30ml,E-LIQUIDS,,22.39,AUD,true,true,variable,images/flip-juice-salt-nic-e-liquid-kiberry-ice-30ml.jpg,https://aussievapemart.com.au/product/flip-juice-salt-nic-e-liquid-kiberry-ice-30ml/
4375,Flip Juice Salt-Nic E-Liquid &#8211; Grape Punch Ice 30ml,E-LIQUIDS,,27.99,AUD,false,true,simple,images/flip-juice-salt-nic-e-liquid-grape-punch-ice-30ml.jpg,https://aussievapemart.com.au/product/flip-juice-salt-nic-e-liquid-grape-punch-ice-30ml/
4374,Flip Juice Salt-Nic E-Liquid &#8211; Berry Colada Ice 30ml,E-LIQUIDS,,27.99,AUD,false,true,simple,images/flip-juice-salt-nic-e-liquid-berry-colada-ice-30ml.jpg,https://aussievapemart.com.au/product/flip-juice-salt-nic-e-liquid-berry-colada-ice-30ml/
4373,Flip Juice Salt-Nic E-Liquid &#8211; Berry Blast Ice 30ml,E-LIQUIDS,,27.99,AUD,false,true,variable,images/flip-juice-salt-nic-e-liquid-berry-blast-ice-30ml.jpg,https://aussievapemart.com.au/product/flip-juice-salt-nic-e-liquid-berry-blast-ice-30ml/
4372,Clear Salt Nic E-liquid &#8211; Smooth 30ml,E-LIQUIDS,,25.99,AUD,false,true,simple,images/clear-salt-nic-e-liquid-smooth-30ml.jpg,https://aussievapemart.com.au/product/clear-salt-nic-e-liquid-smooth-30ml/
4371,Clear Salt Nic E-liquid &#8211; Simple Smooth 30ml,E-LIQUIDS,,25.99,AUD,false,true,simple,images/clear-salt-nic-e-liquid-simple-smooth-30ml.jpg,https://aussievapemart.com.au/product/clear-salt-nic-e-liquid-simple-smooth-30ml/
4370,Clear Salt Nic E-liquid &#8211; Natural 30ml,E-LIQUIDS,,25.99,AUD,false,true,simple,images/clear-salt-nic-e-liquid-natural-30ml.jpg,https://aussievapemart.com.au/product/clear-salt-nic-e-liquid-natural-30ml/
4369,Clear Salt Nic E-liquid &#8211; Misty 30ml,E-LIQUIDS,,25.99,AUD,false,true,simple,images/clear-salt-nic-e-liquid-misty-30ml.jpg,https://aussievapemart.com.au/product/clear-salt-nic-e-liquid-misty-30ml/
4368,Chill Twisted Salt E-Liquid &#8211; Strawberry Banana 30ml,E-LIQUIDS,,27.99,AUD,false,true,variable,images/chill-twisted-salt-e-liquid-strawberry-banana-30ml.jpg,https://aussievapemart.com.au/product/chill-twisted-salt-e-liquid-strawberry-banana-30ml/
4272,Chill Twisted Salt E-Liquid &#8211; Raspberry Watermelon 30ml,E-LIQUIDS,,27.99,AUD,false,true,variable,images/chill-twisted-salt-e-liquid-raspberry-watermelon-30ml.jpg,https://aussievapemart.com.au/product/chill-twisted-salt-e-liquid-raspberry-watermelon-30ml/
4271,Chill Twisted Salt E-Liquid &#8211; Raspberry Apple 30ml,E-LIQUIDS,,27.99,AUD,false,true,variable,images/chill-twisted-salt-e-liquid-raspberry-apple-30ml.jpg,https://aussievapemart.com.au/product/chill-twisted-salt-e-liquid-raspberry-apple-30ml/
4270,Chill Twisted Salt E-Liquid &#8211; Kiwi Berry 30ml,E-LIQUIDS,,27.99,AUD,false,true,variable,images/chill-twisted-salt-e-liquid-kiwi-berry-30ml.jpg,https://aussievapemart.com.au/product/chill-twisted-salt-e-liquid-kiwi-berry-30ml/
4269,Chill Twisted Salt E-Liquid &#8211; Apple Peach 30ml,E-LIQUIDS,,27.99,AUD,false,true,variable,images/chill-twisted-salt-e-liquid-apple-peach-30ml.jpg,https://aussievapemart.com.au/product/chill-twisted-salt-e-liquid-apple-peach-30ml/
4268,Chill Twisted Freebase E-Liquid &#8211; Raspberry Watermelon 60ml,E-LIQUIDS,,37.99,AUD,false,true,variable,images/chill-twisted-freebase-e-liquid-raspberry-watermelon-60ml.jpg,https://aussievapemart.com.au/product/chill-twisted-freebase-e-liquid-raspberry-watermelon-60ml/
4267,Chill Salt E-Liquid &#8211; Punch 30ml,E-LIQUIDS,,27.99,AUD,false,true,variable,images/chill-salt-e-liquid-punch-30ml.jpg,https://aussievapemart.com.au/product/chill-salt-e-liquid-punch-30ml/
4253,Chill Salt E-Liquid &#8211; Pink Dream 30ml,E-LIQUIDS,,27.99,AUD,false,true,variable,images/chill-salt-e-liquid-pink-dream-30ml.jpg,https://aussievapemart.com.au/product/chill-salt-e-liquid-pink-dream-30ml/
4252,Chill Salt E-Liquid &#8211; Orange Peach 30ml,E-LIQUIDS,,27.99,AUD,false,true,variable,images/chill-salt-e-liquid-orange-peach-30ml.jpg,https://aussievapemart.com.au/product/chill-salt-e-liquid-orange-peach-30ml/
4251,Chill Salt E-Liquid &#8211; Green Lime 30ml,E-LIQUIDS,,27.99,AUD,false,true,variable,images/chill-salt-e-liquid-green-lime-30ml.jpg,https://aussievapemart.com.au/product/chill-salt-e-liquid-green-lime-30ml/
4250,Chill Salt E-Liquid &#8211; Blue Raspberry 30ml,E-LIQUIDS,,27.99,AUD,false,true,variable,images/chill-salt-e-liquid-blue-raspberry-30ml.jpg,https://aussievapemart.com.au/product/chill-salt-e-liquid-blue-raspberry-30ml/
4249,Blackwood Salt E-Liquid &#8211; Royal Oak 30ml,E-LIQUIDS,,27.99,AUD,false,true,variable,images/blackwood-salt-e-liquid-royal-oak-30ml.jpg,https://aussievapemart.com.au/product/blackwood-salt-e-liquid-royal-oak-30ml/
4248,Blackwood Salt E-Liquid &#8211; Duke 30ml,E-LIQUIDS,,27.99,AUD,false,true,variable,images/blackwood-salt-e-liquid-duke-30ml.jpg,https://aussievapemart.com.au/product/blackwood-salt-e-liquid-duke-30ml/
4247,Blackwood Salt E-Liquid &#8211; Double Barrel 30ml,E-LIQUIDS,,27.99,AUD,false,true,variable,images/blackwood-salt-e-liquid-double-barrel-30ml.jpg,https://aussievapemart.com.au/product/blackwood-salt-e-liquid-double-barrel-30ml/
4246,Blackwood Salt E-liquid &#8211; Blue Diamond 30ml,E-LIQUIDS,,27.99,AUD,false,true,variable,images/blackwood-salt-e-liquid-blue-diamond-30ml.jpg,https://aussievapemart.com.au/product/blackwood-salt-e-liquid-blue-diamond-30ml/
4245,Blackwood Salt E-Liquid &#8211; Black Diamond 30ml,E-LIQUIDS,,27.99,AUD,false,true,variable,images/blackwood-salt-e-liquid-black-diamond-30ml.jpg,https://aussievapemart.com.au/product/blackwood-salt-e-liquid-black-diamond-30ml/
4244,Blackwood Freebase E-Liquid &#8211; Royal Oak 30ml,E-LIQUIDS,,22.99,AUD,false,true,variable,images/blackwood-freebase-e-liquid-royal-oak-30ml.jpg,https://aussievapemart.com.au/product/blackwood-freebase-e-liquid-royal-oak-30ml/
4243,Blackwood Freebase E-Liquid &#8211; Duke 30ml,E-LIQUIDS,,22.99,AUD,false,true,variable,images/blackwood-freebase-e-liquid-duke-30ml.jpg,https://aussievapemart.com.au/product/blackwood-freebase-e-liquid-duke-30ml/
4242,Blackwood Freebase E-Liquid &#8211; Double Barrel 30ml,E-LIQUIDS,,22.99,AUD,false,true,variable,images/blackwood-freebase-e-liquid-double-barrel-30ml.jpg,https://aussievapemart.com.au/product/blackwood-freebase-e-liquid-double-barrel-30ml/
4241,Blackwood Freebase E-Liquid &#8211; Blue Diamond 30ml,E-LIQUIDS,,22.99,AUD,false,true,variable,images/blackwood-freebase-e-liquid-blue-diamond-30ml.jpg,https://aussievapemart.com.au/product/blackwood-freebase-e-liquid-blue-diamond-30ml/
4240,Blackwood Freebase E-Liquid &#8211; Black Diamond 30ml,E-LIQUIDS,,22.99,AUD,false,true,variable,images/blackwood-freebase-e-liquid-black-diamond-30ml.jpg,https://aussievapemart.com.au/product/blackwood-freebase-e-liquid-black-diamond-30ml/
4225,Berry Drop Salt Nic E-Liquid &#8211; Watermelon 30ml,E-LIQUIDS,,27.99,AUD,false,true,variable,images/berry-drop-salt-nic-e-liquid-watermelon-30ml.jpg,https://aussievapemart.com.au/product/berry-drop-salt-nic-e-liquid-watermelon-30ml/
4224,Berry Drop Salt Nic E-Liquid &#8211; Strawberry 30ml,E-LIQUIDS,,27.99,AUD,false,true,variable,images/berry-drop-salt-nic-e-liquid-strawberry-30ml.jpg,https://aussievapemart.com.au/product/berry-drop-salt-nic-e-liquid-strawberry-30ml/
4223,Berry Drop Salt Nic E-Liquid &#8211; Red Apple 30ml,E-LIQUIDS,,27.99,AUD,false,true,variable,images/berry-drop-salt-nic-e-liquid-red-apple-30ml.jpg,https://aussievapemart.com.au/product/berry-drop-salt-nic-e-liquid-red-apple-30ml/
4222,Berry Drop Salt Nic E-Liquid &#8211; Raspberry 30ml,E-LIQUIDS,,27.99,AUD,false,true,variable,images/berry-drop-salt-nic-e-liquid-raspberry-30ml.jpg,https://aussievapemart.com.au/product/berry-drop-salt-nic-e-liquid-raspberry-30ml/
4221,Berry Drop Salt Nic E-Liquid &#8211; Pomegranate 30ml,E-LIQUIDS,,27.99,AUD,false,true,variable,images/berry-drop-salt-nic-e-liquid-pomegranate-30ml.jpg,https://aussievapemart.com.au/product/berry-drop-salt-nic-e-liquid-pomegranate-30ml/
4220,Berry Drop Salt Nic E-Liquid &#8211; Peach 30ml,E-LIQUIDS,,27.99,AUD,false,true,variable,images/berry-drop-salt-nic-e-liquid-peach-30ml.jpg,https://aussievapemart.com.au/product/berry-drop-salt-nic-e-liquid-peach-30ml/
4219,Berry Drop Salt Nic E-Liquid &#8211; Lime 30ml,E-LIQUIDS,,27.99,AUD,false,true,variable,images/berry-drop-salt-nic-e-liquid-lime-30ml.jpg,https://aussievapemart.com.au/product/berry-drop-salt-nic-e-liquid-lime-30ml/
4218,Berry Drop Salt Nic E-Liquid &#8211; Guava 30ml,E-LIQUIDS,,27.99,AUD,false,true,variable,images/berry-drop-salt-nic-e-liquid-guava-30ml.jpg,https://aussievapemart.com.au/product/berry-drop-salt-nic-e-liquid-guava-30ml/
4217,Berry Drop Salt Nic E-Liquid &#8211; Grape 30ml,E-LIQUIDS,,27.99,AUD,false,true,variable,images/berry-drop-salt-nic-e-liquid-grape-30ml.jpg,https://aussievapemart.com.au/product/berry-drop-salt-nic-e-liquid-grape-30ml/
4216,Berry Drop Salt Nic E-Liquid &#8211; Cactus 30ml,E-LIQUIDS,,27.99,AUD,false,true,variable,images/berry-drop-salt-nic-e-liquid-cactus-30ml.jpg,https://aussievapemart.com.au/product/berry-drop-salt-nic-e-liquid-cactus-30ml/
4215,Berry Drop Ice Salt Nic E-Liquid &#8211; Watermelon 30ml,E-LIQUIDS,,27.99,AUD,false,true,variable,images/berry-drop-ice-salt-nic-e-liquid-watermelon-30ml.jpg,https://aussievapemart.com.au/product/berry-drop-ice-salt-nic-e-liquid-watermelon-30ml/
4214,Berry Drop Ice Salt Nic E-Liquid &#8211; Strawberry 30ml,E-LIQUIDS,,27.99,AUD,false,true,variable,images/berry-drop-ice-salt-nic-e-liquid-strawberry-30ml.jpg,https://aussievapemart.com.au/product/berry-drop-ice-salt-nic-e-liquid-strawberry-30ml/
4213,Berry Drop Ice Salt Nic E-Liquid &#8211; Red Apple 30ml,E-LIQUIDS,,27.99,AUD,false,true,variable,images/berry-drop-ice-salt-nic-e-liquid-red-apple-30ml.jpg,https://aussievapemart.com.au/product/berry-drop-ice-salt-nic-e-liquid-red-apple-30ml/
4212,Berry Drop Ice Salt Nic E-Liquid &#8211; Raspberry 30ml,E-LIQUIDS,,27.99,AUD,false,true,variable,images/berry-drop-ice-salt-nic-e-liquid-raspberry-30ml.jpg,https://aussievapemart.com.au/product/berry-drop-ice-salt-nic-e-liquid-raspberry-30ml/
4211,Berry Drop Ice Salt Nic E-Liquid &#8211; Pomegranate 30ml,E-LIQUIDS,,27.99,AUD,false,true,variable,images/berry-drop-ice-salt-nic-e-liquid-pomegranate-30ml.jpg,https://aussievapemart.com.au/product/berry-drop-ice-salt-nic-e-liquid-pomegranate-30ml/
4210,Berry Drop Ice Salt Nic E-Liquid &#8211; Peach 30ml,E-LIQUIDS,,27.99,AUD,false,true,variable,images/berry-drop-ice-salt-nic-e-liquid-peach-30ml.jpg,https://aussievapemart.com.au/product/berry-drop-ice-salt-nic-e-liquid-peach-30ml/
4209,Berry Drop Ice Salt Nic E-Liquid &#8211; Lime 30ml,E-LIQUIDS,,27.99,AUD,false,true,variable,images/berry-drop-ice-salt-nic-e-liquid-lime-30ml.jpg,https://aussievapemart.com.au/product/berry-drop-ice-salt-nic-e-liquid-lime-30ml/
4208,Berry Drop Ice Salt Nic E-Liquid &#8211; Guava 30ml,E-LIQUIDS,,22.39,AUD,true,true,variable,images/berry-drop-ice-salt-nic-e-liquid-guava-30ml.jpg,https://aussievapemart.com.au/product/berry-drop-ice-salt-nic-e-liquid-guava-30ml/
4207,Berry Drop Ice Salt Nic E-Liquid &#8211; Grape 30ml,E-LIQUIDS,,27.99,AUD,false,true,variable,images/berry-drop-ice-salt-nic-e-liquid-grape-30ml.jpg,https://aussievapemart.com.au/product/berry-drop-ice-salt-nic-e-liquid-grape-30ml/
4206,Berry Drop Ice Salt Nic E-Liquid &#8211; Dragonfruit 30ml,E-LIQUIDS,,22.39,AUD,true,true,variable,images/berry-drop-ice-salt-nic-e-liquid-dragonfruit-30ml.jpg,https://aussievapemart.com.au/product/berry-drop-ice-salt-nic-e-liquid-dragonfruit-30ml/
4205,Berry Drop Ice Salt Nic E-Liquid &#8211; Cactus 30ml,E-LIQUIDS,,27.99,AUD,false,true,variable,images/berry-drop-ice-salt-nic-e-liquid-cactus-30ml.jpg,https://aussievapemart.com.au/product/berry-drop-ice-salt-nic-e-liquid-cactus-30ml/
4204,Berry Drop Ice Freebase E-Liquid &#8211; Strawberry 60ml,E-LIQUIDS,,30.39,AUD,true,true,variable,images/berry-drop-ice-freebase-e-liquid-strawberry-60ml.jpg,https://aussievapemart.com.au/product/berry-drop-ice-freebase-e-liquid-strawberry-60ml/
4203,Berry Drop Ice Freebase E-Liquid &#8211; Raspberry 60ml,E-LIQUIDS,,37.99,AUD,false,true,variable,images/berry-drop-ice-freebase-e-liquid-raspberry-60ml.jpg,https://aussievapemart.com.au/product/berry-drop-ice-freebase-e-liquid-raspberry-60ml/
4202,Berry Drop Ice Freebase E-Liquid &#8211; Cactus 60ml,E-LIQUIDS,,37.99,AUD,false,true,simple,images/berry-drop-ice-freebase-e-liquid-cactus-60ml.jpg,https://aussievapemart.com.au/product/berry-drop-ice-freebase-e-liquid-cactus-60ml/
4201,Apple Drop Salt E-Liquid &#8211; Peach 30ml,E-LIQUIDS,,27.99,AUD,false,true,variable,images/apple-drop-salt-e-liquid-peach-30ml.jpg,https://aussievapemart.com.au/product/apple-drop-salt-e-liquid-peach-30ml/
4200,Apple Drop Salt E-Liquid &#8211; Grape 30ml,E-LIQUIDS,,27.99,AUD,false,true,variable,images/apple-drop-salt-e-liquid-grape-30ml.jpg,https://aussievapemart.com.au/product/apple-drop-salt-e-liquid-grape-30ml/
4199,Apple Drop Salt E-Liquid &#8211; Double Apple 30ml,E-LIQUIDS,,27.99,AUD,false,true,variable,images/apple-drop-salt-e-liquid-double-apple-30ml.jpg,https://aussievapemart.com.au/product/apple-drop-salt-e-liquid-double-apple-30ml/
4198,Apple Drop Salt E-Liquid &#8211; Cranberry 30ml,E-LIQUIDS,,27.99,AUD,false,true,variable,images/apple-drop-salt-e-liquid-cranberry-30ml.jpg,https://aussievapemart.com.au/product/apple-drop-salt-e-liquid-cranberry-30ml/
4197,Apple Drop Salt E-Liquid &#8211; Berries 30ml,E-LIQUIDS,,27.99,AUD,false,true,variable,images/apple-drop-salt-e-liquid-berries-30ml.jpg,https://aussievapemart.com.au/product/apple-drop-salt-e-liquid-berries-30ml/
4196,Apple Drop Freebase E-Liquid &#8211; Double Apple 60ml,E-LIQUIDS,,37.99,AUD,false,true,variable,images/apple-drop-freebase-e-liquid-double-apple-60ml.jpg,https://aussievapemart.com.au/product/apple-drop-freebase-e-liquid-double-apple-60ml/
4192,Strawberry Watermelon Hard Candy – Elite – POD,ELITE - POD,,15.99,AUD,false,true,simple,images/strawberry-watermelon-hard-candy-elite-pod.jpg,https://aussievapemart.com.au/product/strawberry-watermelon-hard-candy-elite-pod/
4191,Strawberry Raspberry – Elite – POD,ELITE - POD,,15.99,AUD,false,true,simple,images/strawberry-raspberry-elite-pod.jpg,https://aussievapemart.com.au/product/strawberry-raspberry-elite-pod/
3861,Strawberry Kiwi – Elite – POD,ELITE - POD,,15.99,AUD,false,true,simple,images/strawberry-kiwi-elite-pod.jpg,https://aussievapemart.com.au/product/strawberry-kiwi-elite-pod/
3837,Quadruple Berry – Elite – POD,ELITE - POD,,15.99,AUD,false,true,simple,images/quadruple-berry-elite-pod.jpg,https://aussievapemart.com.au/product/quadruple-berry-elite-pod/
3836,Passion Fruit Mango Lime – Elite – POD,ELITE - POD,,15.99,AUD,false,true,simple,images/passion-fruit-mango-lime-elite-pod.jpg,https://aussievapemart.com.au/product/passion-fruit-mango-lime-elite-pod/
3815,Passion Fruit Lychee – Elite – POD,ELITE - POD,,15.99,AUD,false,true,simple,images/passion-fruit-lychee-elite-pod.jpg,https://aussievapemart.com.au/product/passion-fruit-lychee-elite-pod/
3814,Mango Banana – Elite – POD,ELITE - POD,,15.99,AUD,false,true,simple,images/mango-banana-elite-pod.jpg,https://aussievapemart.com.au/product/mango-banana-elite-pod/
3813,Kiwi Pineapple – Elite – POD,ELITE - POD,,15.99,AUD,false,true,simple,images/kiwi-pineapple-elite-pod.jpg,https://aussievapemart.com.au/product/kiwi-pineapple-elite-pod/
3796,Grape Ice – Elite – POD,ELITE - POD,,15.99,AUD,false,true,simple,images/grape-ice-elite-pod.jpg,https://aussievapemart.com.au/product/grape-ice-elite-pod/
3795,Cherry Pomegranate – Elite – POD,ELITE - POD,,15.99,AUD,false,true,simple,images/cherry-pomegranate-elite-pod.jpg,https://aussievapemart.com.au/product/cherry-pomegranate-elite-pod/
3774,Cherry Blueberry – Elite – POD,ELITE - POD,,15.99,AUD,false,true,simple,images/cherry-blueberry-elite-pod.jpg,https://aussievapemart.com.au/product/cherry-blueberry-elite-pod/
3773,Blueberry Raspberry Bubble Gum – Elite – POD,ELITE - POD,,15.99,AUD,false,true,simple,images/blueberry-raspberry-bubble-gum-elite-pod.jpg,https://aussievapemart.com.au/product/blueberry-raspberry-bubble-gum-elite-pod/
3749,Blackberry Pomegranate Cherry – Elite – POD,ELITE - POD,,15.99,AUD,false,true,simple,images/blackberry-pomegranate-cherry-elite-pod.jpg,https://aussievapemart.com.au/product/blackberry-pomegranate-cherry-elite-pod/
3748,Blackberry Ice – Elite – POD,ELITE - POD,,15.99,AUD,false,true,simple,images/blackberry-ice-elite-pod.jpg,https://aussievapemart.com.au/product/blackberry-ice-elite-pod/
3747,Black Forest – Elite – POD,ELITE - POD,,15.99,AUD,false,true,simple,images/black-forest-elite-pod.jpg,https://aussievapemart.com.au/product/black-forest-elite-pod/
3729,PUFFCO PROXY,DRY HERB VAPORIZER,,455,AUD,false,true,simple,images/puffco-proxy.jpeg,https://aussievapemart.com.au/product/puffco-proxy/
3708,Lost Vape Centaurus B80 AIO Pod System Kit 5ml,DISPOSABLE VAPES,,129.95,AUD,false,true,variable,images/lost-vape-centaurus-b80-aio-pod-system-kit-5ml.png,https://aussievapemart.com.au/product/lost-vape-centaurus-b80-aio-pod-system-kit-5ml/
3707,Lost Vape Centaurus B60 AIO Pod System Kit 1600mAh 5ml,DISPOSABLE VAPES,,99.95,AUD,false,true,variable,images/lost-vape-centaurus-b60-aio-pod-system-kit-1600mah-5ml.jpg,https://aussievapemart.com.au/product/lost-vape-centaurus-b60-aio-pod-system-kit-1600mah-5ml/
3690,TYSON 2.0 7000 PUFFS Disposable Vape,DISPOSABLE VAPES,,39.95,AUD,false,true,variable,images/tyson-2-0-7000-puffs-disposable-vape.jpg,https://aussievapemart.com.au/product/tyson-2-0-7000-puffs-disposable-vape/
3689,Cloud Nurdz &#8211; 4500 Puff 0mg Disposable Vape,DISPOSABLE VAPES,,34.95,AUD,false,true,variable,images/cloud-nurdz-4500-puff-0mg-disposable-vape.png,https://aussievapemart.com.au/product/cloud-nurdz-4500-puff-0mg-disposable-vape/
3688,Puffmi MeshBox 5000 Rechargeable Disposable Vape,DISPOSABLE VAPES,,29.95,AUD,false,true,variable,images/puffmi-meshbox-5000-rechargeable-disposable-vape.png,https://aussievapemart.com.au/product/puffmi-meshbox-5000-rechargeable-disposable-vape/
3687,Dotmod V1 dotAIO 2ml Kit,DISPOSABLE VAPES,,120,AUD,true,true,variable,images/dotmod-v1-dotaio-2ml-kit.jpg,https://aussievapemart.com.au/product/dotmod-v1-dotaio-2ml-kit/
3686,Dotmod dotAIO Mini 2ml,DISPOSABLE VAPES,,98,AUD,true,true,variable,images/dotmod-dotaio-mini-2ml.jpg,https://aussievapemart.com.au/product/dotmod-dotaio-mini-2ml/
3685,Freemax Maxus 100W Kit with Maxluke Tank Metal Edition 5ml,DISPOSABLE VAPES,,99,AUD,false,true,variable,images/freemax-maxus-100w-kit-with-maxluke-tank-metal-edition-5ml.jpg,https://aussievapemart.com.au/product/freemax-maxus-100w-kit-with-maxluke-tank-metal-edition-5ml/
3684,Freemax Maxus 200W Box Mod Kit with Maxus Pro/ M Pro 2 Tank,DISPOSABLE VAPES,,118,AUD,false,true,variable,images/freemax-maxus-200w-box-mod-kit-with-maxus-pro-m-pro-2-tank.jpg,https://aussievapemart.com.au/product/freemax-maxus-200w-box-mod-kit-with-maxus-pro-m-pro-2-tank/
3683,LOST VAPE THELEMA QUEST 200W KIT,DISPOSABLE VAPES,,120,AUD,false,true,variable,images/lost-vape-thelema-quest-200w-kit.jpg,https://aussievapemart.com.au/product/lost-vape-thelema-quest-200w-kit/
3682,Geekvape Max100 (Aegis Max 2) 100W Kit with Z Subohm 2021 Tank Atomizer 5ml,DISPOSABLE VAPES,,109,AUD,false,true,variable,images/geekvape-max100-aegis-max-2-100w-kit-with-z-subohm-2021-tank-atomizer-5ml.jpg,https://aussievapemart.com.au/product/geekvape-max100-aegis-max-2-100w-kit-with-z-subohm-2021-tank-atomizer-5ml/
3681,Geekvape T200 Kit with Z Sub Ohm 2021 Tank Atomizer 5.5ml,DISPOSABLE VAPES,,150,AUD,false,true,variable,images/geekvape-t200-kit-with-z-sub-ohm-2021-tank-atomizer-5-5ml.png,https://aussievapemart.com.au/product/geekvape-t200-kit-with-z-sub-ohm-2021-tank-atomizer-5-5ml/
3680,Geekvape L200 (Aegis Legend 2) Kit 200W with Z (Zeus) Tank,DISPOSABLE VAPES,,109,AUD,false,true,variable,images/geekvape-l200-aegis-legend-2-kit-200w-with-z-zeus-tank.jpg,https://aussievapemart.com.au/product/geekvape-l200-aegis-legend-2-kit-200w-with-z-zeus-tank/
3679,SMOK Morph 2 230W Mod Kit with TFV18 Tank 7.5ml,DISPOSABLE VAPES,,119,AUD,false,true,variable,images/smok-morph-2-230w-mod-kit-with-tfv18-tank-7-5ml.jpg,https://aussievapemart.com.au/product/smok-morph-2-230w-mod-kit-with-tfv18-tank-7-5ml/
3678,Geekvape Aegis Solo 100W TC Kit with Cerberus Tank,DISPOSABLE VAPES,,89,AUD,false,true,variable,images/geekvape-aegis-solo-100w-tc-kit-with-cerberus-tank.jpg,https://aussievapemart.com.au/product/geekvape-aegis-solo-100w-tc-kit-with-cerberus-tank/
3677,Geekvape Aegis Max 100W 21700 Kit with Zeus Subohm Tank,DISPOSABLE VAPES,,99,AUD,false,true,variable,images/geekvape-aegis-max-100w-21700-kit-with-zeus-subohm-tank.jpg,https://aussievapemart.com.au/product/geekvape-aegis-max-100w-21700-kit-with-zeus-subohm-tank/
3676,UWell Caliburn X Pod Vape Device,DISPOSABLE VAPES,,54.99,AUD,false,true,variable,images/uwell-caliburn-x-pod-vape-device.jpg,https://aussievapemart.com.au/product/uwell-caliburn-x-pod-vape-device/
3675,UWell Caliburn GK3 Pod Vape Device,DISPOSABLE VAPES,,49.99,AUD,false,true,variable,images/uwell-caliburn-gk3-pod-vape-device.jpg,https://aussievapemart.com.au/product/uwell-caliburn-gk3-pod-vape-device/
3674,UWell Caliburn G4 Pod Vape Device,DISPOSABLE VAPES,,52.99,AUD,false,true,variable,images/uwell-caliburn-g4-pod-vape-device.jpg,https://aussievapemart.com.au/product/uwell-caliburn-g4-pod-vape-device/
3673,UWell Caliburn G4 Mini Pod Vape Device,DISPOSABLE VAPES,,28.99,AUD,false,true,variable,images/uwell-caliburn-g4-mini-pod-vape-device.jpg,https://aussievapemart.com.au/product/uwell-caliburn-g4-mini-pod-vape-device/
3672,UWell Caliburn G3 Pro Pod Vape Device,DISPOSABLE VAPES,,49.99,AUD,false,true,variable,images/uwell-caliburn-g3-pro-pod-vape-device.jpg,https://aussievapemart.com.au/product/uwell-caliburn-g3-pro-pod-vape-device/
3671,UWell Caliburn G3 Pro Koko Pod Vape Device,DISPOSABLE VAPES,,54.99,AUD,false,true,variable,images/uwell-caliburn-g3-pro-koko-pod-vape-device.jpg,https://aussievapemart.com.au/product/uwell-caliburn-g3-pro-koko-pod-vape-device/
3670,UWell Caliburn G3 Pod Vape Device,DISPOSABLE VAPES,,44.99,AUD,false,true,variable,images/uwell-caliburn-g3-pod-vape-device.jpg,https://aussievapemart.com.au/product/uwell-caliburn-g3-pod-vape-device/
3669,Smoker&#8217;s Gift Set &#8211; Cookies Design,DISPOSABLE VAPES,,39.99,AUD,false,true,simple,images/smokers-gift-set-cookies-design.png,https://aussievapemart.com.au/product/smokers-gift-set-cookies-design/
3668,Kong By Zilla Disposable Vape Device,DISPOSABLE VAPES,,14.99,AUD,false,true,simple,images/kong-by-zilla-disposable-vape-device.jpg,https://aussievapemart.com.au/product/kong-by-zilla-disposable-vape-device/
3667,Yocan Evolve Plus Concentrate Vape Device,DISPOSABLE VAPES,,49.99,AUD,false,true,variable,images/yocan-evolve-plus-concentrate-vape-device.jpg,https://aussievapemart.com.au/product/yocan-evolve-plus-concentrate-vape-device/
3666,Yocan Evolve Plus XL Concentrate Vape Device,DISPOSABLE VAPES,,54.99,AUD,false,true,variable,images/yocan-evolve-plus-xl-concentrate-vape-device.jpg,https://aussievapemart.com.au/product/yocan-evolve-plus-xl-concentrate-vape-device/
3665,Yocan Regen Concentrate Vape Device,DISPOSABLE VAPES,,49.99,AUD,false,true,variable,images/yocan-regen-concentrate-vape-device.jpg,https://aussievapemart.com.au/product/yocan-regen-concentrate-vape-device/
3664,Utillian 2 Wax Pen Concentrate Vape Device,DISPOSABLE VAPES,,49.99,AUD,false,true,variable,images/utillian-2-wax-pen-concentrate-vape-device.jpg,https://aussievapemart.com.au/product/utillian-2-wax-pen-concentrate-vape-device/
3663,Utillian 5 Wax Pen Concentrate Vape Device,DISPOSABLE VAPES,,89.99,AUD,false,true,variable,images/utillian-5-wax-pen-concentrate-vape-device.jpg,https://aussievapemart.com.au/product/utillian-5-wax-pen-concentrate-vape-device/
3662,Utillian 421 Dry Herb Vape Device,DISPOSABLE VAPES,,97.79,AUD,false,true,variable,images/utillian-421-dry-herb-vape-device.jpg,https://aussievapemart.com.au/product/utillian-421-dry-herb-vape-device/
3661,Zeus Purify Bristle Cleaners,DISPOSABLE VAPES,,3.99,AUD,false,true,simple,images/zeus-purify-bristle-cleaners.jpg,https://aussievapemart.com.au/product/zeus-purify-bristle-cleaners/
3537,Elev8 Tree Turbine Incycler,GLASS BONGS,,369.96,AUD,false,true,simple,images/elev8-tree-turbine-incycler.jpg,https://aussievapemart.com.au/product/elev8-tree-turbine-incycler/
3536,Elev8 &#8220;The Dude Piece&#8221; Incycler,GLASS BONGS,,299.95,AUD,false,true,simple,images/elev8-the-dude-piece-incycler.jpg,https://aussievapemart.com.au/product/elev8-the-dude-piece-incycler/
3535,Elev8 Cone Rig,GLASS BONGS,,0,AUD,false,false,variable,images/elev8-cone-rig.jpg,https://aussievapemart.com.au/product/elev8-cone-rig/
3517,Elev8 Mini Recycler,GLASS BONGS,,0,AUD,false,false,variable,images/elev8-mini-recycler.jpg,https://aussievapemart.com.au/product/elev8-mini-recycler/
3516,Elev8 Hand Crafted Duff Jar,GLASS BONGS,,99.95,AUD,false,true,simple,images/elev8-hand-crafted-duff-jar.jpg,https://aussievapemart.com.au/product/elev8-hand-crafted-duff-jar/
3515,Nice Glass 19/19 Downstem w/ Horizontal Slits,GLASS BONGS,,9.99,AUD,false,true,variable,images/nice-glass-19-19-downstem-w-horizontal-slits.jpg,https://aussievapemart.com.au/product/nice-glass-19-19-downstem-w-horizontal-slits/
3514,Irie 6.75&#8243; Klein Incycler with UFO Perc Rig,GLASS BONGS,,99.98,AUD,false,true,variable,images/irie-6-75-klein-incycler-with-ufo-perc-rig.jpg,https://aussievapemart.com.au/product/irie-6-75-klein-incycler-with-ufo-perc-rig/
3513,Irie 5&#8243; Mini Concentrate Rig,GLASS BONGS,,44.99,AUD,false,true,variable,images/irie-5-mini-concentrate-rig.png,https://aussievapemart.com.au/product/irie-5-mini-concentrate-rig/
3512,Glass Stem 14 mm M to 14 mm F &#8211; 3&#8243;,GLASS BONGS,,3.99,AUD,false,true,simple,images/glass-stem-14-mm-m-to-14-mm-f-3.png,https://aussievapemart.com.au/product/glass-stem-14-mm-m-to-14-mm-f-3/
3511,9&#8243; Dopezilla Lycan Dab Rig &#8211; Pale Blue,GLASS BONGS,,67.99,AUD,false,true,simple,images/9-dopezilla-lycan-dab-rig-pale-blue.jpg,https://aussievapemart.com.au/product/9-dopezilla-lycan-dab-rig-pale-blue/
3510,8&#8243; Dopezilla Kraken Dab Rig &#8211; Teal,GLASS BONGS,,70.99,AUD,false,true,simple,images/8-dopezilla-kraken-dab-rig-teal.jpg,https://aussievapemart.com.au/product/8-dopezilla-kraken-dab-rig-teal/
3498,8&#8243; Dopezilla Kraken Dab Rig &#8211; Black,GLASS BONGS,,70.99,AUD,false,true,simple,images/8-dopezilla-kraken-dab-rig-black.jpg,https://aussievapemart.com.au/product/8-dopezilla-kraken-dab-rig-black/
3497,10&#8243; Dopezilla Ogre Dab Rig &#8211; Milky Jade,GLASS BONGS,,60.99,AUD,false,true,simple,images/10-dopezilla-ogre-dab-rig-milky-jade.jpg,https://aussievapemart.com.au/product/10-dopezilla-ogre-dab-rig-milky-jade/
3496,10&#8243; Dopezilla Ogre Dab Rig &#8211; Black,GLASS BONGS,,60.99,AUD,false,true,simple,images/10-dopezilla-ogre-dab-rig-black.jpg,https://aussievapemart.com.au/product/10-dopezilla-ogre-dab-rig-black/
3495,10&#8243; Dopezilla Basilisk Dab Rig &#8211; Black,GLASS BONGS,,79.99,AUD,false,true,simple,images/10-dopezilla-basilisk-dab-rig-black.jpg,https://aussievapemart.com.au/product/10-dopezilla-basilisk-dab-rig-black/
3494,10&#8243; Dopezilla Banshee Dab Rig &#8211; Dark Blue,GLASS BONGS,,69.99,AUD,false,true,simple,images/10-dopezilla-banshee-dab-rig-dark-blue.jpg,https://aussievapemart.com.au/product/10-dopezilla-banshee-dab-rig-dark-blue/
3493,10&#8243; Dopezilla Banshee Dab Rig &#8211; Black,GLASS BONGS,,69.99,AUD,false,true,simple,images/10-dopezilla-banshee-dab-rig-black.jpg,https://aussievapemart.com.au/product/10-dopezilla-banshee-dab-rig-black/
3492,14mm 90 Degree Female Quartz Banger,GLASS BONGS,,9.99,AUD,false,true,simple,images/14mm-90-degree-female-quartz-banger-2.jpg,https://aussievapemart.com.au/product/14mm-90-degree-female-quartz-banger-2/
3491,12&#8243; Dopezilla Cyclops Water Pipe &#8211; Black,GLASS BONGS,,52.99,AUD,false,true,simple,images/12-dopezilla-cyclops-water-pipe-black.jpg,https://aussievapemart.com.au/product/12-dopezilla-cyclops-water-pipe-black/
3490,16&#8243; Dopezilla Hydra Water Pipe &#8211; Black,GLASS BONGS,,70.99,AUD,false,true,simple,images/16-dopezilla-hydra-water-pipe-black.jpg,https://aussievapemart.com.au/product/16-dopezilla-hydra-water-pipe-black/
3489,13&#8243; Dopezilla Hydra Water Pipe &#8211; Milky Teal,GLASS BONGS,,58.99,AUD,false,true,simple,images/13-dopezilla-hydra-water-pipe-milky-teal.jpg,https://aussievapemart.com.au/product/13-dopezilla-hydra-water-pipe-milky-teal/
3488,15&#8243; Gear Premium 7mm Thick Straight Bong,GLASS BONGS,,168.9,AUD,false,true,variable,images/15-gear-premium-7mm-thick-straight-bong.png,https://aussievapemart.com.au/product/15-gear-premium-7mm-thick-straight-bong/
3487,18&#8243; Gear Premium 7mm Sidekick Beaker Bong,GLASS BONGS,,262.49,AUD,false,true,variable,images/18-gear-premium-7mm-sidekick-beaker-bong.png,https://aussievapemart.com.au/product/18-gear-premium-7mm-sidekick-beaker-bong/
3486,12&#8243; Gear Premium Cassidy Canteen Base Bong,GLASS BONGS,,199.99,AUD,false,true,variable,images/12-gear-premium-cassidy-canteen-base-bong.jpg,https://aussievapemart.com.au/product/12-gear-premium-cassidy-canteen-base-bong/
3485,9.5&#8243; Irie Bell Base w/ Bell Perc Bong &#8211; Green,GLASS BONGS,,82.59,AUD,false,true,simple,images/9-5-irie-bell-base-w-bell-perc-bong-green.png,https://aussievapemart.com.au/product/9-5-irie-bell-base-w-bell-perc-bong-green/
3484,5.5&#8243;Silicone Bong w/ Shower Perc w/ Glass Bowl,GLASS BONGS,,23.99,AUD,false,true,variable,images/5-5silicone-bong-w-shower-perc-w-glass-bowl.png,https://aussievapemart.com.au/product/5-5silicone-bong-w-shower-perc-w-glass-bowl/
3474,14mm 45 Degree Female Quartz Banger,GLASS BONGS,,9.99,AUD,false,true,simple,images/14mm-45-degree-female-quartz-banger-2.jpg,https://aussievapemart.com.au/product/14mm-45-degree-female-quartz-banger-2/
3472,16&#8243; Infyniti 7mm 8 Arm Tree Perc Bong,GLASS BONGS,,94.99,AUD,false,true,variable,images/16-infyniti-7mm-8-arm-tree-perc-bong.jpg,https://aussievapemart.com.au/product/16-infyniti-7mm-8-arm-tree-perc-bong/
3471,8&#8243; Dopezilla Cyclops Water Pipe &#8211; Milky Yellow,GLASS BONGS,,35.99,AUD,false,true,simple,images/8-dopezilla-cyclops-water-pipe-milky-yellow.jpg,https://aussievapemart.com.au/product/8-dopezilla-cyclops-water-pipe-milky-yellow/
3470,8&#8243; Dopezilla Cyclops Water Pipe &#8211; Black,GLASS BONGS,,35.99,AUD,false,true,simple,images/8-dopezilla-cyclops-water-pipe-black.jpg,https://aussievapemart.com.au/product/8-dopezilla-cyclops-water-pipe-black/
3469,11.5&#8243; Dopezilla Mutos Water Pipe &#8211; Milky Jade,GLASS BONGS,,46.99,AUD,false,true,simple,images/11-5-dopezilla-mutos-water-pipe-milky-jade.jpg,https://aussievapemart.com.au/product/11-5-dopezilla-mutos-water-pipe-milky-jade/
3468,16&#8243; Dopezilla Cerberus Water Pipe &#8211; Black,GLASS BONGS,,60.99,AUD,false,true,simple,images/16-dopezilla-cerberus-water-pipe-black.jpg,https://aussievapemart.com.au/product/16-dopezilla-cerberus-water-pipe-black/
3467,16&#8243; Dopezilla Cerberus Water Pipe &#8211; Milky Teal,GLASS BONGS,,60.99,AUD,false,true,simple,images/16-dopezilla-cerberus-water-pipe-milky-teal.jpg,https://aussievapemart.com.au/product/16-dopezilla-cerberus-water-pipe-milky-teal/
3454,12&#8243; Gear Premium 7mm Beaker Bong,GLASS BONGS,,119.99,AUD,false,true,variable,images/12-gear-premium-7mm-beaker-bong.jpg,https://aussievapemart.com.au/product/12-gear-premium-7mm-beaker-bong/
3453,18&#8243; Nice Glass Top Glass Beaker Bong,GLASS BONGS,,139.99,AUD,false,true,variable,images/18-nice-glass-top-glass-beaker-bong.jpg,https://aussievapemart.com.au/product/18-nice-glass-top-glass-beaker-bong/
3452,4&#8243; Inline Heavy Hand Pipe &#8211; Blue,GLASS BONGS,,8.49,AUD,false,true,simple,images/4-inline-heavy-hand-pipe-blue.jpg,https://aussievapemart.com.au/product/4-inline-heavy-hand-pipe-blue/
3451,14mm 90 Degree Female Quartz Banger,GLASS BONGS,,9.99,AUD,false,true,simple,images/14mm-90-degree-female-quartz-banger.jpg,https://aussievapemart.com.au/product/14mm-90-degree-female-quartz-banger/
3450,14&#8221; 7mm Deep Engraved Forst Skull Beaker &#8211; Yellow,GLASS BONGS,,89.99,AUD,false,true,simple,images/14-7mm-deep-engraved-forst-skull-beaker-yellow.png,https://aussievapemart.com.au/product/14-7mm-deep-engraved-forst-skull-beaker-yellow/
3449,12&#8243; Dopezilla Cerberus Water Pipe &#8211; Milky Purple,GLASS BONGS,,58.99,AUD,false,true,simple,images/12-dopezilla-cerberus-water-pipe-milky-purple.jpg,https://aussievapemart.com.au/product/12-dopezilla-cerberus-water-pipe-milky-purple/
3448,13&#8243; Nice Glass Stonework Green Ceramic Beaker Bong,GLASS BONGS,,98.99,AUD,false,true,simple,images/13-nice-glass-stonework-green-ceramic-beaker-bong.jpg,https://aussievapemart.com.au/product/13-nice-glass-stonework-green-ceramic-beaker-bong/
3447,12&#8243; Gear Premium Freaker Beaker Bong,GLASS BONGS,,107.49,AUD,false,true,variable,images/12-gear-premium-freaker-beaker-bong.png,https://aussievapemart.com.au/product/12-gear-premium-freaker-beaker-bong/
3446,Gear Premium 3.75&#8243; Ash Catcher Mouthpiece Hand Pipe,GLASS BONGS,,27.49,AUD,false,true,variable,images/gear-premium-3-75-ash-catcher-mouthpiece-hand-pipe.png,https://aussievapemart.com.au/product/gear-premium-3-75-ash-catcher-mouthpiece-hand-pipe/
3445,8&#8243; Silicone Beaker w/ Glass Bowl,GLASS BONGS,,25.99,AUD,false,true,variable,images/8-silicone-beaker-w-glass-bowl.png,https://aussievapemart.com.au/product/8-silicone-beaker-w-glass-bowl/
3401,14mm 90 Degree Male Quartz Banger,GLASS BONGS,,9.99,AUD,false,true,simple,images/14mm-90-degree-male-quartz-banger-2.jpg,https://aussievapemart.com.au/product/14mm-90-degree-male-quartz-banger-2/
3400,16&#8243; 9mm Preemo Clear Embossed Logo Beaker Bong,GLASS BONGS,,99.99,AUD,false,true,simple,images/16-9mm-preemo-clear-embossed-logo-beaker-bong.jpg,https://aussievapemart.com.au/product/16-9mm-preemo-clear-embossed-logo-beaker-bong/
3399,11&#8243; Honeycomb Silicone Bong with Shower Percolator,GLASS BONGS,,47.32,AUD,false,true,variable,images/11-honeycomb-silicone-bong-with-shower-percolator.jpg,https://aussievapemart.com.au/product/11-honeycomb-silicone-bong-with-shower-percolator/
3398,4.5&#8243; Two Tone Hand Pipe &#8211; Assorted Design,GLASS BONGS,,10.62,AUD,false,true,simple,images/4-5-two-tone-hand-pipe-assorted-design.jpg,https://aussievapemart.com.au/product/4-5-two-tone-hand-pipe-assorted-design/
3397,8&#8243; Glass Bong with Leaf,GLASS BONGS,,34.89,AUD,false,true,simple,images/8-glass-bong-with-leaf.jpg,https://aussievapemart.com.au/product/8-glass-bong-with-leaf/
3396,4.5&#8243; Glass Pipe w/ Triple Grip &#8211; Random Color,GLASS BONGS,,12.39,AUD,false,true,simple,images/4-5-glass-pipe-w-triple-grip-random-color.png,https://aussievapemart.com.au/product/4-5-glass-pipe-w-triple-grip-random-color/
3395,3.5&#8243; Full Color Metal Pipe with Cover &#8211; Assorted Colors,GLASS BONGS,,3.99,AUD,false,true,simple,images/3-5-full-color-metal-pipe-with-cover-assorted-colors.jpg,https://aussievapemart.com.au/product/3-5-full-color-metal-pipe-with-cover-assorted-colors/
3394,14&#8243; Infyniti 8-Arm Tree Perc Beaker Bong,GLASS BONGS,,57.49,AUD,false,true,variable,images/14-infyniti-8-arm-tree-perc-beaker-bong.jpg,https://aussievapemart.com.au/product/14-infyniti-8-arm-tree-perc-beaker-bong/
3393,6.5&#8243;Silicone Bong w/ Glass Bowl,GLASS BONGS,,19.99,AUD,false,true,variable,images/6-5silicone-bong-w-glass-bowl.jpg,https://aussievapemart.com.au/product/6-5silicone-bong-w-glass-bowl/
3381,4.5&#8243; Cone Shape Glass Hand Pipe &#8211; Assorted Colour,GLASS BONGS,,10.62,AUD,false,true,simple,images/4-5-cone-shape-glass-hand-pipe-assorted-colour.jpg,https://aussievapemart.com.au/product/4-5-cone-shape-glass-hand-pipe-assorted-colour/
3380,3&#8243; Metal pipe with Diamond Cuts &#8211; Assorted Colour,GLASS BONGS,,3.99,AUD,false,true,simple,images/3-metal-pipe-with-diamond-cuts-assorted-colour.jpg,https://aussievapemart.com.au/product/3-metal-pipe-with-diamond-cuts-assorted-colour/
3379,3.5&#8243; Silicone Pipe w/ Glass Bowl Rainbow,GLASS BONGS,,6.99,AUD,false,true,simple,images/3-5-silicone-pipe-w-glass-bowl-rainbow.jpg,https://aussievapemart.com.au/product/3-5-silicone-pipe-w-glass-bowl-rainbow/
3378,10&#8243; Pheonix Star Freezable Glycerin Coil Beaker Bong,GLASS BONGS,,112.59,AUD,false,true,variable,images/10-pheonix-star-freezable-glycerin-coil-beaker-bong.jpg,https://aussievapemart.com.au/product/10-pheonix-star-freezable-glycerin-coil-beaker-bong/
3377,12“ Blueberry Double Ring Soft Glass Beaker,GLASS BONGS,,39.99,AUD,false,true,variable,images/12-blueberry-double-ring-soft-glass-beaker.jpg,https://aussievapemart.com.au/product/12-blueberry-double-ring-soft-glass-beaker/
3376,14mm 45 Degree Male Quartz Banger,GLASS BONGS,,9.98,AUD,false,true,simple,images/14mm-45-degree-male-quartz-banger.jpg,https://aussievapemart.com.au/product/14mm-45-degree-male-quartz-banger/
3375,14mm 90 Degree Male Quartz Banger,GLASS BONGS,,9.98,AUD,false,true,simple,images/14mm-90-degree-male-quartz-banger.jpg,https://aussievapemart.com.au/product/14mm-90-degree-male-quartz-banger/
3374,14mm Male Glass Bowl w/ Handle,GLASS BONGS,,7.99,AUD,false,true,simple,images/14mm-male-glass-bowl-w-handle.jpg,https://aussievapemart.com.au/product/14mm-male-glass-bowl-w-handle/
3373,2.5&#8243; Fritz Glass Spoon Pipe &#8211; Assorted Design,GLASS BONGS,,5.99,AUD,false,true,simple,images/2-5-fritz-glass-spoon-pipe-assorted-design.png,https://aussievapemart.com.au/product/2-5-fritz-glass-spoon-pipe-assorted-design/
3372,10&#8243; Blueberry Double Ring Soft Glass Beaker Bong,GLASS BONGS,,28.99,AUD,false,true,variable,images/10-blueberry-double-ring-soft-glass-beaker-bong.jpg,https://aussievapemart.com.au/product/10-blueberry-double-ring-soft-glass-beaker-bong/
3371,Zeus Purify Cleaning Kit,GLASS BONGS,,28.99,AUD,false,true,simple,images/zeus-purify-cleaning-kit.jpg,https://aussievapemart.com.au/product/zeus-purify-cleaning-kit/
3357,ALIBARBAR INGOT 9000 PUFF – FANTA,ALIBARBAR | INGOT | INGOT 9000,,44.95,AUD,false,true,simple,images/alibarbar-ingot-9000-puff-fanta.jpg,https://aussievapemart.com.au/product/alibarbar-ingot-9000-puff-fanta/
3355,ALIBARBAR INGOT 9000 PUFF – DOUBLE APPLE,ALIBARBAR | INGOT,,44.95,AUD,false,true,simple,images/alibarbar-ingot-9000-puff-double-apple.jpg,https://aussievapemart.com.au/product/alibarbar-ingot-9000-puff-double-apple/
3353,ALIBARBAR INGOT 9000 PUFF – GRAPE ICE,ALIBARBAR | INGOT | INGOT 9000,,44.95,AUD,false,true,simple,images/alibarbar-ingot-9000-puff-grape-ice.jpg,https://aussievapemart.com.au/product/alibarbar-ingot-9000-puff-grape-ice/
3350,ALIBARBAR INGOT 9000 PUFF – PINK LEMON,ALIBARBAR | INGOT | INGOT 9000,,44.95,AUD,false,true,simple,images/alibarbar-ingot-9000-puff-pink-lemon.jpg,https://aussievapemart.com.au/product/alibarbar-ingot-9000-puff-pink-lemon/
3349,ALIBARBAR INGOT 9000 PUFF – MYSTERY BOX,ALIBARBAR | INGOT | INGOT 9000,,44.95,AUD,false,true,simple,images/alibarbar-ingot-9000-puff-mystery-box.jpg,https://aussievapemart.com.au/product/alibarbar-ingot-9000-puff-mystery-box/
3348,ALIBARBAR PANDORA 7000 PUFF – GRAPE ICE,ALIBARBAR | PANDORA,,42.95,AUD,false,true,simple,images/alibarbar-pandora-7000-puff-grape-ice.jpg,https://aussievapemart.com.au/product/alibarbar-pandora-7000-puff-grape-ice/
3345,ALIBARBAR PANDORA 7000 PUFF – PINK LEMON,ALIBARBAR | PANDORA,,42.95,AUD,false,true,simple,images/alibarbar-pandora-7000-puff-pink-lemon.jpg,https://aussievapemart.com.au/product/alibarbar-pandora-7000-puff-pink-lemon/
3344,ALIBARBAR PANDORA 7000 PUFF – MANGO MAGIC,ALIBARBAR | PANDORA,,42.95,AUD,false,true,simple,images/alibarbar-pandora-7000-puff-mango-magic.jpg,https://aussievapemart.com.au/product/alibarbar-pandora-7000-puff-mango-magic/
3343,ALIBARBAR PANDORA 7000 PUFF – KIWI PINEAPPLE,ALIBARBAR | PANDORA,,42.95,AUD,false,true,simple,images/alibarbar-pandora-7000-puff-kiwi-pineapple.jpg,https://aussievapemart.com.au/product/alibarbar-pandora-7000-puff-kiwi-pineapple/
3341,ALIBARBAR PANDORA 7000 PUFF – PASSIONFRUIT MANGO LIME,ALIBARBAR | PANDORA,,42.95,AUD,false,true,simple,images/alibarbar-pandora-7000-puff-passionfruit-mango-lime.jpg,https://aussievapemart.com.au/product/alibarbar-pandora-7000-puff-passionfruit-mango-lime/
3340,ALIBARBAR PANDORA 7000 PUFF – BLUEBERRY BLAST,ALIBARBAR | PANDORA,,42.95,AUD,false,true,simple,images/alibarbar-pandora-7000-puff-blueberry-blast.jpg,https://aussievapemart.com.au/product/alibarbar-pandora-7000-puff-blueberry-blast/
3339,ALIBARBAR PANDORA 7000 PUFF – DOUBLE APPLE,ALIBARBAR | PANDORA,,42.95,AUD,false,true,simple,images/alibarbar-pandora-7000-puff-double-apple.jpg,https://aussievapemart.com.au/product/alibarbar-pandora-7000-puff-double-apple/
3335,ALIBARBAR INGOT 9000 PUFF – CHUPA CHUPS STRAWBERRY,ALIBARBAR | INGOT | INGOT 9000,,44.95,AUD,false,true,simple,images/alibarbar-ingot-9000-puff-chupa-chups-strawberry.jpg,https://aussievapemart.com.au/product/alibarbar-ingot-9000-puff-chupa-chups-strawberry/
3334,ALIBARBAR INGOT 9000 PUFF – SKITTLES,ALIBARBAR | INGOT | INGOT 9000,,44.95,AUD,false,true,simple,images/alibarbar-ingot-9000-puff-skittles.jpg,https://aussievapemart.com.au/product/alibarbar-ingot-9000-puff-skittles/
3332,ALIBARBAR INGOT 9000 PUFF – STRAWBERRY COCONUT WATERMELON,ALIBARBAR | INGOT | INGOT 9000,,44.95,AUD,false,true,simple,images/alibarbar-ingot-9000-puff-strawberry-coconut-watermelon.jpg,https://aussievapemart.com.au/product/alibarbar-ingot-9000-puff-strawberry-coconut-watermelon/
3331,ALIBARBAR INGOT 9000 PUFF – RIBENA,ALIBARBAR | INGOT | INGOT 9000,,44.95,AUD,false,true,simple,images/alibarbar-ingot-9000-puff-ribena.jpg,https://aussievapemart.com.au/product/alibarbar-ingot-9000-puff-ribena/
3330,ALIBARBAR INGOT 9000 PUFF – STRAWBERRY LYCHEE,ALIBARBAR | INGOT | INGOT 9000,,44.95,AUD,false,true,simple,images/alibarbar-ingot-9000-puff-strawberry-lychee.jpg,https://aussievapemart.com.au/product/alibarbar-ingot-9000-puff-strawberry-lychee/
3049,MR ELF Freeze 12MG Snus Pouches,MR ELF 12MG,,25,AUD,false,true,simple,images/mr-elf-freeze-12mg-snus-pouches.jpg,https://aussievapemart.com.au/product/mr-elf-freeze-12mg-snus-pouches/
3047,MR ELF Citrus Chill 12MG Snus Pouches,MR ELF 12MG,,25,AUD,false,true,simple,images/mr-elf-citrus-chill-12mg-snus-pouches.jpg,https://aussievapemart.com.au/product/mr-elf-citrus-chill-12mg-snus-pouches/
3045,MR ELF Tropic 12MG Nicotine Pouches,MR ELF 12MG,,25,AUD,false,true,simple,images/mr-elf-tropic-12mg-nicotine-pouches.jpg,https://aussievapemart.com.au/product/mr-elf-tropic-12mg-nicotine-pouches/
3043,MR ELF Lemon Mango 12MG Nicotine,MR ELF 12MG,,25,AUD,false,true,simple,images/mr-elf-lemon-mango-12mg-nicotine.jpg,https://aussievapemart.com.au/product/mr-elf-lemon-mango-12mg-nicotine/
3041,MR ELF Ruby Berry 12MG Nicotine,MR ELF 12MG,,25,AUD,false,true,simple,images/mr-elf-ruby-berry-12mg-nicotine.jpg,https://aussievapemart.com.au/product/mr-elf-ruby-berry-12mg-nicotine/
3038,MR ELF Snus Nicotine Pouches,MR ELF 12MG,,25,AUD,false,true,simple,images/mr-elf-snus-nicotine-pouches.jpg,https://aussievapemart.com.au/product/mr-elf-snus-nicotine-pouches/
3012,Orange-Slush-Geek-Bar-Pulse-X-25000,Geek Bar | Geek Bar Pulse X 25000,,30,AUD,false,true,simple,images/orange-slush-geek-bar-pulse-x-25000.webp,https://aussievapemart.com.au/product/orange-slush-geek-bar-pulse-x-25000/
3011,Peach-Jam-Geek-Bar-Pulse-X-25000,Geek Bar | Geek Bar Pulse X 25000,,27,AUD,false,true,simple,images/peach-jam-geek-bar-pulse-x-25000.webp,https://aussievapemart.com.au/product/peach-jam-geek-bar-pulse-x-25000/
3010,Orange-Jam-Geek-Bar-Pulse-X-25000,Geek Bar | Geek Bar Pulse X 25000,,25,AUD,false,true,simple,images/orange-jam-geek-bar-pulse-x-25000.webp,https://aussievapemart.com.au/product/orange-jam-geek-bar-pulse-x-25000/
3009,Orange Fab GeekBar Pulsex 25000,Geek Bar | Geek Bar Pulse X 25000,,24.99,AUD,true,true,simple,images/orange-fab-geekbar-pulsex-25000.webp,https://aussievapemart.com.au/product/orange-fab-geekbar-pulsex-25000/
3008,Orange Dragon GeekBar PulseX 25000,Geek Bar | Geek Bar Pulse X 25000,,24,AUD,true,true,simple,images/orange-dragon-geekbar-pulsex-25000.webp,https://aussievapemart.com.au/product/orange-dragon-geekbar-pulsex-25000/
3007,Miami Mint Geek Bar Pulse X 25000,Geek Bar | Geek Bar Pulse X 25000,,27,AUD,true,true,simple,images/miami-mint-geek-bar-pulse-x-25000.webp,https://aussievapemart.com.au/product/miami-mint-geek-bar-pulse-x-25000/
3006,Miami Mint (Zero Nicotine) Geek Bar Pulse X 25000,Geek Bar | Geek Bar Pulse X 25000,,25,AUD,true,true,simple,images/miami-mint-zero-nicotine-geek-bar-pulse-x-25000.webp,https://aussievapemart.com.au/product/miami-mint-zero-nicotine-geek-bar-pulse-x-25000/
3005,Lime Berry Orange Geek Bar Pulse X 25000,Geek Bar | Geek Bar Pulse X 25000,,28,AUD,true,true,simple,images/lime-berry-orange-geek-bar-pulse-x-25000.webp,https://aussievapemart.com.au/product/lime-berry-orange-geek-bar-pulse-x-25000/
3004,Lemon-Heads-Geek-Bar-Pulse-x-25000,Geek Bar | Geek Bar Pulse X 25000,,24.99,AUD,true,true,simple,images/lemon-heads-geek-bar-pulse-x-25000.webp,https://aussievapemart.com.au/product/lemon-heads-geek-bar-pulse-x-25000/
3003,Creamy-Mintz-Geek-Bar-Pulse-X25000,Geek Bar | Geek Bar Pulse X 25000,,25,AUD,true,true,simple,images/creamy-mintz-geek-bar-pulse-x25000.webp,https://aussievapemart.com.au/product/creamy-mintz-geek-bar-pulse-x25000/
3002,Grape-fruit-Refresher-Geek-Bar-Pulse-x-25000,Geek Bar | Geek Bar Pulse X 25000,,25,AUD,true,true,simple,images/grape-fruit-refresher-geek-bar-pulse-x-25000.webp,https://aussievapemart.com.au/product/grape-fruit-refresher-geek-bar-pulse-x-25000/
3001,Grape-Slush-Geek-Bar-Pulse-X-25000,Geek Bar | Geek Bar Pulse X 25000,,27,AUD,true,true,simple,images/grape-slush-geek-bar-pulse-x-25000.webp,https://aussievapemart.com.au/product/grape-slush-geek-bar-pulse-x-25000/
3000,Cool Mint Geek Bar Pulse X 25000,Geek Bar | Geek Bar Pulse X 25000,,25,AUD,true,true,simple,images/cool-mint-geek-bar-pulse-x-25000.webp,https://aussievapemart.com.au/product/cool-mint-geek-bar-pulse-x-25000/
2970,Cola Slush Geek Bar Pulse X 25000,Geek Bar | Geek Bar Pulse X 25000,,25,AUD,true,true,simple,images/cola-slush-geek-bar-pulse-x-25000.webp,https://aussievapemart.com.au/product/cola-slush-geek-bar-pulse-x-25000/
2969,Blueberry Jam Geek Bar Pulse X 25000,Geek Bar | Geek Bar Pulse X 25000,,25,AUD,true,true,simple,images/blueberry-jam-geek-bar-pulse-x-25000.webp,https://aussievapemart.com.au/product/blueberry-jam-geek-bar-pulse-x-25000/
2968,Blue Razz Ice Geek Bar Pulse X 25000,Geek Bar | Geek Bar Pulse X 25000,,24,AUD,true,true,simple,images/blue-razz-ice-geek-bar-pulse-x-25000.webp,https://aussievapemart.com.au/product/blue-razz-ice-geek-bar-pulse-x-25000/
2967,Blue Rancher Geek Bar Pulse X 25000,Geek Bar | Geek Bar Pulse X 25000,,23,AUD,true,true,simple,images/blue-rancher-geek-bar-pulse-x-25000.webp,https://aussievapemart.com.au/product/blue-rancher-geek-bar-pulse-x-25000/
2966,Blue Rancher (Zero Nicotine) Geek Bar Pulse X 25000,Geek Bar | Geek Bar Pulse X 25000,,23,AUD,true,true,simple,images/blue-rancher-zero-nicotine-geek-bar-pulse-x-25000.webp,https://aussievapemart.com.au/product/blue-rancher-zero-nicotine-geek-bar-pulse-x-25000/
2964,Blackberry B-Burst(B-Pop) Geek Bar Pulse X 25000,Geek Bar | Geek Bar Pulse X 25000,,25,AUD,true,true,simple,images/blackberry-b-burstb-pop-geek-bar-pulse-x-25000.webp,https://aussievapemart.com.au/product/blackberry-b-burstb-pop-geek-bar-pulse-x-25000/
2963,Blackberry Blueberry Geek Bar Pulse X 25000,Geek Bar | Geek Bar Pulse X 25000,,24,AUD,true,true,simple,images/blackberry-blueberry-geek-bar-pulse-x-25000.webp,https://aussievapemart.com.au/product/blackberry-blueberry-geek-bar-pulse-x-25000/
2962,Banana Taffy Freeze Geek Bar Pulse X 25000,Geek Bar | Geek Bar Pulse X 25000,,24,AUD,true,true,simple,images/banana-taffy-freeze-geek-bar-pulse-x-25000.webp,https://aussievapemart.com.au/product/banana-taffy-freeze-geek-bar-pulse-x-25000/
2961,ATL Mint Geek Bar Pulse X 25000,Geek Bar | Geek Bar Pulse X 25000,,25,AUD,true,true,simple,images/atl-mint-geek-bar-pulse-x-25000.webp,https://aussievapemart.com.au/product/atl-mint-geek-bar-pulse-x-25000/
2960,Blackberry B-Pop(B-Burst) Geek Bar Pulse X 25000,Geek Bar | Geek Bar Pulse X 25000,,24,AUD,true,true,simple,images/blackberry-b-popb-burst-geek-bar-pulse-x-25000.webp,https://aussievapemart.com.au/product/blackberry-b-popb-burst-geek-bar-pulse-x-25000/
2959,ACE SPECIAL SUNDRENCHED MOSCATO,Ace Ultra,,30,AUD,true,true,simple,images/ace-special-sundrenched-moscato.jpg,https://aussievapemart.com.au/product/ace-special-sundrenched-moscato/
2958,ACE PINK TWISTE TROPICS  ACE TIGER’S BLOOD,Ace Ultra,,30,AUD,false,true,simple,images/ace-pink-twiste-tropics-ace-tigers-blood.jpg,https://aussievapemart.com.au/product/ace-pink-twiste-tropics-ace-tigers-blood/
2957,ACE VANILLA DREAM,Ace Ultra,,27,AUD,true,true,simple,images/ace-vanilla-dream.jpg,https://aussievapemart.com.au/product/ace-vanilla-dream/
2956,ACE RASPBERRY LEMONADE,Ace Ultra,,35,AUD,true,true,simple,images/ace-raspberry-lemonade.jpg,https://aussievapemart.com.au/product/ace-raspberry-lemonade/
2955,ACE SPECIAL RASPBERRY CRAVE,Ace Ultra,,30,AUD,true,true,simple,images/ace-special-raspberry-crave.jpg,https://aussievapemart.com.au/product/ace-special-raspberry-crave/
2954,ACE SAPPHIRE LEMON,Ace Ultra,,30,AUD,false,true,simple,images/ace-sapphire-lemon.jpg,https://aussievapemart.com.au/product/ace-sapphire-lemon/
2953,ACE SOUR FRUIT PUNCH,Ace Ultra,,29.99,AUD,true,true,simple,images/ace-sour-fruit-punch.jpg,https://aussievapemart.com.au/product/ace-sour-fruit-punch/
2952,ACE PURPLE BERRY ICE,Ace Ultra,,24.99,AUD,true,true,simple,images/ace-purple-berry-ice.jpg,https://aussievapemart.com.au/product/ace-purple-berry-ice/
2951,ACE PINK TWISTE TROPICS,Ace Ultra,,30,AUD,false,true,simple,images/ace-pink-twiste-tropics.jpg,https://aussievapemart.com.au/product/ace-pink-twiste-tropics/
2950,ACE MOJITO,Ace Ultra,,30,AUD,false,true,simple,images/ace-mojito.jpg,https://aussievapemart.com.au/product/ace-mojito/
2949,ACE LUNAR LYCHEE ICE,Ace Ultra,,30,AUD,false,true,simple,images/ace-lunar-lychee-ice.jpg,https://aussievapemart.com.au/product/ace-lunar-lychee-ice/
2948,ACE KIWI BERRY RNTZ,Ace Ultra,,30,AUD,false,true,simple,images/ace-kiwi-berry-rntz.jpg,https://aussievapemart.com.au/product/ace-kiwi-berry-rntz/
2947,ACE HONEDEW HARMONY,Ace Ultra,,35,AUD,false,true,simple,images/ace-honedew-harmony.webp,https://aussievapemart.com.au/product/ace-honedew-harmony/
2921,ACE JELLY RANCHER,Ace Ultra,,30,AUD,false,true,simple,images/ace-jelly-rancher.jpg,https://aussievapemart.com.au/product/ace-jelly-rancher/
2920,ACE CHERRY VANILLA SWIRL,Ace Ultra,,30,AUD,true,true,simple,images/ace-cherry-vanilla-swirl.webp,https://aussievapemart.com.au/product/ace-cherry-vanilla-swirl/
2919,ACE BERRY CHILL,Ace Ultra,,30,AUD,false,true,simple,images/ace-berry-chill.webp,https://aussievapemart.com.au/product/ace-berry-chill/
2918,Ace Ultra Premium 4G Disposable,Ace Ultra | Ace Ultra Premuim 4G,,40,AUD,false,true,simple,images/ace-ultra-premium-4g-disposable.jpg,https://aussievapemart.com.au/product/ace-ultra-premium-4g-disposable/
2917,ACE ACAPULCO SUNRISE,Ace Ultra,,30,AUD,false,true,simple,images/ace-acapulco-sunrise.webp,https://aussievapemart.com.au/product/ace-acapulco-sunrise/
2916,ACE ALIEN ELECTRIC GREEN APPLE,Ace Ultra,,29.99,AUD,true,true,simple,images/ace-alien-electric-green-apple.webp,https://aussievapemart.com.au/product/ace-alien-electric-green-apple/
2915,ACE COOL BREEZE,Ace Ultra,,29.99,AUD,false,true,simple,images/ace-cool-breeze.webp,https://aussievapemart.com.au/product/ace-cool-breeze/
2914,MUHA MEDS STARBURST RUNTZ | INDICA,MUHAMEDS DISPOSABLE,,23,AUD,true,true,simple,images/muha-meds-starburst-runtz-indica.webp,https://aussievapemart.com.au/product/muha-meds-starburst-runtz-indica/
2913,MUHA MEDS WHITE RASPBERRY 3500 MG DISPOSABLE| INDICA,MUHAMEDS DISPOSABLE | MUHAMEDS DISPOSABLE 3500 MG,,34.99,AUD,true,true,simple,images/muha-meds-white-raspberry-3500-mg-disposable-indica.png,https://aussievapemart.com.au/product/muha-meds-white-raspberry-3500-mg-disposable-indica/
2912,MUHA MEDS RAINBOW BELTS 3500 MG DISPOSABLE,MUHAMEDS DISPOSABLE | MUHAMEDS DISPOSABLE 3500 MG,,34,AUD,true,true,simple,images/muha-meds-rainbow-belts-3500-mg-disposable.webp,https://aussievapemart.com.au/product/muha-meds-rainbow-belts-3500-mg-disposable/
2911,MUHA MEDS PURPLE CHAMPAGNE 3500 MG DISPOSABLE| SATIVA,MUHAMEDS DISPOSABLE | MUHAMEDS DISPOSABLE 3500 MG,,35,AUD,true,true,simple,images/muha-meds-purple-champagne-3500-mg-disposable-sativa.webp,https://aussievapemart.com.au/product/muha-meds-purple-champagne-3500-mg-disposable-sativa/
2910,MUHA MEDS VENOM OG 3500 MG DISPOSABLE| HYBRID,MUHAMEDS DISPOSABLE | MUHAMEDS DISPOSABLE 3500 MG,,32,AUD,true,true,simple,images/muha-meds-venom-og-3500-mg-disposable-hybrid.webp,https://aussievapemart.com.au/product/muha-meds-venom-og-3500-mg-disposable-hybrid/
2909,MUHA MEDS TRUFFLE BUTTER 3500 MG DISPOSABLE,MUHAMEDS DISPOSABLE | MUHAMEDS DISPOSABLE 3500 MG,,35,AUD,true,true,simple,images/muha-meds-truffle-butter-3500-mg-disposable.webp,https://aussievapemart.com.au/product/muha-meds-truffle-butter-3500-mg-disposable/
2908,MUHA MEDS MANGO PEACH RINGS 3500 MG DISPOSABLE| HYBRID,MUHAMEDS DISPOSABLE | MUHAMEDS DISPOSABLE 3500 MG,,34,AUD,true,true,simple,images/muha-meds-mango-peach-rings-3500-mg-disposable-hybrid.webp,https://aussievapemart.com.au/product/muha-meds-mango-peach-rings-3500-mg-disposable-hybrid/
2907,MUHA MEDS JEDI KUSH 3500 MG DISPOSABLE| INDICA,MUHAMEDS DISPOSABLE | MUHAMEDS DISPOSABLE 3500 MG,,35,AUD,true,true,simple,images/muha-meds-jedi-kush-3500-mg-disposable-indica.png,https://aussievapemart.com.au/product/muha-meds-jedi-kush-3500-mg-disposable-indica/
2906,MUHA MEDS LAVENDER HAZE 3500 MG DISPOSABLE| SATIVA,MUHAMEDS DISPOSABLE | MUHAMEDS DISPOSABLE 3500 MG,,31,AUD,true,true,simple,images/muha-meds-lavender-haze-3500-mg-disposable-sativa.webp,https://aussievapemart.com.au/product/muha-meds-lavender-haze-3500-mg-disposable-sativa/
2905,MUHA MEDS CITRUS TSUNAMI 3500 MG DISPOSABLE| SATIVA,MUHAMEDS DISPOSABLE | MUHAMEDS DISPOSABLE 3500 MG,,33,AUD,false,true,simple,images/muha-meds-citrus-tsunami-3500-mg-disposable-sativa.webp,https://aussievapemart.com.au/product/muha-meds-citrus-tsunami-3500-mg-disposable-sativa/
2904,Watermelon OG Muha Meds Disposable,MUHAMEDS DISPOSABLE,,23,AUD,true,true,simple,images/watermelon-og-muha-meds-disposable.webp,https://aussievapemart.com.au/product/watermelon-og-muha-meds-disposable/
2903,Strawberry Cough Muha Meds Disposable,MUHAMEDS DISPOSABLE,,23,AUD,true,true,simple,images/strawberry-cough-muha-meds-disposable.webp,https://aussievapemart.com.au/product/strawberry-cough-muha-meds-disposable/
2902,TROPICANA CHERRY | SATIVA,MUHAMEDS DISPOSABLE,,24.99,AUD,true,true,simple,images/tropicana-cherry-sativa.webp,https://aussievapemart.com.au/product/tropicana-cherry-sativa/
2901,Super Sour Diesel Muha Meds Disposable,MUHAMEDS DISPOSABLE,,25,AUD,true,true,simple,images/super-sour-diesel-muha-meds-disposable.webp,https://aussievapemart.com.au/product/super-sour-diesel-muha-meds-disposable/
2900,Pineapple Express Muha Meds Disposable,MUHAMEDS DISPOSABLE,,24,AUD,true,true,simple,images/pineapple-express-muha-meds-disposable.webp,https://aussievapemart.com.au/product/pineapple-express-muha-meds-disposable/
2899,SKYWALKER OG Muha Meds Disposable,MUHAMEDS DISPOSABLE,,23,AUD,true,true,simple,images/skywalker-og-muha-meds-disposable.webp,https://aussievapemart.com.au/product/skywalker-og-muha-meds-disposable/
2873,PARADISE PUNCH OG | INDICA,MUHAMEDS DISPOSABLE,,22,AUD,true,true,simple,images/paradise-punch-og-indica.webp,https://aussievapemart.com.au/product/paradise-punch-og-indica/
2872,Lavender Lemon Lift Muha Meds Disposable,MUHAMEDS DISPOSABLE,,27,AUD,true,true,simple,images/lavender-lemon-lift-muha-meds-disposable.webp,https://aussievapemart.com.au/product/lavender-lemon-lift-muha-meds-disposable/
2871,MANGO MADNESS | HYBRID,MUHAMEDS DISPOSABLE,,25,AUD,true,true,simple,images/mango-madness-hybrid.webp,https://aussievapemart.com.au/product/mango-madness-hybrid/
2870,MIMOSA | SATIVA,MUHAMEDS DISPOSABLE,,23,AUD,true,true,simple,images/mimosa-sativa.webp,https://aussievapemart.com.au/product/mimosa-sativa/
2869,GREEN APPLE ELIXIR Muha Meds Disposable,MUHAMEDS DISPOSABLE,,25,AUD,true,true,simple,images/green-apple-elixir-muha-meds-disposable.webp,https://aussievapemart.com.au/product/green-apple-elixir-muha-meds-disposable/
2868,GRAND DADDY PURP Muha Meds Disposable,MUHAMEDS DISPOSABLE,,24,AUD,true,true,simple,images/grand-daddy-purp-muha-meds-disposable.webp,https://aussievapemart.com.au/product/grand-daddy-purp-muha-meds-disposable/
2867,GARLIC JELLY | INDICA,MUHAMEDS DISPOSABLE,,25,AUD,true,true,simple,images/garlic-jelly-indica.webp,https://aussievapemart.com.au/product/garlic-jelly-indica/
2866,Cereal Milk Muha Meds Melted Diamonds 3.5G,MUHAMEDS DISPOSABLE | MUHAMEDS DISPOSABLE 3500 MG,,33,AUD,true,true,simple,images/cereal-milk-muha-meds-melted-diamonds-3-5g.webp,https://aussievapemart.com.au/product/cereal-milk-muha-meds-melted-diamonds-3-5g/
2865,FATSO Muha Meds Mavricks,MUHAMEDS DISPOSABLE,,25,AUD,true,true,simple,images/fatso-muha-meds-mavricks.webp,https://aussievapemart.com.au/product/fatso-muha-meds-mavricks/
2864,DONNIE BURGER Muha Meds Mavricks,MUHAMEDS DISPOSABLE,,25,AUD,true,true,simple,images/donnie-burger-muha-meds-mavricks.webp,https://aussievapemart.com.au/product/donnie-burger-muha-meds-mavricks/
2863,BLUE SLUSHIE Muha Meds Disposable,MUHAMEDS DISPOSABLE,,24,AUD,true,true,simple,images/blue-slushie-muha-meds-disposable.webp,https://aussievapemart.com.au/product/blue-slushie-muha-meds-disposable/
2862,Blue Dream Muha Meds Disposable,MUHAMEDS DISPOSABLE,,25,AUD,true,true,simple,images/blue-dream-muha-meds-disposable.webp,https://aussievapemart.com.au/product/blue-dream-muha-meds-disposable/
2861,Berry Gelato Muha Meds Disposable,MUHAMEDS DISPOSABLE,,25,AUD,true,true,simple,images/berry-gelato-muha-meds-disposable.webp,https://aussievapemart.com.au/product/berry-gelato-muha-meds-disposable/
2860,Geek Bar Pulse Cool Mint 15000 Puffs,Geek Bar planet edition,,30,AUD,false,true,simple,images/geek-bar-pulse-cool-mint-15000-puffs.webp,https://aussievapemart.com.au/product/geek-bar-pulse-cool-mint-15000-puffs/
2859,Tropical Rainbow Blast Geek Bar Pulse 15000 puffs,Geek Bar | Geek Bar planet edition,,19.99,AUD,true,true,simple,images/tropical-rainbow-blast-geek-bar-pulse-15000-puffs.webp,https://aussievapemart.com.au/product/tropical-rainbow-blast-geek-bar-pulse-15000-puffs/
2858,White Gummy Ice Geek Bar Pulse 15000 puffs,Geek Bar | Geek Bar planet edition,,20,AUD,true,true,simple,images/white-gummy-ice-geek-bar-pulse-15000-puffs.webp,https://aussievapemart.com.au/product/white-gummy-ice-geek-bar-pulse-15000-puffs/
2857,Geek Bar Pulse Strawberry Banana 15000 puffs,Geek Bar | Geek Bar planet edition,,20,AUD,true,true,simple,images/geek-bar-pulse-strawberry-banana-15000-puffs.webp,https://aussievapemart.com.au/product/geek-bar-pulse-strawberry-banana-15000-puffs/
2856,"Geek Bar Pulse Strawberry Mango Disposable Vape 15,000 puffs",Geek Bar | Geek Bar planet edition,,20,AUD,true,true,simple,images/geek-bar-pulse-strawberry-mango-disposable-vape-15000-puffs.webp,https://aussievapemart.com.au/product/geek-bar-pulse-strawberry-mango-disposable-vape-15000-puffs/
2855,Geek Bar Pulse Pink Lemonade Vape 15000 Puffs,Geek Bar | Geek Bar planet edition,,19,AUD,true,true,simple,images/geek-bar-pulse-pink-lemonade-vape-15000-puffs.webp,https://aussievapemart.com.au/product/geek-bar-pulse-pink-lemonade-vape-15000-puffs/
2854,Geek Bar Pulse Mexican Mango Vape 15000 Puffs,Geek Bar | Geek Bar planet edition,,20,AUD,false,true,simple,images/geek-bar-pulse-mexican-mango-vape-15000-puffs.webp,https://aussievapemart.com.au/product/geek-bar-pulse-mexican-mango-vape-15000-puffs/
2853,Geek Bar Pulse Miami Mint Vape 15000 Puffs,Geek Bar | Geek Bar planet edition,,20,AUD,true,true,simple,images/geek-bar-pulse-miami-mint-vape-15000-puffs.webp,https://aussievapemart.com.au/product/geek-bar-pulse-miami-mint-vape-15000-puffs/
2852,Geek Bar Pulse Blow Pop Vape 15000 Puffs,Geek Bar planet edition,,30,AUD,true,true,simple,images/geek-bar-pulse-blow-pop-vape-15000-puffs.webp,https://aussievapemart.com.au/product/geek-bar-pulse-blow-pop-vape-15000-puffs/
2851,Geek Bar Pulse Meta Moon Vape 15000 Puffs,Geek Bar planet edition,,29,AUD,true,true,simple,images/geek-bar-pulse-meta-moon-vape-15000-puffs.webp,https://aussievapemart.com.au/product/geek-bar-pulse-meta-moon-vape-15000-puffs/
2850,Juicy Peach Ice Geek Bar Pulse,Geek Bar planet edition,,30,AUD,true,true,simple,images/juicy-peach-ice-geek-bar-pulse.webp,https://aussievapemart.com.au/product/juicy-peach-ice-geek-bar-pulse/
2849,Geek Bar Pulse Fcuking Fabulous 15000 Disposable Vape,Geek Bar planet edition,,30,AUD,true,true,simple,images/geek-bar-pulse-fcuking-fabulous-15000-disposable-vape.webp,https://aussievapemart.com.au/product/geek-bar-pulse-fcuking-fabulous-15000-disposable-vape/
2848,GEEK BAR PULSE TOBACCO,Geek Bar planet edition,,29,AUD,false,true,simple,images/geek-bar-pulse-tobacco.webp,https://aussievapemart.com.au/product/geek-bar-pulse-tobacco/
2847,Watermelon Ice Geek Bar Pulse Disposable Vape,Geek Bar planet edition,,30,AUD,true,true,simple,images/watermelon-ice-geek-bar-pulse-disposable-vape.webp,https://aussievapemart.com.au/product/watermelon-ice-geek-bar-pulse-disposable-vape/
2846,Geek Bar Pulse Blue Razz Ice 15000 Disposable Vape,Geek Bar planet edition,,30,AUD,false,true,simple,images/geek-bar-pulse-blue-razz-ice-15000-disposable-vape.webp,https://aussievapemart.com.au/product/geek-bar-pulse-blue-razz-ice-15000-disposable-vape/
2845,Sour Apple Ice Geek Bar Pulse Vape,Geek Bar planet edition,,30,AUD,false,true,simple,images/sour-apple-ice-geek-bar-pulse-vape.webp,https://aussievapemart.com.au/product/sour-apple-ice-geek-bar-pulse-vape/
2844,Geek Bar Pulse California Cherry 15000 Disposable Vape,Geek Bar planet edition,,30,AUD,true,true,simple,images/geek-bar-pulse-california-cherry-15000-disposable-vape.webp,https://aussievapemart.com.au/product/geek-bar-pulse-california-cherry-15000-disposable-vape/
2841,Product,IGET Star,,39.98,AUD,false,true,simple,images/product-257.webp,https://aussievapemart.com.au/product/product-257/
2840,Product,IGET Shion X1 Nicotine Pouch,,15,AUD,false,true,simple,images/product-256.webp,https://aussievapemart.com.au/product/product-256/
2838,Product,IGET Star,,39.98,AUD,false,true,simple,images/product-255.webp,https://aussievapemart.com.au/product/product-255/
2837,Product,IGET Shion X2 Nicotine Pouch,,15,AUD,false,true,simple,images/product-254.webp,https://aussievapemart.com.au/product/product-254/
2836,Product,IGET Shion X2 Nicotine Pouch,,15,AUD,false,true,simple,images/product-253.webp,https://aussievapemart.com.au/product/product-253/
2835,Product,IGET Shion X2 Nicotine Pouch,,15,AUD,false,true,simple,images/product-252.webp,https://aussievapemart.com.au/product/product-252/
2830,Product,IGET Shion X2 Nicotine Pouch,,0,AUD,false,true,variable,images/product-251.webp,https://aussievapemart.com.au/product/product-251/
2829,Product,IGET Shion X2 Nicotine Pouch,,15,AUD,false,true,simple,images/product-250.webp,https://aussievapemart.com.au/product/product-250/
2828,Product,IGET Shion X1 Nicotine Pouch,,15,AUD,false,true,simple,images/product-249.webp,https://aussievapemart.com.au/product/product-249/
2826,Product,IGET Star,,39.98,AUD,false,true,simple,images/product-248.webp,https://aussievapemart.com.au/product/product-248/
2824,Product,IGET Star,,39.98,AUD,false,true,simple,images/product-247.webp,https://aussievapemart.com.au/product/product-247/
2823,Product,IGET Shion X1 Nicotine Pouch,,15,AUD,false,true,simple,images/product-246.webp,https://aussievapemart.com.au/product/product-246/
2821,Product,IGET Star,,39.98,AUD,false,true,simple,images/product-245.webp,https://aussievapemart.com.au/product/product-245/
2820,Product,IGET Shion X1 Nicotine Pouch,,15,AUD,false,true,simple,images/product-244.webp,https://aussievapemart.com.au/product/product-244/
2819,Product,IGET Shion X1 Nicotine Pouch,,15,AUD,false,true,simple,images/product-243.webp,https://aussievapemart.com.au/product/product-243/
2818,Product,IGET Shion X1 Nicotine Pouch,,15,AUD,false,true,simple,images/product-242.webp,https://aussievapemart.com.au/product/product-242/
2817,Product,IGET Shion X1 Nicotine Pouch,,15,AUD,false,true,simple,images/product-241.webp,https://aussievapemart.com.au/product/product-241/
2816,Product,IGET Shion X1 Nicotine Pouch,,15,AUD,false,true,simple,images/product-240.webp,https://aussievapemart.com.au/product/product-240/
2815,Product,IGET Shion X1 Nicotine Pouch,,15,AUD,false,true,simple,images/product-239.webp,https://aussievapemart.com.au/product/product-239/
2814,Product,IGET Shion X1 Nicotine Pouch,,15,AUD,false,true,simple,images/product-238.webp,https://aussievapemart.com.au/product/product-238/
2813,Product,IGET Shion X1 Nicotine Pouch,,15,AUD,false,true,simple,images/product-237.webp,https://aussievapemart.com.au/product/product-237/
2812,Product,IGET Shion X1 Nicotine Pouch,,15,AUD,false,true,simple,images/product-236.webp,https://aussievapemart.com.au/product/product-236/
2795,Product,IGET Shion X1 Nicotine Pouch,,0,AUD,false,true,variable,images/product-235.webp,https://aussievapemart.com.au/product/product-235/
2794,Product,IGET Shion X1 Nicotine Pouch,,15,AUD,false,true,simple,images/product-234.webp,https://aussievapemart.com.au/product/product-234/
2793,Product,IGET Halo Vape Kit,,19.9,AUD,true,true,simple,images/product-233.webp,https://aussievapemart.com.au/product/product-233/
2791,Product,IGET Halo Vape Kit,,19.9,AUD,true,true,simple,images/product-231.webp,https://aussievapemart.com.au/product/product-231/
2790,IGET Halo Replacement Pods 3000 Puffs,IGET Halo Pods,,9.9,AUD,true,true,simple,images/iget-halo-replacement-pods-3000-puffs.webp,https://aussievapemart.com.au/product/iget-halo-replacement-pods-3000-puffs/
2789,Product,IGET Halo Vape Kit,,19.9,AUD,true,true,simple,images/product-229.webp,https://aussievapemart.com.au/product/product-229/
2787,Product,IGET Halo Vape Kit,,19.9,AUD,true,true,simple,images/product-227.webp,https://aussievapemart.com.au/product/product-227/
2786,Product,IGET Halo Pods,,9.9,AUD,true,true,simple,images/product-226.webp,https://aussievapemart.com.au/product/product-226/
2785,Product,IGET Halo Vape Kit,,19.9,AUD,true,true,simple,images/product-225.webp,https://aussievapemart.com.au/product/product-225/
2784,Product,IGET Halo Pods,,9.9,AUD,true,true,simple,images/product-224.webp,https://aussievapemart.com.au/product/product-224/
2783,Product,IGET Halo Vape Kit,,19.9,AUD,true,true,simple,images/product-223.webp,https://aussievapemart.com.au/product/product-223/
2782,Product,IGET Halo Pods,,9.9,AUD,true,true,simple,images/product-222.webp,https://aussievapemart.com.au/product/product-222/
2781,Product,IGET Halo Pods,,9.9,AUD,true,true,simple,images/product-221.webp,https://aussievapemart.com.au/product/product-221/
2780,Product,IGET Halo Vape Kit,,19.9,AUD,true,true,simple,images/product-220.webp,https://aussievapemart.com.au/product/product-220/
2779,Product,IGET Halo Pods,,9.9,AUD,true,true,simple,images/product-219.webp,https://aussievapemart.com.au/product/product-219/
2778,Product,IGET Halo Vape Kit,,19.9,AUD,true,true,simple,images/product-218.webp,https://aussievapemart.com.au/product/product-218/
2777,Product,IGET Halo Pods,,9.9,AUD,true,true,simple,images/product-217.webp,https://aussievapemart.com.au/product/product-217/
2776,Product,IGET Halo Vape Kit,,19.9,AUD,true,true,simple,images/product-216.webp,https://aussievapemart.com.au/product/product-216/
2775,Product,IGET Halo Pods,,9.9,AUD,true,true,simple,images/product-215.webp,https://aussievapemart.com.au/product/product-215/
2774,Product,IGET Halo Vape Kit,,19.9,AUD,true,true,simple,images/product-214.webp,https://aussievapemart.com.au/product/product-214/
2773,Product,IGET Halo Pods,,9.9,AUD,true,true,simple,images/product-213.webp,https://aussievapemart.com.au/product/product-213/
2772,Product,IGET Halo Vape Kit,,19.9,AUD,true,true,simple,images/product-212.webp,https://aussievapemart.com.au/product/product-212/
2771,Product,IGET Halo Pods,,9.9,AUD,true,true,simple,images/product-211.webp,https://aussievapemart.com.au/product/product-211/
2770,Product,IGET Halo Vape Kit,,19.9,AUD,true,true,simple,images/product-210.webp,https://aussievapemart.com.au/product/product-210/
2769,Product,IGET Halo Pods,,9.9,AUD,true,true,simple,images/product-209.webp,https://aussievapemart.com.au/product/product-209/
2768,Product,IGET Halo Vape Kit,,19.9,AUD,true,true,simple,images/product-208.webp,https://aussievapemart.com.au/product/product-208/
2754,Product,IGET Halo Vape Kit,,0,AUD,false,true,variable,images/product-207.webp,https://aussievapemart.com.au/product/product-207/
2753,Product,IGET Halo Vape Kit,,19.9,AUD,true,true,simple,images/product-206.webp,https://aussievapemart.com.au/product/product-206/
2752,Product,IGET Halo Pods,,9.9,AUD,true,true,simple,images/product-205.webp,https://aussievapemart.com.au/product/product-205/
2750,Product,IGET Flare B10000,,59,AUD,true,true,simple,images/product-204.webp,https://aussievapemart.com.au/product/product-204/
2748,Product,IGET Flare B10000,,59,AUD,true,true,simple,images/product-203.webp,https://aussievapemart.com.au/product/product-203/
2746,Product,IGET Flare B10000,,59,AUD,true,true,simple,images/product-202.webp,https://aussievapemart.com.au/product/product-202/
2744,Product,IGET Flare B10000,,59,AUD,true,true,simple,images/product-201.webp,https://aussievapemart.com.au/product/product-201/
2742,Product,IGET Flare B10000,,59,AUD,true,true,simple,images/product-200.webp,https://aussievapemart.com.au/product/product-200/
2740,Product,IGET Flare B10000,,59,AUD,true,true,simple,images/product-199.webp,https://aussievapemart.com.au/product/product-199/
2726,Product,IGET Halo Pods,,0,AUD,false,true,variable,images/product-198.webp,https://aussievapemart.com.au/product/product-198/
2724,Product,IGET Flare B10000,,59,AUD,true,true,simple,images/product-197.webp,https://aussievapemart.com.au/product/product-197/
2722,Product,IGET Flare B10000,,59,AUD,true,true,simple,images/product-196.webp,https://aussievapemart.com.au/product/product-196/
2720,IGET Flare B10000 Raspberry Ice,IGET Flare B10000,,59,AUD,true,true,simple,images/iget-flare-b10000-raspberry-ice.webp,https://aussievapemart.com.au/product/iget-flare-b10000-raspberry-ice/
2718,Product,IGET Flare B10000,,59,AUD,true,true,simple,images/product-194.webp,https://aussievapemart.com.au/product/product-194/
2716,Product,IGET Moon,,49.9,AUD,true,true,simple,images/product-193.webp,https://aussievapemart.com.au/product/product-193/
2714,Product,IGET Moon,,49.9,AUD,true,true,simple,images/product-192.webp,https://aussievapemart.com.au/product/product-192/
2712,Product,IGET Moon,,49.9,AUD,true,true,simple,images/product-191.webp,https://aussievapemart.com.au/product/product-191/
2710,Product,IGET Moon,,49.9,AUD,true,true,simple,images/product-190.webp,https://aussievapemart.com.au/product/product-190/
2708,Product,IGET Moon,,49.9,AUD,true,true,simple,images/product-189.webp,https://aussievapemart.com.au/product/product-189/
2706,Product,IGET Moon,,49.9,AUD,true,true,simple,images/product-188.webp,https://aussievapemart.com.au/product/product-188/
2704,Product,IGET Moon,,49.9,AUD,true,true,simple,images/product-187.webp,https://aussievapemart.com.au/product/product-187/
2702,Product,IGET Moon,,49.9,AUD,true,true,simple,images/product-186.webp,https://aussievapemart.com.au/product/product-186/
2700,Product,IGET Moon,,49.9,AUD,true,true,simple,images/product-185.webp,https://aussievapemart.com.au/product/product-185/
2698,Product,IGET Moon,,49.9,AUD,true,true,simple,images/product-184.webp,https://aussievapemart.com.au/product/product-184/
2696,Product,IGET Moon,,49.9,AUD,true,true,simple,images/product-183.webp,https://aussievapemart.com.au/product/product-183/
2694,Product,IGET Moon,,49.9,AUD,true,true,simple,images/product-182.webp,https://aussievapemart.com.au/product/product-182/
2692,Product,IGET Moon,,49.9,AUD,true,true,simple,images/product-181.webp,https://aussievapemart.com.au/product/product-181/
2690,Product,IGET Moon,,49.9,AUD,true,true,simple,images/product-180.webp,https://aussievapemart.com.au/product/product-180/
2688,Product,IGET Moon,,49.9,AUD,true,true,simple,images/product-179.webp,https://aussievapemart.com.au/product/product-179/
2686,Product,IGET Moon,,49.9,AUD,true,true,simple,images/product-178.webp,https://aussievapemart.com.au/product/product-178/
2684,Product,IGET Moon,,49.9,AUD,true,true,simple,images/product-177.webp,https://aussievapemart.com.au/product/product-177/
2682,Product,IGET Moon,,49.9,AUD,true,true,simple,images/product-176.webp,https://aussievapemart.com.au/product/product-176/
2680,Product,IGET Moon,,49.9,AUD,true,true,simple,images/product-175.webp,https://aussievapemart.com.au/product/product-175/
2659,Product,IGET Vapes Bulk Buy,,0,AUD,false,true,variable,images/product-174.webp,https://aussievapemart.com.au/product/product-174/
2658,Product,IGET Moon,,44.9,AUD,false,true,simple,images/product-173.webp,https://aussievapemart.com.au/product/product-173/
2656,Product,IGET Moon,,44.9,AUD,true,true,simple,images/product-172.webp,https://aussievapemart.com.au/product/product-172/
2655,Product,IGET Halo Vape Kit,,19.9,AUD,true,true,simple,images/product-171.webp,https://aussievapemart.com.au/product/product-171/
2654,Product,IGET Halo Vape Kit,,19.9,AUD,true,true,simple,images/product-170.webp,https://aussievapemart.com.au/product/product-170/
2653,Product,IGET Halo Vape Kit,,19.9,AUD,true,true,simple,images/product-169.webp,https://aussievapemart.com.au/product/product-169/
2652,Product,IGET Halo Vape Kit,,19.9,AUD,true,true,simple,images/product-168.webp,https://aussievapemart.com.au/product/product-168/
2651,Product,IGET Halo Vape Kit,,19.9,AUD,true,true,simple,images/product-167.webp,https://aussievapemart.com.au/product/product-167/
2650,Product,IGET Halo Vape Kit,,19.9,AUD,true,true,simple,images/product-166.webp,https://aussievapemart.com.au/product/product-166/
2649,Product,IGET Halo Vape Kit,,19.9,AUD,true,true,simple,images/product-165.webp,https://aussievapemart.com.au/product/product-165/
2648,Product,IGET Halo Vape Kit,,19.9,AUD,true,true,simple,images/product-164.webp,https://aussievapemart.com.au/product/product-164/
2647,Product,IGET Halo Vape Kit,,19.9,AUD,true,true,simple,images/product-163.webp,https://aussievapemart.com.au/product/product-163/
2646,Product,IGET Halo Vape Kit,,19.9,AUD,true,true,simple,images/product-162.webp,https://aussievapemart.com.au/product/product-162/
2645,Product,IGET Halo Vape Kit,,19.9,AUD,true,true,simple,images/product-161.webp,https://aussievapemart.com.au/product/product-161/
2644,Product,IGET Halo Vape Kit,,19.9,AUD,true,true,simple,images/product-160.webp,https://aussievapemart.com.au/product/product-160/
2643,Product,IGET Halo Vape Kit,,19.9,AUD,true,true,simple,images/product-159.webp,https://aussievapemart.com.au/product/product-159/
2629,Product,IGET Halo Vape Kit,,0,AUD,false,true,variable,images/product-158.webp,https://aussievapemart.com.au/product/product-158/
2627,Product,IGET Halo Vape Kit,,19.9,AUD,true,true,simple,images/product-157.webp,https://aussievapemart.com.au/product/product-157/
2626,Product,IGET Halo Pods,,9.9,AUD,true,true,simple,images/product-156.webp,https://aussievapemart.com.au/product/product-156/
2625,Product,IGET Halo Pods,,9.9,AUD,true,true,simple,images/product-155.webp,https://aussievapemart.com.au/product/product-155/
2624,Product,IGET Halo Pods,,9.9,AUD,true,true,simple,images/product-154.webp,https://aussievapemart.com.au/product/product-154/
2623,Product,IGET Halo Pods,,9.9,AUD,true,true,simple,images/product-153.webp,https://aussievapemart.com.au/product/product-153/
2622,Product,IGET Halo Pods,,9.9,AUD,true,true,simple,images/product-152.webp,https://aussievapemart.com.au/product/product-152/
2621,Product,IGET Halo Pods,,9.9,AUD,true,true,simple,images/product-151.webp,https://aussievapemart.com.au/product/product-151/
2620,Product,IGET Halo Pods,,9.9,AUD,true,true,simple,images/product-150.webp,https://aussievapemart.com.au/product/product-150/
2619,Product,IGET Halo Pods,,9.9,AUD,true,true,simple,images/product-149.webp,https://aussievapemart.com.au/product/product-149/
2618,Product,IGET Halo Pods,,9.9,AUD,true,true,simple,images/product-148.webp,https://aussievapemart.com.au/product/product-148/
2617,Product,IGET Halo Pods,,9.9,AUD,true,true,simple,images/product-147.webp,https://aussievapemart.com.au/product/product-147/
2616,Product,IGET Halo Pods,,9.9,AUD,true,true,simple,images/product-146.webp,https://aussievapemart.com.au/product/product-146/
2615,Product,IGET Halo Pods,,9.9,AUD,true,true,simple,images/product-145.webp,https://aussievapemart.com.au/product/product-145/
2614,Product,IGET Halo Pods,,9.9,AUD,true,true,simple,images/product-144.webp,https://aussievapemart.com.au/product/product-144/
2613,Product,IGET Halo Pods,,9.9,AUD,true,true,simple,images/product-143.webp,https://aussievapemart.com.au/product/product-143/
2588,Product,IGET Halo Pods,,0,AUD,false,true,variable,images/product-142.webp,https://aussievapemart.com.au/product/product-142/
2585,Product,IGET Bar,,44.9,AUD,false,true,simple,images/product-141.jpg,https://aussievapemart.com.au/product/product-141/
2582,Product,IGET Bar,,44.9,AUD,false,true,simple,images/product-140.jpg,https://aussievapemart.com.au/product/product-140/
2578,Product,IGET Bar,,44.9,AUD,false,true,simple,images/product-139.jpg,https://aussievapemart.com.au/product/product-139/
2575,Product,IGET Bar,,44.9,AUD,false,true,simple,images/product-138.jpg,https://aussievapemart.com.au/product/product-138/
2571,Product,IGET Bar,,44.9,AUD,false,true,simple,images/product-137.jpg,https://aussievapemart.com.au/product/product-137/
2568,Product,IGET Bar,,44.9,AUD,false,true,simple,images/product-136.jpg,https://aussievapemart.com.au/product/product-136/
2565,Product,IGET Bar,,44.9,AUD,false,true,simple,images/product-135.jpg,https://aussievapemart.com.au/product/product-135/
2562,Product,IGET Bar,,44.9,AUD,false,true,simple,images/product-134.jpg,https://aussievapemart.com.au/product/product-134/
2559,Product,IGET Bar,,44.9,AUD,false,true,simple,images/product-133.jpg,https://aussievapemart.com.au/product/product-133/
2556,Product,IGET Bar,,44.9,AUD,false,true,simple,images/product-132.jpg,https://aussievapemart.com.au/product/product-132/
2553,Product,IGET Bar,,44.9,AUD,false,true,simple,images/product-131.jpg,https://aussievapemart.com.au/product/product-131/
2550,Product,IGET Bar,,39.9,AUD,false,true,simple,images/product-130.jpg,https://aussievapemart.com.au/product/product-130/
2547,Product,IGET Bar,,44.9,AUD,false,true,simple,images/product-129.jpg,https://aussievapemart.com.au/product/product-129/
2544,Product,IGET Bar,,44.9,AUD,false,true,simple,images/product-128.jpg,https://aussievapemart.com.au/product/product-128/
2541,Product,IGET Bar,,44.9,AUD,false,true,simple,images/product-127.jpg,https://aussievapemart.com.au/product/product-127/
2538,Product,IGET Bar,,44.9,AUD,false,true,simple,images/product-126.jpg,https://aussievapemart.com.au/product/product-126/
2535,Product,IGET Bar,,44.9,AUD,false,true,simple,images/product-125.webp,https://aussievapemart.com.au/product/product-125/
2532,Product,IGET Bar,,44.9,AUD,false,true,simple,images/product-124.jpg,https://aussievapemart.com.au/product/product-124/
2529,Product,IGET Bar,,44.9,AUD,false,true,simple,images/product-123.jpg,https://aussievapemart.com.au/product/product-123/
2526,Product,IGET Bar,,44.9,AUD,false,true,simple,images/product-122.jpg,https://aussievapemart.com.au/product/product-122/
2523,Product,IGET Bar,,44.9,AUD,false,true,simple,images/product-121.jpg,https://aussievapemart.com.au/product/product-121/
2520,Product,IGET Bar,,44.9,AUD,false,true,simple,images/product-120.jpg,https://aussievapemart.com.au/product/product-120/
2517,Product,IGET Bar,,44.9,AUD,false,true,simple,images/product-119.jpg,https://aussievapemart.com.au/product/product-119/
2514,Product,IGET Bar,,44.9,AUD,false,true,simple,images/product-118.jpg,https://aussievapemart.com.au/product/product-118/
2512,Product,IGET Bar,,44.9,AUD,false,true,simple,images/product-117.webp,https://aussievapemart.com.au/product/product-117/
2509,Product,IGET Bar,,44.9,AUD,false,true,simple,images/product-116.jpg,https://aussievapemart.com.au/product/product-116/
2507,Product,IGET Bar,,44.9,AUD,false,true,simple,images/product-115.webp,https://aussievapemart.com.au/product/product-115/
2505,Product,IGET Bar,,44.9,AUD,false,true,simple,images/product-114.webp,https://aussievapemart.com.au/product/product-114/
2503,Product,IGET Bar,,44.9,AUD,false,true,simple,images/product-113.webp,https://aussievapemart.com.au/product/product-113/
2502,Product,IGET Bar,,199.9,AUD,true,true,simple,images/product-112.webp,https://aussievapemart.com.au/product/product-112/
2500,Product,IGET Bar,,39.9,AUD,false,true,simple,images/product-111.jpg,https://aussievapemart.com.au/product/product-111/
2497,Product,IGET Bar,,44.9,AUD,false,true,simple,images/product-110.jpg,https://aussievapemart.com.au/product/product-110/
2494,Product,IGET B5000,,46.9,AUD,false,true,simple,images/product-109.webp,https://aussievapemart.com.au/product/product-109/
2492,Product,IGET B5000,,46.9,AUD,false,true,simple,images/product-108.webp,https://aussievapemart.com.au/product/product-108/
2488,Product,IGET B5000,,46.9,AUD,false,true,simple,images/product-107.webp,https://aussievapemart.com.au/product/product-107/
2486,Product,IGET B5000,,46.9,AUD,false,true,simple,images/product-106.webp,https://aussievapemart.com.au/product/product-106/
2482,Product,IGET B5000,,46.9,AUD,false,true,simple,images/product-105.webp,https://aussievapemart.com.au/product/product-105/
2478,Product,IGET B5000,,46.9,AUD,false,true,simple,images/product-104.webp,https://aussievapemart.com.au/product/product-104/
2474,Product,IGET B5000,,46.9,AUD,false,true,simple,images/product-103.webp,https://aussievapemart.com.au/product/product-103/
2470,Product,IGET B5000,,46.9,AUD,false,true,simple,images/product-102.webp,https://aussievapemart.com.au/product/product-102/
2466,Product,IGET B5000,,46.9,AUD,false,true,simple,images/product-101.webp,https://aussievapemart.com.au/product/product-101/
2462,Product,IGET B5000,,39.9,AUD,true,true,simple,images/product-100.webp,https://aussievapemart.com.au/product/product-100/
2460,Product,IGET B5000,,46.9,AUD,false,true,simple,images/product-99.webp,https://aussievapemart.com.au/product/product-99/
2446,Product,IGET B5000,,0,AUD,false,true,variable,images/product-98.webp,https://aussievapemart.com.au/product/product-98/
2445,Product,IGET B5000,,39.9,AUD,false,true,simple,images/product-97.jpg,https://aussievapemart.com.au/product/product-97/
2441,Product,IGET B5000,,46.9,AUD,false,true,simple,images/product-96.webp,https://aussievapemart.com.au/product/product-96/
2437,Product,IGET B5000,,46.9,AUD,false,true,simple,images/product-95.webp,https://aussievapemart.com.au/product/product-95/
2434,Product,IGET Legend,,46.9,AUD,true,true,simple,images/product-94.webp,https://aussievapemart.com.au/product/product-94/
2431,Product,IGET Legend,,46.9,AUD,true,true,simple,images/product-93.webp,https://aussievapemart.com.au/product/product-93/
2429,Product,IGET Legend,,46.9,AUD,true,true,simple,images/product-92.webp,https://aussievapemart.com.au/product/product-92/
2426,Product,IGET Legend,,46.9,AUD,true,true,simple,images/product-91.webp,https://aussievapemart.com.au/product/product-91/
2423,Product,IGET Legend,,46.9,AUD,true,true,simple,images/product-90.webp,https://aussievapemart.com.au/product/product-90/
2421,Product,IGET Legend,,46.9,AUD,true,true,simple,images/product-89.webp,https://aussievapemart.com.au/product/product-89/
2418,Product,IGET Legend,,46.9,AUD,true,true,simple,images/product-88.webp,https://aussievapemart.com.au/product/product-88/
2415,Product,IGET Legend,,46.9,AUD,true,true,simple,images/product-87.webp,https://aussievapemart.com.au/product/product-87/
2412,Product,IGET Legend,,46.9,AUD,true,true,simple,images/product-86.webp,https://aussievapemart.com.au/product/product-86/
2409,Product,IGET Legend,,46.9,AUD,true,true,simple,images/product-85.webp,https://aussievapemart.com.au/product/product-85/
2406,Product,IGET Legend,,46.9,AUD,true,true,simple,images/product-84.webp,https://aussievapemart.com.au/product/product-84/
2404,Product,IGET Legend,,46.9,AUD,true,true,simple,images/product-83.webp,https://aussievapemart.com.au/product/product-83/
2401,Product,IGET Legend,,46.9,AUD,true,true,simple,images/product-82.webp,https://aussievapemart.com.au/product/product-82/
2398,Product,IGET Legend,,46.9,AUD,true,true,simple,images/product-81.webp,https://aussievapemart.com.au/product/product-81/
2395,Product,IGET Legend,,46.9,AUD,true,true,simple,images/product-80.webp,https://aussievapemart.com.au/product/product-80/
2392,Product,IGET Legend,,46.9,AUD,true,true,simple,images/product-79.webp,https://aussievapemart.com.au/product/product-79/
2365,Product,IGET Legend,,0,AUD,false,true,variable,images/product-78.webp,https://aussievapemart.com.au/product/product-78/
2363,Product,IGET Legend,,39.9,AUD,false,true,simple,images/product-77.webp,https://aussievapemart.com.au/product/product-77/
2360,Product,IGET Legend,,46.9,AUD,true,true,simple,images/product-76.webp,https://aussievapemart.com.au/product/product-76/
2357,Product,IGET Legend,,39.9,AUD,true,true,simple,images/product-75.webp,https://aussievapemart.com.au/product/product-75/
2355,Product,IGET XXL,,19.9,AUD,true,true,simple,images/product-74.webp,https://aussievapemart.com.au/product/product-74/
2353,Product,IGET XXL,,19.9,AUD,true,true,simple,images/product-73.jpg,https://aussievapemart.com.au/product/product-73/
2351,Product,IGET XXL,,19.9,AUD,true,true,simple,images/product-72.jpg,https://aussievapemart.com.au/product/product-72/
2349,Product,IGET XXL,,19.9,AUD,true,true,simple,images/product-71.webp,https://aussievapemart.com.au/product/product-71/
2347,Product,IGET XXL,,14.9,AUD,true,true,simple,images/product-70.webp,https://aussievapemart.com.au/product/product-70/
2346,Product,IGET XXL,,19.9,AUD,true,true,simple,images/product-69.jpg,https://aussievapemart.com.au/product/product-69/
2344,Product,IGET XXL,,19.9,AUD,true,true,simple,images/product-68.webp,https://aussievapemart.com.au/product/product-68/
2342,Product,IGET XXL,,19.9,AUD,true,true,simple,images/product-67.webp,https://aussievapemart.com.au/product/product-67/
2340,Product,IGET XXL,,19.9,AUD,true,true,simple,images/product-66.webp,https://aussievapemart.com.au/product/product-66/
2338,Product,IGET XXL,,19.9,AUD,true,true,simple,images/product-65.webp,https://aussievapemart.com.au/product/product-65/
2336,Product,IGET XXL,,19.9,AUD,true,true,simple,images/product-64.webp,https://aussievapemart.com.au/product/product-64/
2334,Product,IGET XXL,,19.9,AUD,true,true,simple,images/product-63.jpg,https://aussievapemart.com.au/product/product-63/
2332,Product,IGET XXL,,19.9,AUD,true,true,simple,images/product-62.webp,https://aussievapemart.com.au/product/product-62/
2330,Product,IGET XXL,,19.9,AUD,true,true,simple,images/product-61.webp,https://aussievapemart.com.au/product/product-61/
2314,Product,IGET Vapes Bulk Buy,,0,AUD,false,true,variable,images/product-60.webp,https://aussievapemart.com.au/product/product-60/
2313,Product,IGET XXL,,14.9,AUD,false,true,simple,images/product-59.jpg,https://aussievapemart.com.au/product/product-59/
2312,Product,IGET Vapes Bulk Buy,,29.9,AUD,true,true,simple,images/product-58.webp,https://aussievapemart.com.au/product/product-58/
2311,Product,IGET XXL,,29.9,AUD,true,true,simple,images/product-57.webp,https://aussievapemart.com.au/product/product-57/
2309,Product,IGET XXL,,14.9,AUD,true,true,simple,images/product-56.webp,https://aussievapemart.com.au/product/product-56/
2307,Product,IGET Shion X1 Nicotine Pouch,,15,AUD,false,true,simple,images/product-55.webp,https://aussievapemart.com.au/product/product-55/
2305,Product,IGET Shion X1 Nicotine Pouch,,15,AUD,false,true,simple,images/product-54.webp,https://aussievapemart.com.au/product/product-54/
2304,Product,IGET Shion X1 Nicotine Pouch,,15,AUD,false,true,simple,images/product-53.webp,https://aussievapemart.com.au/product/product-53/
2302,Product,IGET Shion X1 Nicotine Pouch,,15,AUD,false,true,simple,images/product-52.webp,https://aussievapemart.com.au/product/product-52/
2300,Product,IGET Shion X1 Nicotine Pouch,,15,AUD,false,true,simple,images/product-51.webp,https://aussievapemart.com.au/product/product-51/
2299,Product,IGET Shion X1 Nicotine Pouch,,15,AUD,false,true,simple,images/product-50.webp,https://aussievapemart.com.au/product/product-50/
2297,Product,IGET Shion X1 Nicotine Pouch,,15,AUD,false,true,simple,images/product-49.webp,https://aussievapemart.com.au/product/product-49/
2295,Product,IGET Shion X1 Nicotine Pouch,,15,AUD,false,true,simple,images/product-48.webp,https://aussievapemart.com.au/product/product-48/
2294,Product,IGET Shion X1 Nicotine Pouch,,15,AUD,false,true,simple,images/product-47.webp,https://aussievapemart.com.au/product/product-47/
2293,Product,IGET Shion X1 Nicotine Pouch,,15,AUD,false,true,simple,images/product-46.webp,https://aussievapemart.com.au/product/product-46/
2292,Product,IGET Shion X1 Nicotine Pouch,,15,AUD,false,true,simple,images/product-45.webp,https://aussievapemart.com.au/product/product-45/
2291,Product,IGET Shion X1 Nicotine Pouch,,15,AUD,false,true,simple,images/product-44.webp,https://aussievapemart.com.au/product/product-44/
2289,Product,IGET Shion X1 Nicotine Pouch,,15,AUD,false,true,simple,images/product-43.webp,https://aussievapemart.com.au/product/product-43/
2288,Product,IGET Shion X1 Nicotine Pouch,,15,AUD,false,true,simple,images/product-42.webp,https://aussievapemart.com.au/product/product-42/
2286,Product,IGET Shion X1 Nicotine Pouch,,15,AUD,false,true,simple,images/product-41.webp,https://aussievapemart.com.au/product/product-41/
2285,Product,IGET Shion X1 Nicotine Pouch,,15,AUD,false,true,simple,images/product-40.webp,https://aussievapemart.com.au/product/product-40/
2268,Product,IGET Shion X1 Nicotine Pouch,,0,AUD,false,true,variable,images/product-39.webp,https://aussievapemart.com.au/product/product-39/
2264,Product,IGET Shion X1 Nicotine Pouch,,15,AUD,false,true,simple,images/product-38.webp,https://aussievapemart.com.au/product/product-38/
2263,Product,IGET Shion X2 Nicotine Pouch,,15,AUD,false,true,simple,images/product-37.webp,https://aussievapemart.com.au/product/product-37/
2262,Product,IGET Shion X2 Nicotine Pouch,,15,AUD,false,true,simple,images/product-36.webp,https://aussievapemart.com.au/product/product-36/
2261,Product,IGET Shion X2 Nicotine Pouch,,15,AUD,false,true,simple,images/product-35.webp,https://aussievapemart.com.au/product/product-35/
2260,Product,IGET Shion X2 Nicotine Pouch,,15,AUD,false,true,simple,images/product-34.webp,https://aussievapemart.com.au/product/product-34/
2255,Product,IGET Shion X2 Nicotine Pouch,,0,AUD,false,true,variable,images/product-33.webp,https://aussievapemart.com.au/product/product-33/
2254,Product,IGET Shion X2 Nicotine Pouch,,15,AUD,false,true,simple,images/product-32.webp,https://aussievapemart.com.au/product/product-32/
2252,Product,IGET Vapes Bulk Buy,,79.9,AUD,false,true,simple,images/product-31.jpg,https://aussievapemart.com.au/product/product-31/
2236,Product,IGET Goat,,0,AUD,false,true,variable,images/product-30.jpg,https://aussievapemart.com.au/product/product-30/
2220,Product,IGET Goat,,0,AUD,false,true,variable,images/product-29.webp,https://aussievapemart.com.au/product/product-29/
2205,Product,IGET Vapes Bulk Buy,,0,AUD,false,true,variable,images/product-28.jpg,https://aussievapemart.com.au/product/product-28/
2177,Product,IGET Hot,,0,AUD,false,true,variable,images/product-27.webp,https://aussievapemart.com.au/product/product-27/
2175,Product,IGET Vapes Bulk Buy,,799,AUD,true,true,simple,images/product-26.jpg,https://aussievapemart.com.au/product/product-26/
2147,Product,IGET Vapes Bulk Buy,,0,AUD,false,true,variable,images/product-25.jpg,https://aussievapemart.com.au/product/product-25/
2145,Product,IGET Vapes Bulk Buy,,405,AUD,true,true,simple,images/product-24.jpg,https://aussievapemart.com.au/product/product-24/
2126,Product,IGET Vapes Bulk Buy,,0,AUD,false,true,variable,images/product-23.webp,https://aussievapemart.com.au/product/product-23/
2111,Product,IGET Vapes Bulk Buy,,0,AUD,false,true,variable,images/product-22.jpg,https://aussievapemart.com.au/product/product-22/
2089,Product,IGET Vapes Bulk Buy,,0,AUD,false,true,variable,images/product-21.webp,https://aussievapemart.com.au/product/product-21/
2061,Product,IGET Vapes Bulk Buy,,0,AUD,false,true,variable,images/product-20.jpg,https://aussievapemart.com.au/product/product-20/
2038,Product,IGET Vapes Bulk Buy,,0,AUD,false,true,variable,images/product-19.webp,https://aussievapemart.com.au/product/product-19/
2036,Product,IGET Vapes Bulk Buy,,400,AUD,true,true,simple,images/product-18.jpg,https://aussievapemart.com.au/product/product-18/
2013,Product,IGET Vapes Bulk Buy,,0,AUD,false,true,variable,images/product-17.webp,https://aussievapemart.com.au/product/product-17/
1990,Product,IGET Vapes Bulk Buy,,0,AUD,false,true,variable,images/product-16.webp,https://aussievapemart.com.au/product/product-16/
1967,Product,IGET Vapes Bulk Buy,,0,AUD,false,true,variable,images/product-15.webp,https://aussievapemart.com.au/product/product-15/
1965,Product,IGET Vapes Bulk Buy,,149,AUD,true,true,simple,images/product-14.jpg,https://aussievapemart.com.au/product/product-14/
1940,Product,IGET Vapes Bulk Buy,,0,AUD,false,true,variable,images/product-13.webp,https://aussievapemart.com.au/product/product-13/
1914,Product,IGET B5000,,0,AUD,false,true,variable,images/product-12.webp,https://aussievapemart.com.au/product/product-12/
1885,Product,IGET Legend,,0,AUD,false,true,variable,images/product-11.webp,https://aussievapemart.com.au/product/product-11/
1862,Product,IGET Vapes Bulk Buy,,0,AUD,false,true,variable,images/product-10.webp,https://aussievapemart.com.au/product/product-10/
1839,Product,IGET Vapes Bulk Buy,,0,AUD,false,true,variable,images/product-9.webp,https://aussievapemart.com.au/product/product-9/
1794,Product,IGET Bar,,199.9,AUD,true,true,simple,images/product-7.webp,https://aussievapemart.com.au/product/product-7/
1750,Product,IGET Bar Plus Pod,,0,AUD,false,true,variable,images/product-6.webp,https://aussievapemart.com.au/product/product-6/
1748,Product,IGET Vapes Bulk Buy,,29.9,AUD,true,true,simple,images/product-5.webp,https://aussievapemart.com.au/product/product-5/
1746,Product,IGET XXL,,29.9,AUD,true,true,simple,images/product-4.webp,https://aussievapemart.com.au/product/product-4/
1736,Product,IGET Shion X2 Nicotine Pouch,,0,AUD,false,true,variable,images/product-3.webp,https://aussievapemart.com.au/product/product-3/
1713,Product,IGET Shion X1 Nicotine Pouch,,0,AUD,false,true,variable,images/product-2.webp,https://aussievapemart.com.au/product/product-2/
1682,Product,IGET Halo Vape Kit,,0,AUD,false,false,variable,images/product.webp,https://aussievapemart.com.au/product/product/
1679,IGET Moon Bundle (4PCS),IGET Vapes Bulk Buy,,179.6,AUD,true,true,simple,images/iget-moon-bundle-4pcs-3.webp,https://aussievapemart.com.au/product/iget-moon-bundle-4pcs-3/
1678,IGET Moon 5000 Puffs,IGET Moon,,44.9,AUD,false,true,simple,images/iget-moon-5000-puffs-2.webp,https://aussievapemart.com.au/product/iget-moon-5000-puffs-2/
1677,Strawberry Orange Green Ice – IGET Moon 5000 Puffs,IGET Moon,,44.9,AUD,true,true,simple,images/strawberry-orange-green-ice-iget-moon-5000-puffs-2.webp,https://aussievapemart.com.au/product/strawberry-orange-green-ice-iget-moon-5000-puffs-2/
1676,IGET Bar Plus Vape Kit Bundle (2PCS),IGET Vapes Bulk Buy,,89.8,AUD,false,true,simple,images/iget-bar-plus-vape-kit-bundle-2pcs-2.webp,https://aussievapemart.com.au/product/iget-bar-plus-vape-kit-bundle-2pcs-2/
1674,IGET Bar Plus 6000 Puffs,IGET Bar Plus,,44.9,AUD,false,true,simple,images/iget-bar-plus-6000-puffs.webp,https://aussievapemart.com.au/product/iget-bar-plus-6000-puffs/
1672,Grape Peach lce – IGET Bar Plus 6000 Puffs,IGET Bar Plus,,44.9,AUD,true,true,simple,images/grape-peach-lce-iget-bar-plus-6000-puffs.webp,https://aussievapemart.com.au/product/grape-peach-lce-iget-bar-plus-6000-puffs/
1670,IGET Bar Bundle (5PCS),IGET Bar,,199.9,AUD,true,true,simple,images/iget-bar-bundle-5pcs-3.webp,https://aussievapemart.com.au/product/iget-bar-bundle-5pcs-3/
1669,IGET Bar 3500 Puffs,IGET Bar,,39.9,AUD,false,true,simple,images/iget-bar-3500-puffs-2.jpg,https://aussievapemart.com.au/product/iget-bar-3500-puffs-2/
1668,Strawberry Raspberry – IGET Bar 3500 Puffs,IGET Bar,,44.9,AUD,false,true,simple,images/strawberry-raspberry-iget-bar-3500-puffs-2.jpg,https://aussievapemart.com.au/product/strawberry-raspberry-iget-bar-3500-puffs-2/
1667,IGET XXL 1800 Puffs,IGET XXL,,14.9,AUD,false,true,simple,images/iget-xxl-1800-puffs-2.jpg,https://aussievapemart.com.au/product/iget-xxl-1800-puffs-2/
1665,IGET Bar Plus Pod 6000 Puffs,IGET Bar Plus Pod,,29.9,AUD,true,true,simple,images/iget-bar-plus-pod-6000-puffs.webp,https://aussievapemart.com.au/product/iget-bar-plus-pod-6000-puffs/
1663,IGET XXL 1800 Puffs – Blueberry Ice *5,IGET Vapes Bulk Buy,,29.9,AUD,true,true,simple,images/iget-xxl-1800-puffs-blueberry-ice-5-3.webp,https://aussievapemart.com.au/product/iget-xxl-1800-puffs-blueberry-ice-5-3/
1662,IGET XXL 1800 Puffs – Mango Guava*5,IGET XXL,,29.9,AUD,true,true,simple,images/iget-xxl-1800-puffs-mango-guava5-3.webp,https://aussievapemart.com.au/product/iget-xxl-1800-puffs-mango-guava5-3/
1661,Mixed Fruit – IGET XXL 1800 Puffs,IGET XXL,,14.9,AUD,true,true,simple,images/mixed-fruit-iget-xxl-1800-puffs-2.webp,https://aussievapemart.com.au/product/mixed-fruit-iget-xxl-1800-puffs-2/
1660,IGET Legend 4000 Puffs,IGET Legend,,39.9,AUD,false,true,simple,images/iget-legend-4000-puffs-2.jpg,https://aussievapemart.com.au/product/iget-legend-4000-puffs-2/
1658,Pink Lemon Orange Ice – IGET Legend 4000 Puffs,IGET Legend,,46.9,AUD,true,true,simple,images/pink-lemon-orange-ice-iget-legend-4000-puffs-2.webp,https://aussievapemart.com.au/product/pink-lemon-orange-ice-iget-legend-4000-puffs-2/
1657,Strawberry Watermelon – IGET Legend 4000 Puffs,IGET Legend,,39.9,AUD,true,true,simple,images/strawberry-watermelon-iget-legend-4000-puffs-2.webp,https://aussievapemart.com.au/product/strawberry-watermelon-iget-legend-4000-puffs-2/
1656,Strawberry Watermelon Ice – IGET Star L7000,IGET Star,,39.98,AUD,false,true,simple,images/strawberry-watermelon-ice-iget-star-l7000.webp,https://aussievapemart.com.au/product/strawberry-watermelon-ice-iget-star-l7000/
1654,Strawberry Kiwi Ice – IGET Star L7000,IGET Star,,39.98,AUD,false,true,simple,images/strawberry-kiwi-ice-iget-star-l7000.webp,https://aussievapemart.com.au/product/strawberry-kiwi-ice-iget-star-l7000/
1652,Strawberry – IGET SHION X1 Nicotine Pouch 12mg,IGET Shion X1 Nicotine Pouch,,15,AUD,false,true,simple,images/strawberry-iget-shion-x1-nicotine-pouch-12mg-2.webp,https://aussievapemart.com.au/product/strawberry-iget-shion-x1-nicotine-pouch-12mg-2/
1651,Pineapple Juice Ice – IGET Star L7000,IGET Star,,39.98,AUD,false,true,simple,images/pineapple-juice-ice-iget-star-l7000.webp,https://aussievapemart.com.au/product/pineapple-juice-ice-iget-star-l7000/
1649,Peach Ice – IGET Star L7000,IGET Star,,39.98,AUD,false,true,simple,images/peach-ice-iget-star-l7000.webp,https://aussievapemart.com.au/product/peach-ice-iget-star-l7000/
1647,Passion Fruit Mango Ice – IGET Star L7000,IGET Star,,39.98,AUD,false,true,simple,images/passion-fruit-mango-ice-iget-star-l7000.webp,https://aussievapemart.com.au/product/passion-fruit-mango-ice-iget-star-l7000/
1645,Mint Burst – IGET SHION X2 Nicotine Pouch 12mg,IGET Shion X2 Nicotine Pouch,,15,AUD,false,true,simple,images/mint-burst-iget-shion-x2-nicotine-pouch-12mg-2.webp,https://aussievapemart.com.au/product/mint-burst-iget-shion-x2-nicotine-pouch-12mg-2/
1644,Menthol – IGET SHION X1 Nicotine Pouch 12mg,IGET Shion X1 Nicotine Pouch,,15,AUD,false,true,simple,images/menthol-iget-shion-x1-nicotine-pouch-12mg-2.webp,https://aussievapemart.com.au/product/menthol-iget-shion-x1-nicotine-pouch-12mg-2/
1643,Mango Ice – IGET Star L7000,IGET Star,,39.98,AUD,false,true,simple,images/mango-ice-iget-star-l7000.webp,https://aussievapemart.com.au/product/mango-ice-iget-star-l7000/
1641,Mango – IGET SHION X1 Nicotine Pouch 12mg,IGET Shion X1 Nicotine Pouch,,15,AUD,false,true,simple,images/mango-iget-shion-x1-nicotine-pouch-12mg-2.webp,https://aussievapemart.com.au/product/mango-iget-shion-x1-nicotine-pouch-12mg-2/
1640,Lush Ice – IGET Star L7000,IGET Star,,39.98,AUD,false,true,simple,images/lush-ice-iget-star-l7000.webp,https://aussievapemart.com.au/product/lush-ice-iget-star-l7000/
1638,Grape Ice – IGET Star L7000,IGET Star,,39.98,AUD,false,true,simple,images/grape-ice-iget-star-l7000.webp,https://aussievapemart.com.au/product/grape-ice-iget-star-l7000/
1636,Grape – IGET SHION X1 Nicotine Pouch 12mg,IGET Shion X1 Nicotine Pouch,,15,AUD,false,true,simple,images/grape-iget-shion-x1-nicotine-pouch-12mg-2.webp,https://aussievapemart.com.au/product/grape-iget-shion-x1-nicotine-pouch-12mg-2/
1635,Double Apple – IGET Star L7000,IGET Star,,39.98,AUD,false,true,simple,images/double-apple-iget-star-l7000.webp,https://aussievapemart.com.au/product/double-apple-iget-star-l7000/
1633,Cool Mint – IGET SHION X1 Nicotine Pouch 12mg,IGET Shion X1 Nicotine Pouch,,15,AUD,false,true,simple,images/cool-mint-iget-shion-x1-nicotine-pouch-12mg-2.webp,https://aussievapemart.com.au/product/cool-mint-iget-shion-x1-nicotine-pouch-12mg-2/
1632,Cola Ice – IGET Star L7000,IGET Star,,39.98,AUD,false,true,simple,images/cola-ice-iget-star-l7000.webp,https://aussievapemart.com.au/product/cola-ice-iget-star-l7000/
1630,Coffee Burst – IGET SHION X2 Nicotine Pouch 12mg,IGET Shion X2 Nicotine Pouch,,15,AUD,false,true,simple,images/coffee-burst-iget-shion-x2-nicotine-pouch-12mg-2.webp,https://aussievapemart.com.au/product/coffee-burst-iget-shion-x2-nicotine-pouch-12mg-2/
1629,Mint Burst – IGET SHION X2 Nicotine Pouch 6mg,IGET Shion X2 Nicotine Pouch,,15,AUD,false,true,simple,images/mint-burst-iget-shion-x2-nicotine-pouch-6mg-2.webp,https://aussievapemart.com.au/product/mint-burst-iget-shion-x2-nicotine-pouch-6mg-2/
1628,Coffee Burst – IGET SHION X2 Nicotine Pouch 6mg,IGET Shion X2 Nicotine Pouch,,15,AUD,false,true,simple,images/coffee-burst-iget-shion-x2-nicotine-pouch-6mg-2.webp,https://aussievapemart.com.au/product/coffee-burst-iget-shion-x2-nicotine-pouch-6mg-2/
1627,IGET SHION X2 Nicotine Pouch Bundle (3PCS),IGET Shion X2 Nicotine Pouch,,36,AUD,true,true,simple,images/iget-shion-x2-nicotine-pouch-bundle-3pcs-3.webp,https://aussievapemart.com.au/product/iget-shion-x2-nicotine-pouch-bundle-3pcs-3/
1626,IGET SHION X2 Nicotine Pouch,IGET Shion X2 Nicotine Pouch,,15,AUD,false,true,simple,images/iget-shion-x2-nicotine-pouch-2.webp,https://aussievapemart.com.au/product/iget-shion-x2-nicotine-pouch-2/
1624,Cherry Ice – IGET Star L7000,IGET Star,,39.98,AUD,false,true,simple,images/cherry-ice-iget-star-l7000.webp,https://aussievapemart.com.au/product/cherry-ice-iget-star-l7000/
1622,Blueberry Ice – IGET Star L7000,IGET Star,,39.98,AUD,false,true,simple,images/blueberry-ice-iget-star-l7000.webp,https://aussievapemart.com.au/product/blueberry-ice-iget-star-l7000/
1619,Blackberry Ice – IGET Star L7000,IGET Star,,39.98,AUD,false,true,simple,images/blackberry-ice-iget-star-l7000.webp,https://aussievapemart.com.au/product/blackberry-ice-iget-star-l7000/
1617,Apple – IGET SHION X1 Nicotine Pouch 12mg,IGET Shion X1 Nicotine Pouch,,15,AUD,false,true,simple,images/apple-iget-shion-x1-nicotine-pouch-12mg-2.webp,https://aussievapemart.com.au/product/apple-iget-shion-x1-nicotine-pouch-12mg-2/
1616,Mango – IGET SHION X1 Nicotine Pouch 6mg,IGET Shion X1 Nicotine Pouch,,15,AUD,false,true,simple,images/mango-iget-shion-x1-nicotine-pouch-6mg-2.webp,https://aussievapemart.com.au/product/mango-iget-shion-x1-nicotine-pouch-6mg-2/
1615,Strawberry – IGET SHION X1 Nicotine Pouch 6mg,IGET Shion X1 Nicotine Pouch,,15,AUD,false,true,simple,images/strawberry-iget-shion-x1-nicotine-pouch-6mg-2.webp,https://aussievapemart.com.au/product/strawberry-iget-shion-x1-nicotine-pouch-6mg-2/
1614,Menthol – IGET SHION X1 Nicotine Pouch 6mg,IGET Shion X1 Nicotine Pouch,,15,AUD,false,true,simple,images/menthol-iget-shion-x1-nicotine-pouch-6mg-2.webp,https://aussievapemart.com.au/product/menthol-iget-shion-x1-nicotine-pouch-6mg-2/
1613,Blueberry Ice – IGET SHION X1 Nicotine Pouch 6mg,IGET Shion X1 Nicotine Pouch,,15,AUD,false,true,simple,images/blueberry-ice-iget-shion-x1-nicotine-pouch-6mg-2.webp,https://aussievapemart.com.au/product/blueberry-ice-iget-shion-x1-nicotine-pouch-6mg-2/
1612,Citrus – IGET SHION X1 Nicotine Pouch 6mg,IGET Shion X1 Nicotine Pouch,,15,AUD,false,true,simple,images/citrus-iget-shion-x1-nicotine-pouch-6mg-2.webp,https://aussievapemart.com.au/product/citrus-iget-shion-x1-nicotine-pouch-6mg-2/
1611,Grape – IGET SHION X1 Nicotine Pouch 6mg,IGET Shion X1 Nicotine Pouch,,15,AUD,false,true,simple,images/grape-iget-shion-x1-nicotine-pouch-6mg-2.webp,https://aussievapemart.com.au/product/grape-iget-shion-x1-nicotine-pouch-6mg-2/
1610,Cool Mint – IGET SHION X1 Nicotine Pouch 6mg,IGET Shion X1 Nicotine Pouch,,15,AUD,false,true,simple,images/cool-mint-iget-shion-x1-nicotine-pouch-6mg-2.webp,https://aussievapemart.com.au/product/cool-mint-iget-shion-x1-nicotine-pouch-6mg-2/
1609,Apple – IGET SHION X1 Nicotine Pouch 6mg,IGET Shion X1 Nicotine Pouch,,15,AUD,false,true,simple,images/apple-iget-shion-x1-nicotine-pouch-6mg-2.webp,https://aussievapemart.com.au/product/apple-iget-shion-x1-nicotine-pouch-6mg-2/
1608,IGET SHION X1 Nicotine Pouch Bundle (3PCS),IGET Shion X1 Nicotine Pouch,,36,AUD,true,true,simple,images/iget-shion-x1-nicotine-pouch-bundle-3pcs-3.webp,https://aussievapemart.com.au/product/iget-shion-x1-nicotine-pouch-bundle-3pcs-3/
1607,IGET SHION X1 Nicotine Pouch,IGET Shion X1 Nicotine Pouch,,15,AUD,false,true,simple,images/iget-shion-x1-nicotine-pouch-2.webp,https://aussievapemart.com.au/product/iget-shion-x1-nicotine-pouch-2/
1606,Watermelon – IGET Halo Vape Kit 3000 Puffs,IGET Halo Vape Kit,,19.9,AUD,true,true,simple,images/watermelon-iget-halo-vape-kit-3000-puffs-2.webp,https://aussievapemart.com.au/product/watermelon-iget-halo-vape-kit-3000-puffs-2/
1604,Strawberry Watermelon – IGET Halo Vape Kit 3000 Puffs,IGET Halo Vape Kit,,19.9,AUD,true,true,simple,images/strawberry-watermelon-iget-halo-vape-kit-3000-puffs-2.webp,https://aussievapemart.com.au/product/strawberry-watermelon-iget-halo-vape-kit-3000-puffs-2/
1603,Strawberry Watermelon – IGET Halo Pod 3000 Puffs,IGET Halo Pods,,9.9,AUD,true,true,simple,images/strawberry-watermelon-iget-halo-pod-3000-puffs-2.webp,https://aussievapemart.com.au/product/strawberry-watermelon-iget-halo-pod-3000-puffs-2/
1602,Strawberry Kiwifruit – IGET Halo Vape Kit 3000 Puffs,IGET Halo Vape Kit,,19.9,AUD,true,true,simple,images/strawberry-kiwifruit-iget-halo-vape-kit-3000-puffs-2.webp,https://aussievapemart.com.au/product/strawberry-kiwifruit-iget-halo-vape-kit-3000-puffs-2/
1600,Strawberry – IGET Halo Vape Kit 3000 Puffs,IGET Halo Vape Kit,,19.9,AUD,true,true,simple,images/strawberry-iget-halo-vape-kit-3000-puffs-2.webp,https://aussievapemart.com.au/product/strawberry-iget-halo-vape-kit-3000-puffs-2/
1599,Strawberry – IGET Halo Pod 3000 Puffs,IGET Halo Pods,,9.9,AUD,true,true,simple,images/strawberry-iget-halo-pod-3000-puffs-2.webp,https://aussievapemart.com.au/product/strawberry-iget-halo-pod-3000-puffs-2/
1598,Spearmint – IGET Halo Vape Kit 3000 Puffs,IGET Halo Vape Kit,,19.9,AUD,true,true,simple,images/spearmint-iget-halo-vape-kit-3000-puffs-2.webp,https://aussievapemart.com.au/product/spearmint-iget-halo-vape-kit-3000-puffs-2/
1597,Spearmint – IGET Halo Pod 3000 Puffs,IGET Halo Pods,,9.9,AUD,true,true,simple,images/spearmint-iget-halo-pod-3000-puffs-2.webp,https://aussievapemart.com.au/product/spearmint-iget-halo-pod-3000-puffs-2/
1596,Pineapple Kiwifruit – IGET Halo Vape Kit 3000 Puffs,IGET Halo Vape Kit,,19.9,AUD,true,true,simple,images/pineapple-kiwifruit-iget-halo-vape-kit-3000-puffs-2.webp,https://aussievapemart.com.au/product/pineapple-kiwifruit-iget-halo-vape-kit-3000-puffs-2/
1595,Pineapple Kiwifruit – IGET Halo Pod 3000 Puffs,IGET Halo Pods,,9.9,AUD,true,true,simple,images/pineapple-kiwifruit-iget-halo-pod-3000-puffs-2.webp,https://aussievapemart.com.au/product/pineapple-kiwifruit-iget-halo-pod-3000-puffs-2/
1594,IGET Halo Pod 3000 Puffs,IGET Halo Pods,,9.9,AUD,true,true,simple,images/iget-halo-pod-3000-puffs-2.webp,https://aussievapemart.com.au/product/iget-halo-pod-3000-puffs-2/
1593,Grape – IGET Halo Vape Kit 3000 Puffs,IGET Halo Vape Kit,,19.9,AUD,true,true,simple,images/grape-iget-halo-vape-kit-3000-puffs-2.webp,https://aussievapemart.com.au/product/grape-iget-halo-vape-kit-3000-puffs-2/
1592,Grape – IGET Halo Pod 3000 Puffs,IGET Halo Pods,,9.9,AUD,true,true,simple,images/grape-iget-halo-pod-3000-puffs-2.webp,https://aussievapemart.com.au/product/grape-iget-halo-pod-3000-puffs-2/
1591,Cherry Pomegranate – IGET Halo Vape Kit 3000 Puffs,IGET Halo Vape Kit,,19.9,AUD,true,true,simple,images/cherry-pomegranate-iget-halo-vape-kit-3000-puffs-2.webp,https://aussievapemart.com.au/product/cherry-pomegranate-iget-halo-vape-kit-3000-puffs-2/
1590,Cherry Pomegranate – IGET Halo Pod 3000 Puffs,IGET Halo Pods,,9.9,AUD,true,true,simple,images/cherry-pomegranate-iget-halo-pod-3000-puffs-2.webp,https://aussievapemart.com.au/product/cherry-pomegranate-iget-halo-pod-3000-puffs-2/
1589,Blueberry Raspberry – IGET Halo Vape Kit 3000 Puffs,IGET Halo Vape Kit,,19.9,AUD,true,true,simple,images/blueberry-raspberry-iget-halo-vape-kit-3000-puffs-2.webp,https://aussievapemart.com.au/product/blueberry-raspberry-iget-halo-vape-kit-3000-puffs-2/
1588,Blueberry Raspberry – IGET Halo Pod 3000 Puffs,IGET Halo Pods,,9.9,AUD,true,true,simple,images/blueberry-raspberry-iget-halo-pod-3000-puffs-2.webp,https://aussievapemart.com.au/product/blueberry-raspberry-iget-halo-pod-3000-puffs-2/
1587,Blueberry Berry – IGET Halo Vape Kit 3000 Puffs,IGET Halo Vape Kit,,19.9,AUD,true,true,simple,images/blueberry-berry-iget-halo-vape-kit-3000-puffs-2.webp,https://aussievapemart.com.au/product/blueberry-berry-iget-halo-vape-kit-3000-puffs-2/
1586,Blueberry Berry – IGET Halo Pod 3000 Puffs,IGET Halo Pods,,9.9,AUD,true,true,simple,images/blueberry-berry-iget-halo-pod-3000-puffs-2.webp,https://aussievapemart.com.au/product/blueberry-berry-iget-halo-pod-3000-puffs-2/
1585,Blackberry – IGET Halo Vape Kit 3000 Puffs,IGET Halo Vape Kit,,19.9,AUD,true,true,simple,images/blackberry-iget-halo-vape-kit-3000-puffs-2.webp,https://aussievapemart.com.au/product/blackberry-iget-halo-vape-kit-3000-puffs-2/
1584,Blackberry – IGET Halo Pod 3000 Puffs,IGET Halo Pods,,9.9,AUD,true,true,simple,images/blackberry-iget-halo-pod-3000-puffs-2.webp,https://aussievapemart.com.au/product/blackberry-iget-halo-pod-3000-puffs-2/
1583,Banana – IGET Halo Vape Kit 3000 Puffs,IGET Halo Vape Kit,,19.9,AUD,true,true,simple,images/banana-iget-halo-vape-kit-3000-puffs-2.webp,https://aussievapemart.com.au/product/banana-iget-halo-vape-kit-3000-puffs-2/
1582,Banana – IGET Halo Pod 3000 Puffs,IGET Halo Pods,,9.9,AUD,true,true,simple,images/banana-iget-halo-pod-3000-puffs-2.webp,https://aussievapemart.com.au/product/banana-iget-halo-pod-3000-puffs-2/
1581,Apple – IGET Halo Vape Kit 3000 Puffs,IGET Halo Vape Kit,,19.9,AUD,true,true,simple,images/apple-iget-halo-vape-kit-3000-puffs-2.webp,https://aussievapemart.com.au/product/apple-iget-halo-vape-kit-3000-puffs-2/
1580,IGET Halo Starter Kit (1 Vape Kit +2 Prefilled Pod),IGET Halo Vape Kit,,34.9,AUD,true,true,simple,images/iget-halo-starter-kit-1-vape-kit-2-prefilled-pod-3.webp,https://aussievapemart.com.au/product/iget-halo-starter-kit-1-vape-kit-2-prefilled-pod-3/
1579,IGET Halo Vape Kit 3000 Puffs,IGET Halo Vape Kit,,19.9,AUD,true,true,simple,images/iget-halo-vape-kit-3000-puffs-2.webp,https://aussievapemart.com.au/product/iget-halo-vape-kit-3000-puffs-2/
1578,Apple – IGET Halo Pod 3000 Puffs,IGET Halo Pods,,9.9,AUD,true,true,simple,images/apple-iget-halo-pod-3000-puffs-2.webp,https://aussievapemart.com.au/product/apple-iget-halo-pod-3000-puffs-2/
1577,Watermelon Ice – IGET Flare B10000 Puffs,IGET Flare B10000,,59,AUD,true,true,simple,images/watermelon-ice-iget-flare-b10000-puffs.webp,https://aussievapemart.com.au/product/watermelon-ice-iget-flare-b10000-puffs/
1575,Vanilla Custard – IGET Flare B10000 Puffs,IGET Flare B10000,,59,AUD,true,true,simple,images/vanilla-custard-iget-flare-b10000-puffs.webp,https://aussievapemart.com.au/product/vanilla-custard-iget-flare-b10000-puffs/
1573,Strawberry Ice – IGET Flare B10000 Puffs,IGET Flare B10000,,59,AUD,true,true,simple,images/strawberry-ice-iget-flare-b10000-puffs.webp,https://aussievapemart.com.au/product/strawberry-ice-iget-flare-b10000-puffs/
1571,Popcorn – IGET Flare B10000 Puffs,IGET Flare B10000,,59,AUD,true,true,simple,images/popcorn-iget-flare-b10000-puffs.webp,https://aussievapemart.com.au/product/popcorn-iget-flare-b10000-puffs/
1569,Orange Bark Tobacco – IGET Flare B10000 Puffs,IGET Flare B10000,,59,AUD,true,true,simple,images/orange-bark-tobacco-iget-flare-b10000-puffs.webp,https://aussievapemart.com.au/product/orange-bark-tobacco-iget-flare-b10000-puffs/
1567,Mountain Spring Mint – IGET Flare B10000 Puffs,IGET Flare B10000,,59,AUD,true,true,simple,images/mountain-spring-mint-iget-flare-b10000-puffs.webp,https://aussievapemart.com.au/product/mountain-spring-mint-iget-flare-b10000-puffs/
1565,IGET Halo Pod 3000 Puffs Bundle (5PCS),IGET Halo Pods,,39.9,AUD,true,true,simple,images/iget-halo-pod-3000-puffs-bundle-5pcs-2.webp,https://aussievapemart.com.au/product/iget-halo-pod-3000-puffs-bundle-5pcs-2/
1564,Double Apple – IGET Flare B10000 Puffs,IGET Flare B10000,,59,AUD,true,true,simple,images/double-apple-iget-flare-b10000-puffs.webp,https://aussievapemart.com.au/product/double-apple-iget-flare-b10000-puffs/
1562,Cranberry Raspberry Ice – IGET Flare B10000 Puffs,IGET Flare B10000,,59,AUD,true,true,simple,images/cranberry-raspberry-ice-iget-flare-b10000-puffs.webp,https://aussievapemart.com.au/product/cranberry-raspberry-ice-iget-flare-b10000-puffs/
1560,Blueberry Mint – IGET Flare B10000 Puffs,IGET Flare B10000,,59,AUD,true,true,simple,images/blueberry-mint-iget-flare-b10000-puffs.webp,https://aussievapemart.com.au/product/blueberry-mint-iget-flare-b10000-puffs/
1558,Blackberry Ice – IGET Flare B10000 Puffs,IGET Flare B10000,,59,AUD,true,true,simple,images/blackberry-ice-iget-flare-b10000-puffs.webp,https://aussievapemart.com.au/product/blackberry-ice-iget-flare-b10000-puffs/
1556,Dragon Fruit Lemon Ice – IGET Moon 5000 Puffs,IGET Moon,,49.9,AUD,true,true,simple,images/dragon-fruit-lemon-ice-iget-moon-5000-puffs.webp,https://aussievapemart.com.au/product/dragon-fruit-lemon-ice-iget-moon-5000-puffs/
1554,Double Apple Ice – IGET Moon 5000 Puffs,IGET Moon,,49.9,AUD,true,true,simple,images/double-apple-ice-iget-moon-5000-puffs.webp,https://aussievapemart.com.au/product/double-apple-ice-iget-moon-5000-puffs/
1552,Strawberry Kiwi Ice – IGET Moon 5000 Puffs,IGET Moon,,49.9,AUD,true,true,simple,images/strawberry-kiwi-ice-iget-moon-5000-puffs.webp,https://aussievapemart.com.au/product/strawberry-kiwi-ice-iget-moon-5000-puffs/
1550,Pomegranate Kiwi Ice- IGET Moon 5000 Puffs,IGET Moon,,49.9,AUD,true,true,simple,images/pomegranate-kiwi-ice-iget-moon-5000-puffs.webp,https://aussievapemart.com.au/product/pomegranate-kiwi-ice-iget-moon-5000-puffs/
1548,Pineapple Coconut – IGET Moon 5000 Puffs,IGET Moon,,49.9,AUD,true,true,simple,images/pineapple-coconut-iget-moon-5000-puffs.webp,https://aussievapemart.com.au/product/pineapple-coconut-iget-moon-5000-puffs/
1546,Orange Peel Apple Ice – IGET Moon 5000 Puffs,IGET Moon,,49.9,AUD,true,true,simple,images/orange-peel-apple-ice-iget-moon-5000-puffs.webp,https://aussievapemart.com.au/product/orange-peel-apple-ice-iget-moon-5000-puffs/
1544,Pineapple Kiwi Ice – IGET Moon 5000 Puffs,IGET Moon,,49.9,AUD,true,true,simple,images/pineapple-kiwi-ice-iget-moon-5000-puffs.webp,https://aussievapemart.com.au/product/pineapple-kiwi-ice-iget-moon-5000-puffs/
1542,Melon Pineapple Orange – IGET Moon 5000 Puffs,IGET Moon,,49.9,AUD,true,true,simple,images/melon-pineapple-orange-iget-moon-5000-puffs.webp,https://aussievapemart.com.au/product/melon-pineapple-orange-iget-moon-5000-puffs/
1540,Banana Ice – IGET Moon 5000 Puffs,IGET Moon,,49.9,AUD,true,true,simple,images/banana-ice-iget-moon-5000-puffs.webp,https://aussievapemart.com.au/product/banana-ice-iget-moon-5000-puffs/
1538,Passion Fruit Lychee – IGET Moon 5000 Puffs,IGET Moon,,49.9,AUD,true,true,simple,images/passion-fruit-lychee-iget-moon-5000-puffs.webp,https://aussievapemart.com.au/product/passion-fruit-lychee-iget-moon-5000-puffs/
1536,Strawberry Watermelon – IGET Moon 5000 Puffs,IGET Moon,,49.9,AUD,true,true,simple,images/strawberry-watermelon-iget-moon-5000-puffs.webp,https://aussievapemart.com.au/product/strawberry-watermelon-iget-moon-5000-puffs/
1534,Watermelon Ice – IGET Moon 5000 Puffs,IGET Moon,,49.9,AUD,true,true,simple,images/watermelon-ice-iget-moon-5000-puffs.webp,https://aussievapemart.com.au/product/watermelon-ice-iget-moon-5000-puffs/
1532,Peach Apple Ice – IGET Moon 5000 Puffs,IGET Moon,,49.9,AUD,true,true,simple,images/peach-apple-ice-iget-moon-5000-puffs.webp,https://aussievapemart.com.au/product/peach-apple-ice-iget-moon-5000-puffs/
1530,Watermelon Apple – IGET Moon 5000 Puffs,IGET Moon,,49.9,AUD,true,true,simple,images/watermelon-apple-iget-moon-5000-puffs.webp,https://aussievapemart.com.au/product/watermelon-apple-iget-moon-5000-puffs/
1528,Cherry Snow Pear Ice – IGET Moon 5000 Puffs,IGET Moon,,49.9,AUD,true,true,simple,images/cherry-snow-pear-ice-iget-moon-5000-puffs.webp,https://aussievapemart.com.au/product/cherry-snow-pear-ice-iget-moon-5000-puffs/
1526,Grape Ice – IGET Moon 5000 Puffs,IGET Moon,,49.9,AUD,true,true,simple,images/grape-ice-iget-moon-5000-puffs.webp,https://aussievapemart.com.au/product/grape-ice-iget-moon-5000-puffs/
1524,Blueberry Raspberry Ice – IGET Moon 5000 Puffs,IGET Moon,,49.9,AUD,true,true,simple,images/blueberry-raspberry-ice-iget-moon-5000-puffs.webp,https://aussievapemart.com.au/product/blueberry-raspberry-ice-iget-moon-5000-puffs/
1522,Passion Fruit Kiwi Guava Ice – IGET Moon 5000 Puffs,IGET Moon,,49.9,AUD,true,true,simple,images/passion-fruit-kiwi-guava-ice-iget-moon-5000-puffs.webp,https://aussievapemart.com.au/product/passion-fruit-kiwi-guava-ice-iget-moon-5000-puffs/
1520,Golden Tobacco – IGET Moon 5000 Puffs,IGET Moon,,49.9,AUD,true,true,simple,images/golden-tobacco-iget-moon-5000-puffs.webp,https://aussievapemart.com.au/product/golden-tobacco-iget-moon-5000-puffs/
1518,IGET Moon Bundle (4PCS),IGET Vapes Bulk Buy,,179.6,AUD,true,true,simple,images/iget-moon-bundle-4pcs-2.webp,https://aussievapemart.com.au/product/iget-moon-bundle-4pcs-2/
1517,IGET Moon 5000 Puffs,IGET Moon,,44.9,AUD,false,true,simple,images/iget-moon-5000-puffs.webp,https://aussievapemart.com.au/product/iget-moon-5000-puffs/
1515,Strawberry Orange Green Ice – IGET Moon 5000 Puffs,IGET Moon,,44.9,AUD,true,true,simple,images/strawberry-orange-green-ice-iget-moon-5000-puffs.webp,https://aussievapemart.com.au/product/strawberry-orange-green-ice-iget-moon-5000-puffs/
1513,Watermelon – IGET Halo Vape Kit 3000 Puffs,IGET Halo Vape Kit,,19.9,AUD,true,true,simple,images/watermelon-iget-halo-vape-kit-3000-puffs.webp,https://aussievapemart.com.au/product/watermelon-iget-halo-vape-kit-3000-puffs/
1511,Strawberry Watermelon – IGET Halo Vape Kit 3000 Puffs,IGET Halo Vape Kit,,19.9,AUD,true,true,simple,images/strawberry-watermelon-iget-halo-vape-kit-3000-puffs.webp,https://aussievapemart.com.au/product/strawberry-watermelon-iget-halo-vape-kit-3000-puffs/
1509,Strawberry Kiwifruit – IGET Halo Vape Kit 3000 Puffs,IGET Halo Vape Kit,,19.9,AUD,true,true,simple,images/strawberry-kiwifruit-iget-halo-vape-kit-3000-puffs.webp,https://aussievapemart.com.au/product/strawberry-kiwifruit-iget-halo-vape-kit-3000-puffs/
1507,Strawberry – IGET Halo Vape Kit 3000 Puffs,IGET Halo Vape Kit,,19.9,AUD,true,true,simple,images/strawberry-iget-halo-vape-kit-3000-puffs.webp,https://aussievapemart.com.au/product/strawberry-iget-halo-vape-kit-3000-puffs/
1505,Spearmint – IGET Halo Vape Kit 3000 Puffs,IGET Halo Vape Kit,,19.9,AUD,true,true,simple,images/spearmint-iget-halo-vape-kit-3000-puffs.webp,https://aussievapemart.com.au/product/spearmint-iget-halo-vape-kit-3000-puffs/
1503,Pineapple Kiwifruit – IGET Halo Vape Kit 3000 Puffs,IGET Halo Vape Kit,,19.9,AUD,true,true,simple,images/pineapple-kiwifruit-iget-halo-vape-kit-3000-puffs.webp,https://aussievapemart.com.au/product/pineapple-kiwifruit-iget-halo-vape-kit-3000-puffs/
1501,Grape – IGET Halo Vape Kit 3000 Puffs,IGET Halo Vape Kit,,19.9,AUD,true,true,simple,images/grape-iget-halo-vape-kit-3000-puffs.webp,https://aussievapemart.com.au/product/grape-iget-halo-vape-kit-3000-puffs/
1499,Cherry Pomegranate – IGET Halo Vape Kit 3000 Puffs,IGET Halo Vape Kit,,19.9,AUD,true,true,simple,images/cherry-pomegranate-iget-halo-vape-kit-3000-puffs.webp,https://aussievapemart.com.au/product/cherry-pomegranate-iget-halo-vape-kit-3000-puffs/
1497,Blueberry Raspberry – IGET Halo Vape Kit 3000 Puffs,IGET Halo Vape Kit,,19.9,AUD,true,true,simple,images/blueberry-raspberry-iget-halo-vape-kit-3000-puffs.webp,https://aussievapemart.com.au/product/blueberry-raspberry-iget-halo-vape-kit-3000-puffs/
1495,Blueberry Berry – IGET Halo Vape Kit 3000 Puffs,IGET Halo Vape Kit,,19.9,AUD,true,true,simple,images/blueberry-berry-iget-halo-vape-kit-3000-puffs.webp,https://aussievapemart.com.au/product/blueberry-berry-iget-halo-vape-kit-3000-puffs/
1493,Blackberry – IGET Halo Vape Kit 3000 Puffs,IGET Halo Vape Kit,,19.9,AUD,true,true,simple,images/blackberry-iget-halo-vape-kit-3000-puffs.webp,https://aussievapemart.com.au/product/blackberry-iget-halo-vape-kit-3000-puffs/
1491,Banana – IGET Halo Vape Kit 3000 Puffs,IGET Halo Vape Kit,,19.9,AUD,true,true,simple,images/banana-iget-halo-vape-kit-3000-puffs.webp,https://aussievapemart.com.au/product/banana-iget-halo-vape-kit-3000-puffs/
1489,Apple – IGET Halo Vape Kit 3000 Puffs,IGET Halo Vape Kit,,19.9,AUD,true,true,simple,images/apple-iget-halo-vape-kit-3000-puffs.webp,https://aussievapemart.com.au/product/apple-iget-halo-vape-kit-3000-puffs/
1487,IGET Halo Starter Kit (1 Vape Kit +2 Prefilled Pod),IGET Halo Vape Kit,,34.9,AUD,true,true,simple,images/iget-halo-starter-kit-1-vape-kit-2-prefilled-pod-2.webp,https://aussievapemart.com.au/product/iget-halo-starter-kit-1-vape-kit-2-prefilled-pod-2/
1486,IGET Halo Vape Kit 3000 Puffs,IGET Halo Vape Kit,,19.9,AUD,true,true,simple,images/iget-halo-vape-kit-3000-puffs.webp,https://aussievapemart.com.au/product/iget-halo-vape-kit-3000-puffs/
1484,Watermelon – IGET Halo Pod 3000 Puffs,IGET Halo Pods,,9.9,AUD,true,true,simple,images/watermelon-iget-halo-pod-3000-puffs.webp,https://aussievapemart.com.au/product/watermelon-iget-halo-pod-3000-puffs/
1482,Strawberry Watermelon – IGET Halo Pod 3000 Puffs,IGET Halo Pods,,9.9,AUD,true,true,simple,images/strawberry-watermelon-iget-halo-pod-3000-puffs.webp,https://aussievapemart.com.au/product/strawberry-watermelon-iget-halo-pod-3000-puffs/
1480,Strawberry Kiwifruit – IGET Halo Pod 3000 Puffs,IGET Halo Pods,,9.9,AUD,true,true,simple,images/strawberry-kiwifruit-iget-halo-pod-3000-puffs.webp,https://aussievapemart.com.au/product/strawberry-kiwifruit-iget-halo-pod-3000-puffs/
1478,Strawberry – IGET Halo Pod 3000 Puffs,IGET Halo Pods,,9.9,AUD,true,true,simple,images/strawberry-iget-halo-pod-3000-puffs.webp,https://aussievapemart.com.au/product/strawberry-iget-halo-pod-3000-puffs/
1476,Spearmint – IGET Halo Pod 3000 Puffs,IGET Halo Pods,,9.9,AUD,true,true,simple,images/spearmint-iget-halo-pod-3000-puffs.webp,https://aussievapemart.com.au/product/spearmint-iget-halo-pod-3000-puffs/
1474,Pineapple Kiwifruit – IGET Halo Pod 3000 Puffs,IGET Halo Pods,,9.9,AUD,true,true,simple,images/pineapple-kiwifruit-iget-halo-pod-3000-puffs.webp,https://aussievapemart.com.au/product/pineapple-kiwifruit-iget-halo-pod-3000-puffs/
1472,IGET Halo Pod 3000 Puffs,IGET Halo Pods,,9.9,AUD,true,true,simple,images/iget-halo-pod-3000-puffs.webp,https://aussievapemart.com.au/product/iget-halo-pod-3000-puffs/
1471,Grape – IGET Halo Pod 3000 Puffs,IGET Halo Pods,,9.9,AUD,true,true,simple,images/grape-iget-halo-pod-3000-puffs.webp,https://aussievapemart.com.au/product/grape-iget-halo-pod-3000-puffs/
1469,Cherry Pomegranate – IGET Halo Pod 3000 Puffs,IGET Halo Pods,,9.9,AUD,true,true,simple,images/cherry-pomegranate-iget-halo-pod-3000-puffs.webp,https://aussievapemart.com.au/product/cherry-pomegranate-iget-halo-pod-3000-puffs/
1467,Blueberry Raspberry – IGET Halo Pod 3000 Puffs,IGET Halo Pods,,9.9,AUD,true,true,simple,images/blueberry-raspberry-iget-halo-pod-3000-puffs.webp,https://aussievapemart.com.au/product/blueberry-raspberry-iget-halo-pod-3000-puffs/
1465,Blueberry Berry – IGET Halo Pod 3000 Puffs,IGET Halo Pods,,9.9,AUD,true,true,simple,images/blueberry-berry-iget-halo-pod-3000-puffs.webp,https://aussievapemart.com.au/product/blueberry-berry-iget-halo-pod-3000-puffs/
1463,Blackberry – IGET Halo Pod 3000 Puffs,IGET Halo Pods,,9.9,AUD,true,true,simple,images/blackberry-iget-halo-pod-3000-puffs.webp,https://aussievapemart.com.au/product/blackberry-iget-halo-pod-3000-puffs/
1461,Banana – IGET Halo Pod 3000 Puffs,IGET Halo Pods,,9.9,AUD,true,true,simple,images/banana-iget-halo-pod-3000-puffs.webp,https://aussievapemart.com.au/product/banana-iget-halo-pod-3000-puffs/
1459,Apple – IGET Halo Pod 3000 Puffs,IGET Halo Pods,,9.9,AUD,true,true,simple,images/apple-iget-halo-pod-3000-puffs.webp,https://aussievapemart.com.au/product/apple-iget-halo-pod-3000-puffs/
1457,IGET Halo Pod 3000 Puffs Bundle (5PCS),IGET Halo Pods,,39.9,AUD,true,true,simple,images/iget-halo-pod-3000-puffs-bundle-5pcs.webp,https://aussievapemart.com.au/product/iget-halo-pod-3000-puffs-bundle-5pcs/
1455,Blueberry Raspberry – IGET Bar 3500 Puffs,IGET Bar,,44.9,AUD,false,true,simple,images/blueberry-raspberry-iget-bar-3500-puffs.jpg,https://aussievapemart.com.au/product/blueberry-raspberry-iget-bar-3500-puffs/
1453,Cherry Blueberry – IGET Bar 3500 Puffs,IGET Bar,,44.9,AUD,false,true,simple,images/cherry-blueberry-iget-bar-3500-puffs.jpg,https://aussievapemart.com.au/product/cherry-blueberry-iget-bar-3500-puffs/
1451,Watermelon Mint Ice – IGET Bar 3500 Puffs,IGET Bar,,44.9,AUD,false,true,simple,images/watermelon-mint-ice-iget-bar-3500-puffs.jpg,https://aussievapemart.com.au/product/watermelon-mint-ice-iget-bar-3500-puffs/
1449,Strawberry Kiwi Ice – IGET Bar 3500 Puffs,IGET Bar,,44.9,AUD,false,true,simple,images/strawberry-kiwi-ice-iget-bar-3500-puffs.jpg,https://aussievapemart.com.au/product/strawberry-kiwi-ice-iget-bar-3500-puffs/
1447,Strawberry Watermelon Ice – IGET Bar 3500 Puffs,IGET Bar,,44.9,AUD,false,true,simple,images/strawberry-watermelon-ice-iget-bar-3500-puffs.jpg,https://aussievapemart.com.au/product/strawberry-watermelon-ice-iget-bar-3500-puffs/
1445,Blackberry Ice – IGET Bar 3500 Puffs,IGET Bar,,44.9,AUD,false,true,simple,images/blackberry-ice-iget-bar-3500-puffs.jpg,https://aussievapemart.com.au/product/blackberry-ice-iget-bar-3500-puffs/
1443,Grape Ice – IGET Bar 3500 Puffs,IGET Bar,,44.9,AUD,false,true,simple,images/grape-ice-iget-bar-3500-puffs.jpg,https://aussievapemart.com.au/product/grape-ice-iget-bar-3500-puffs/
1441,Mango Ice – IGET Bar 3500 Puffs,IGET Bar,,44.9,AUD,false,true,simple,images/mango-ice-iget-bar-3500-puffs.jpg,https://aussievapemart.com.au/product/mango-ice-iget-bar-3500-puffs/
1439,Double Apple – IGET Bar 3500 Puffs,IGET Bar,,44.9,AUD,false,true,simple,images/double-apple-iget-bar-3500-puffs.jpg,https://aussievapemart.com.au/product/double-apple-iget-bar-3500-puffs/
1437,Passion Fruit Kiwi Guava – IGET Bar 3500 Puffs,IGET Bar,,44.9,AUD,false,true,simple,images/passion-fruit-kiwi-guava-iget-bar-3500-puffs.jpg,https://aussievapemart.com.au/product/passion-fruit-kiwi-guava-iget-bar-3500-puffs/
1435,Blackberry Raspberry Lemon – IGET Bar 3500 Puffs,IGET Bar,,44.9,AUD,false,true,simple,images/blackberry-raspberry-lemon-iget-bar-3500-puffs.jpg,https://aussievapemart.com.au/product/blackberry-raspberry-lemon-iget-bar-3500-puffs/
1433,Banana Pomegranate Cherry Ice – IGET Bar 3500 Puffs,IGET Bar,,44.9,AUD,false,true,simple,images/banana-pomegranate-cherry-ice-iget-bar-3500-puffs.jpg,https://aussievapemart.com.au/product/banana-pomegranate-cherry-ice-iget-bar-3500-puffs/
1431,Ice Cream – IGET Bar 3500 Puffs,IGET Bar,,44.9,AUD,false,true,simple,images/ice-cream-iget-bar-3500-puffs.jpg,https://aussievapemart.com.au/product/ice-cream-iget-bar-3500-puffs/
1429,Strawberry Lemon Ice – IGET Bar 3500 Puffs,IGET Bar,,44.9,AUD,false,true,simple,images/strawberry-lemon-ice-iget-bar-3500-puffs.jpg,https://aussievapemart.com.au/product/strawberry-lemon-ice-iget-bar-3500-puffs/
1427,Cola Ice – IGET Bar 3500 Puffs,IGET Bar,,44.9,AUD,false,true,simple,images/cola-ice-iget-bar-3500-puffs.jpg,https://aussievapemart.com.au/product/cola-ice-iget-bar-3500-puffs/
1425,Cherry Pomegranate – IGET Bar 3500 Puffs,IGET Bar,,39.9,AUD,false,true,simple,images/cherry-pomegranate-iget-bar-3500-puffs.jpg,https://aussievapemart.com.au/product/cherry-pomegranate-iget-bar-3500-puffs/
1423,Orange Mango Pineapple Ice – IGET Bar 3500 Puffs,IGET Bar,,44.9,AUD,false,true,simple,images/orange-mango-pineapple-ice-iget-bar-3500-puffs.jpg,https://aussievapemart.com.au/product/orange-mango-pineapple-ice-iget-bar-3500-puffs/
1421,Passion Fruit Watermelon Juice – IGET Bar 3500 Puffs,IGET Bar,,44.9,AUD,false,true,simple,images/passion-fruit-watermelon-juice-iget-bar-3500-puffs.jpg,https://aussievapemart.com.au/product/passion-fruit-watermelon-juice-iget-bar-3500-puffs/
1419,Blueberry Ice – IGET Bar 3500 Puffs,IGET Bar,,44.9,AUD,false,true,simple,images/blueberry-ice-iget-bar-3500-puffs.jpg,https://aussievapemart.com.au/product/blueberry-ice-iget-bar-3500-puffs/
1417,Kiwi Pineapple Ice – IGET Bar 3500 Puffs,IGET Bar,,44.9,AUD,false,true,simple,images/kiwi-pineapple-ice-iget-bar-3500-puffs.jpg,https://aussievapemart.com.au/product/kiwi-pineapple-ice-iget-bar-3500-puffs/
1415,Melon Ice – IGET Bar 3500 Puffs,IGET Bar,,44.9,AUD,false,true,simple,images/melon-ice-iget-bar-3500-puffs.webp,https://aussievapemart.com.au/product/melon-ice-iget-bar-3500-puffs/
1413,Blackberry Pomegranate Cherry Ice – IGET Bar 3500 Puffs,IGET Bar,,44.9,AUD,false,true,simple,images/blackberry-pomegranate-cherry-ice-iget-bar-3500-puffs.jpg,https://aussievapemart.com.au/product/blackberry-pomegranate-cherry-ice-iget-bar-3500-puffs/
1411,Pineapple Ice – IGET Bar 3500 Puffs,IGET Bar,,44.9,AUD,false,true,simple,images/pineapple-ice-iget-bar-3500-puffs.jpg,https://aussievapemart.com.au/product/pineapple-ice-iget-bar-3500-puffs/
1409,Mixed Berry – IGET Bar 3500 Puffs,IGET Bar,,44.9,AUD,false,true,simple,images/mixed-berry-iget-bar-3500-puffs.jpg,https://aussievapemart.com.au/product/mixed-berry-iget-bar-3500-puffs/
1407,Banana Ice – IGET Bar 3500 Puffs,IGET Bar,,44.9,AUD,false,true,simple,images/banana-ice-iget-bar-3500-puffs.jpg,https://aussievapemart.com.au/product/banana-ice-iget-bar-3500-puffs/
1405,Passion Fruit Mango Lime – IGET Bar 3500 Puffs,IGET Bar,,44.9,AUD,false,true,simple,images/passion-fruit-mango-lime-iget-bar-3500-puffs.jpg,https://aussievapemart.com.au/product/passion-fruit-mango-lime-iget-bar-3500-puffs/
1403,Raspberry Grape – IGET Bar 3500 Puffs,IGET Bar,,44.9,AUD,false,true,simple,images/raspberry-grape-iget-bar-3500-puffs.jpg,https://aussievapemart.com.au/product/raspberry-grape-iget-bar-3500-puffs/
1401,Peach Ice – IGET Bar 3500 Puffs,IGET Bar,,44.9,AUD,false,true,simple,images/peach-ice-iget-bar-3500-puffs.jpg,https://aussievapemart.com.au/product/peach-ice-iget-bar-3500-puffs/
1399,Strawberry Watermelon Hard Candy – IGET Bar 3500 Puffs,IGET Bar,,44.9,AUD,false,true,simple,images/strawberry-watermelon-hard-candy-iget-bar-3500-puffs.webp,https://aussievapemart.com.au/product/strawberry-watermelon-hard-candy-iget-bar-3500-puffs/
1397,Lush Ice – IGET Bar 3500 Puffs,IGET Bar,,44.9,AUD,false,true,simple,images/lush-ice-iget-bar-3500-puffs.jpg,https://aussievapemart.com.au/product/lush-ice-iget-bar-3500-puffs/
1395,Strawberry Lychee Ice – IGET Bar 3500 Puffs,IGET Bar,,44.9,AUD,false,true,simple,images/strawberry-lychee-ice-iget-bar-3500-puffs.webp,https://aussievapemart.com.au/product/strawberry-lychee-ice-iget-bar-3500-puffs/
1393,Quadruple Berry – IGET Bar 3500 Puffs,IGET Bar,,44.9,AUD,false,true,simple,images/quadruple-berry-iget-bar-3500-puffs.webp,https://aussievapemart.com.au/product/quadruple-berry-iget-bar-3500-puffs/
1391,Black Forest – IGET Bar 3500 Puffs,IGET Bar,,44.9,AUD,false,true,simple,images/black-forest-iget-bar-3500-puffs.webp,https://aussievapemart.com.au/product/black-forest-iget-bar-3500-puffs/
1389,IGET Bar Bundle (5PCS),IGET Bar,,199.9,AUD,true,true,simple,images/iget-bar-bundle-5pcs-2.webp,https://aussievapemart.com.au/product/iget-bar-bundle-5pcs-2/
1388,IGET Bar 3500 Puffs,IGET Bar,,39.9,AUD,false,true,simple,images/iget-bar-3500-puffs.jpg,https://aussievapemart.com.au/product/iget-bar-3500-puffs/
1386,Strawberry Raspberry – IGET Bar 3500 Puffs,IGET Bar,,44.9,AUD,false,true,simple,images/strawberry-raspberry-iget-bar-3500-puffs.jpg,https://aussievapemart.com.au/product/strawberry-raspberry-iget-bar-3500-puffs/
1384,Orange Grapefruit Lemon – IGET B5000,IGET B5000,,46.9,AUD,false,true,simple,images/orange-grapefruit-lemon-iget-b5000.webp,https://aussievapemart.com.au/product/orange-grapefruit-lemon-iget-b5000/
1382,Mountain Spring Mint – IGET B5000,IGET B5000,,46.9,AUD,false,true,simple,images/mountain-spring-mint-iget-b5000.webp,https://aussievapemart.com.au/product/mountain-spring-mint-iget-b5000/
1380,Sakura Grape – IGET B5000,IGET B5000,,46.9,AUD,false,true,simple,images/sakura-grape-iget-b5000.webp,https://aussievapemart.com.au/product/sakura-grape-iget-b5000/
1378,Cherry Cola – IGET B5000,IGET B5000,,46.9,AUD,false,true,simple,images/cherry-cola-iget-b5000.webp,https://aussievapemart.com.au/product/cherry-cola-iget-b5000/
1376,Double Apple Ice – IGET B5000,IGET B5000,,46.9,AUD,false,true,simple,images/double-apple-ice-iget-b5000.webp,https://aussievapemart.com.au/product/double-apple-ice-iget-b5000/
1374,Strawberry Kiwi Ice – IGET B5000,IGET B5000,,46.9,AUD,false,true,simple,images/strawberry-kiwi-ice-iget-b5000.webp,https://aussievapemart.com.au/product/strawberry-kiwi-ice-iget-b5000/
1372,Strawberry Pitaya – IGET B5000,IGET B5000,,46.9,AUD,false,true,simple,images/strawberry-pitaya-iget-b5000.webp,https://aussievapemart.com.au/product/strawberry-pitaya-iget-b5000/
1370,Passion Fruit Mango Ice – IGET B5000,IGET B5000,,46.9,AUD,false,true,simple,images/passion-fruit-mango-ice-iget-b5000.webp,https://aussievapemart.com.au/product/passion-fruit-mango-ice-iget-b5000/
1368,Blueberry Razz – IGET B5000,IGET B5000,,46.9,AUD,false,true,simple,images/blueberry-razz-iget-b5000.webp,https://aussievapemart.com.au/product/blueberry-razz-iget-b5000/
1366,Watermelon Ice – IGET B5000,IGET B5000,,39.9,AUD,true,true,simple,images/watermelon-ice-iget-b5000.webp,https://aussievapemart.com.au/product/watermelon-ice-iget-b5000/
1364,Green Plum Ice – IGET B5000,IGET B5000,,46.9,AUD,false,true,simple,images/green-plum-ice-iget-b5000.webp,https://aussievapemart.com.au/product/green-plum-ice-iget-b5000/
1362,IGET B5000 Bundle (4PCS),IGET B5000,,179.6,AUD,true,true,simple,images/iget-b5000-bundle-4pcs-2.webp,https://aussievapemart.com.au/product/iget-b5000-bundle-4pcs-2/
1361,IGET B5000 Rechargeable Vape,IGET B5000,,39.9,AUD,false,true,simple,images/iget-b5000-rechargeable-vape.jpg,https://aussievapemart.com.au/product/iget-b5000-rechargeable-vape/
1359,Lychee Blackcurrant – IGET B5000,IGET B5000,,46.9,AUD,false,true,simple,images/lychee-blackcurrant-iget-b5000.webp,https://aussievapemart.com.au/product/lychee-blackcurrant-iget-b5000/
1357,Blueberry Raspberry Lemon – IGET B5000,IGET B5000,,46.9,AUD,false,true,simple,images/blueberry-raspberry-lemon-iget-b5000.webp,https://aussievapemart.com.au/product/blueberry-raspberry-lemon-iget-b5000/
1355,Cola Lemon Soda – IGET Legend 4000 Puffs,IGET Legend,,46.9,AUD,true,true,simple,images/cola-lemon-soda-iget-legend-4000-puffs.webp,https://aussievapemart.com.au/product/cola-lemon-soda-iget-legend-4000-puffs/
1353,Blueberry Raspberry Grape Ice – IGET Legend 4000 Puffs,IGET Legend,,46.9,AUD,true,true,simple,images/blueberry-raspberry-grape-ice-iget-legend-4000-puffs.webp,https://aussievapemart.com.au/product/blueberry-raspberry-grape-ice-iget-legend-4000-puffs/
1351,Melon Strawberry Cherry – IGET Legend 4000 Puffs,IGET Legend,,46.9,AUD,true,true,simple,images/melon-strawberry-cherry-iget-legend-4000-puffs.webp,https://aussievapemart.com.au/product/melon-strawberry-cherry-iget-legend-4000-puffs/
1349,Aloe Mango Cantaloupe – IGET Legend 4000 Puffs,IGET Legend,,46.9,AUD,true,true,simple,images/aloe-mango-cantaloupe-iget-legend-4000-puffs.webp,https://aussievapemart.com.au/product/aloe-mango-cantaloupe-iget-legend-4000-puffs/
1347,Pineapple Watermelon Lemon Ice – IGET Legend 4000 Puffs,IGET Legend,,46.9,AUD,true,true,simple,images/pineapple-watermelon-lemon-ice-iget-legend-4000-puffs.webp,https://aussievapemart.com.au/product/pineapple-watermelon-lemon-ice-iget-legend-4000-puffs/
1345,Blueberry Berries Blackcurrant – IGET Legend 4000 Puffs,IGET Legend,,46.9,AUD,true,true,simple,images/blueberry-berries-blackcurrant-iget-legend-4000-puffs.webp,https://aussievapemart.com.au/product/blueberry-berries-blackcurrant-iget-legend-4000-puffs/
1343,Grape Ice – IGET Legend 4000 Puffs,IGET Legend,,46.9,AUD,true,true,simple,images/grape-ice-iget-legend-4000-puffs.webp,https://aussievapemart.com.au/product/grape-ice-iget-legend-4000-puffs/
1341,Peach Strawberry Ice – IGET Legend 4000 Puffs,IGET Legend,,46.9,AUD,true,true,simple,images/peach-strawberry-ice-iget-legend-4000-puffs.webp,https://aussievapemart.com.au/product/peach-strawberry-ice-iget-legend-4000-puffs/
1339,Passion Fruit Watermelon Ice – IGET Legend 4000 Puffs,IGET Legend,,46.9,AUD,true,true,simple,images/passion-fruit-watermelon-ice-iget-legend-4000-puffs.webp,https://aussievapemart.com.au/product/passion-fruit-watermelon-ice-iget-legend-4000-puffs/
1337,Mango Banana Ice – IGET Legend 4000 Puffs,IGET Legend,,46.9,AUD,true,true,simple,images/mango-banana-ice-iget-legend-4000-puffs.webp,https://aussievapemart.com.au/product/mango-banana-ice-iget-legend-4000-puffs/
1335,Lush Ice – IGET Legend 4000 Puffs,IGET Legend,,46.9,AUD,true,true,simple,images/lush-ice-iget-legend-4000-puffs.webp,https://aussievapemart.com.au/product/lush-ice-iget-legend-4000-puffs/
1333,Fresh Mint – IGET Legend 4000 Puffs,IGET Legend,,46.9,AUD,true,true,simple,images/fresh-mint-iget-legend-4000-puffs.webp,https://aussievapemart.com.au/product/fresh-mint-iget-legend-4000-puffs/
1331,Blueberry Blackberry Ice – IGET Legend 4000 Puffs,IGET Legend,,46.9,AUD,true,true,simple,images/blueberry-blackberry-ice-iget-legend-4000-puffs.webp,https://aussievapemart.com.au/product/blueberry-blackberry-ice-iget-legend-4000-puffs/
1329,Blackberry Ice – IGET Legend 4000 Puffs,IGET Legend,,46.9,AUD,true,true,simple,images/blackberry-ice-iget-legend-4000-puffs.webp,https://aussievapemart.com.au/product/blackberry-ice-iget-legend-4000-puffs/
1327,Peach Guava Strawberry Ice – IGET Legend 4000 Puffs,IGET Legend,,46.9,AUD,true,true,simple,images/peach-guava-strawberry-ice-iget-legend-4000-puffs.webp,https://aussievapemart.com.au/product/peach-guava-strawberry-ice-iget-legend-4000-puffs/
1325,Raspberry Watermelon Lemon – IGET Legend 4000 Puffs,IGET Legend,,46.9,AUD,true,true,simple,images/raspberry-watermelon-lemon-iget-legend-4000-puffs.webp,https://aussievapemart.com.au/product/raspberry-watermelon-lemon-iget-legend-4000-puffs/
1323,IGET Legend Bundle (5PCS),IGET Legend,,199.5,AUD,true,true,simple,images/iget-legend-bundle-5pcs-2.webp,https://aussievapemart.com.au/product/iget-legend-bundle-5pcs-2/
1322,IGET Legend 4000 Puffs,IGET Legend,,39.9,AUD,false,true,simple,images/iget-legend-4000-puffs.webp,https://aussievapemart.com.au/product/iget-legend-4000-puffs/
1320,Pink Lemon Orange Ice – IGET Legend 4000 Puffs,IGET Legend,,46.9,AUD,true,true,simple,images/pink-lemon-orange-ice-iget-legend-4000-puffs.webp,https://aussievapemart.com.au/product/pink-lemon-orange-ice-iget-legend-4000-puffs/
1318,Strawberry Watermelon – IGET Legend 4000 Puffs,IGET Legend,,39.9,AUD,true,true,simple,images/strawberry-watermelon-iget-legend-4000-puffs.webp,https://aussievapemart.com.au/product/strawberry-watermelon-iget-legend-4000-puffs/
1316,Passion Fruit Pomegranate Watermelon – IGET XXL 1800 Puffs,IGET XXL,,19.9,AUD,true,true,simple,images/passion-fruit-pomegranate-watermelon-iget-xxl-1800-puffs.webp,https://aussievapemart.com.au/product/passion-fruit-pomegranate-watermelon-iget-xxl-1800-puffs/
1314,Strawberry Banana Ice – IGET XXL 1800 Puffs,IGET XXL,,19.9,AUD,true,true,simple,images/strawberry-banana-ice-iget-xxl-1800-puffs.jpg,https://aussievapemart.com.au/product/strawberry-banana-ice-iget-xxl-1800-puffs/
1312,Blackberry Grape Ice – IGET XXL 1800 Puffs,IGET XXL,,19.9,AUD,true,true,simple,images/blackberry-grape-ice-iget-xxl-1800-puffs.jpg,https://aussievapemart.com.au/product/blackberry-grape-ice-iget-xxl-1800-puffs/
1310,Mint Lemonade – IGET XXL 1800 Puffs,IGET XXL,,19.9,AUD,true,true,simple,images/mint-lemonade-iget-xxl-1800-puffs.webp,https://aussievapemart.com.au/product/mint-lemonade-iget-xxl-1800-puffs/
1308,Grape Blueberry – IGET XXL 1800 Puffs,IGET XXL,,14.9,AUD,true,true,simple,images/grape-blueberry-iget-xxl-1800-puffs.webp,https://aussievapemart.com.au/product/grape-blueberry-iget-xxl-1800-puffs/
1306,Peach Ice – IGET XXL 1800 Puffs,IGET XXL,,19.9,AUD,true,true,simple,images/peach-ice-iget-xxl-1800-puffs.jpg,https://aussievapemart.com.au/product/peach-ice-iget-xxl-1800-puffs/
1304,Blackberry Ice – IGET XXL 1800 Puffs,IGET XXL,,19.9,AUD,true,true,simple,images/blackberry-ice-iget-xxl-1800-puffs.webp,https://aussievapemart.com.au/product/blackberry-ice-iget-xxl-1800-puffs/
1302,Cherry Pomegranate – IGET XXL 1800 Puffs,IGET XXL,,19.9,AUD,true,true,simple,images/cherry-pomegranate-iget-xxl-1800-puffs.webp,https://aussievapemart.com.au/product/cherry-pomegranate-iget-xxl-1800-puffs/
1300,Grape – IGET XXL 1800 Puffs,IGET XXL,,19.9,AUD,true,true,simple,images/grape-iget-xxl-1800-puffs.webp,https://aussievapemart.com.au/product/grape-iget-xxl-1800-puffs/
1298,Blackberry Raspberry Orange – IGET XXL 1800 Puffs,IGET XXL,,19.9,AUD,true,true,simple,images/blackberry-raspberry-orange-iget-xxl-1800-puffs.webp,https://aussievapemart.com.au/product/blackberry-raspberry-orange-iget-xxl-1800-puffs/
1296,Strawberry Watermelon – IGET XXL 1800 Puffs,IGET XXL,,19.9,AUD,true,true,simple,images/strawberry-watermelon-iget-xxl-1800-puffs.webp,https://aussievapemart.com.au/product/strawberry-watermelon-iget-xxl-1800-puffs/
1294,Blueberry Ice – IGET XXL 1800 Puffs,IGET XXL,,19.9,AUD,true,true,simple,images/blueberry-ice-iget-xxl-1800-puffs.jpg,https://aussievapemart.com.au/product/blueberry-ice-iget-xxl-1800-puffs/
1292,Mango Guava – IGET XXL 1800 Puffs,IGET XXL,,19.9,AUD,true,true,simple,images/mango-guava-iget-xxl-1800-puffs.webp,https://aussievapemart.com.au/product/mango-guava-iget-xxl-1800-puffs/
1290,Double Apple – IGET XXL 1800 Puffs,IGET XXL,,19.9,AUD,true,true,simple,images/double-apple-iget-xxl-1800-puffs.webp,https://aussievapemart.com.au/product/double-apple-iget-xxl-1800-puffs/
1288,IGET XXL Bundle (5PCS),IGET Vapes Bulk Buy,,89.9,AUD,true,true,simple,images/iget-xxl-bundle-5pcs-2.webp,https://aussievapemart.com.au/product/iget-xxl-bundle-5pcs-2/
1287,IGET XXL 1800 Puffs,IGET XXL,,14.9,AUD,false,true,simple,images/iget-xxl-1800-puffs.jpg,https://aussievapemart.com.au/product/iget-xxl-1800-puffs/
1285,IGET XXL 1800 Puffs – Blueberry Ice *5,IGET Vapes Bulk Buy,,29.9,AUD,true,true,simple,images/iget-xxl-1800-puffs-blueberry-ice-5-2.webp,https://aussievapemart.com.au/product/iget-xxl-1800-puffs-blueberry-ice-5-2/
1284,IGET XXL 1800 Puffs – Mango Guava*5,IGET XXL,,29.9,AUD,true,true,simple,images/iget-xxl-1800-puffs-mango-guava5-2.webp,https://aussievapemart.com.au/product/iget-xxl-1800-puffs-mango-guava5-2/
1283,Mixed Fruit – IGET XXL 1800 Puffs,IGET XXL,,14.9,AUD,true,true,simple,images/mixed-fruit-iget-xxl-1800-puffs.webp,https://aussievapemart.com.au/product/mixed-fruit-iget-xxl-1800-puffs/
1281,Strawberry – IGET SHION X1 Nicotine Pouch 12mg,IGET Shion X1 Nicotine Pouch,,15,AUD,false,true,simple,images/strawberry-iget-shion-x1-nicotine-pouch-12mg.webp,https://aussievapemart.com.au/product/strawberry-iget-shion-x1-nicotine-pouch-12mg/
1279,Menthol – IGET SHION X1 Nicotine Pouch 12mg,IGET Shion X1 Nicotine Pouch,,15,AUD,false,true,simple,images/menthol-iget-shion-x1-nicotine-pouch-12mg.webp,https://aussievapemart.com.au/product/menthol-iget-shion-x1-nicotine-pouch-12mg/
1277,Mango – IGET SHION X1 Nicotine Pouch 12mg,IGET Shion X1 Nicotine Pouch,,15,AUD,false,true,simple,images/mango-iget-shion-x1-nicotine-pouch-12mg.webp,https://aussievapemart.com.au/product/mango-iget-shion-x1-nicotine-pouch-12mg/
1275,Grape – IGET SHION X1 Nicotine Pouch 12mg,IGET Shion X1 Nicotine Pouch,,15,AUD,false,true,simple,images/grape-iget-shion-x1-nicotine-pouch-12mg.webp,https://aussievapemart.com.au/product/grape-iget-shion-x1-nicotine-pouch-12mg/
1273,Cool Mint – IGET SHION X1 Nicotine Pouch 12mg,IGET Shion X1 Nicotine Pouch,,15,AUD,false,true,simple,images/cool-mint-iget-shion-x1-nicotine-pouch-12mg.webp,https://aussievapemart.com.au/product/cool-mint-iget-shion-x1-nicotine-pouch-12mg/
1271,Citrus – IGET SHION X1 Nicotine Pouch 12mg,IGET Shion X1 Nicotine Pouch,,15,AUD,false,true,simple,images/citrus-iget-shion-x1-nicotine-pouch-12mg.webp,https://aussievapemart.com.au/product/citrus-iget-shion-x1-nicotine-pouch-12mg/
1269,Blueberry Ice – IGET SHION X1 Nicotine Pouch 12mg,IGET Shion X1 Nicotine Pouch,,15,AUD,false,true,simple,images/blueberry-ice-iget-shion-x1-nicotine-pouch-12mg.webp,https://aussievapemart.com.au/product/blueberry-ice-iget-shion-x1-nicotine-pouch-12mg/
1265,Mango – IGET SHION X1 Nicotine Pouch 6mg,IGET Shion X1 Nicotine Pouch,,15,AUD,false,true,simple,images/mango-iget-shion-x1-nicotine-pouch-6mg.webp,https://aussievapemart.com.au/product/mango-iget-shion-x1-nicotine-pouch-6mg/
1264,Strawberry – IGET SHION X1 Nicotine Pouch 6mg,IGET Shion X1 Nicotine Pouch,,15,AUD,false,true,simple,images/strawberry-iget-shion-x1-nicotine-pouch-6mg.webp,https://aussievapemart.com.au/product/strawberry-iget-shion-x1-nicotine-pouch-6mg/
1262,Menthol – IGET SHION X1 Nicotine Pouch 6mg,IGET Shion X1 Nicotine Pouch,,15,AUD,false,true,simple,images/menthol-iget-shion-x1-nicotine-pouch-6mg.webp,https://aussievapemart.com.au/product/menthol-iget-shion-x1-nicotine-pouch-6mg/
1260,Blueberry Ice – IGET SHION X1 Nicotine Pouch 6mg,IGET Shion X1 Nicotine Pouch,,15,AUD,false,true,simple,images/blueberry-ice-iget-shion-x1-nicotine-pouch-6mg.webp,https://aussievapemart.com.au/product/blueberry-ice-iget-shion-x1-nicotine-pouch-6mg/
1256,Grape – IGET SHION X1 Nicotine Pouch 6mg,IGET Shion X1 Nicotine Pouch,,15,AUD,false,true,simple,images/grape-iget-shion-x1-nicotine-pouch-6mg.webp,https://aussievapemart.com.au/product/grape-iget-shion-x1-nicotine-pouch-6mg/
1254,Cool Mint – IGET SHION X1 Nicotine Pouch 6mg,IGET Shion X1 Nicotine Pouch,,15,AUD,false,true,simple,images/cool-mint-iget-shion-x1-nicotine-pouch-6mg.webp,https://aussievapemart.com.au/product/cool-mint-iget-shion-x1-nicotine-pouch-6mg/
1250,IGET SHION X1 Nicotine Pouch Bundle (3PCS),IGET Shion X1 Nicotine Pouch,,36,AUD,true,true,simple,images/iget-shion-x1-nicotine-pouch-bundle-3pcs-2.webp,https://aussievapemart.com.au/product/iget-shion-x1-nicotine-pouch-bundle-3pcs-2/
1249,IGET SHION X1 Nicotine Pouch,IGET Shion X1 Nicotine Pouch,,15,AUD,false,true,simple,images/iget-shion-x1-nicotine-pouch.webp,https://aussievapemart.com.au/product/iget-shion-x1-nicotine-pouch/
1247,Mint Burst – IGET SHION X2 Nicotine Pouch 12mg,IGET Shion X2 Nicotine Pouch,,15,AUD,false,true,simple,images/mint-burst-iget-shion-x2-nicotine-pouch-12mg.webp,https://aussievapemart.com.au/product/mint-burst-iget-shion-x2-nicotine-pouch-12mg/
1245,Coffee Burst – IGET SHION X2 Nicotine Pouch 12mg,IGET Shion X2 Nicotine Pouch,,15,AUD,false,true,simple,images/coffee-burst-iget-shion-x2-nicotine-pouch-12mg.webp,https://aussievapemart.com.au/product/coffee-burst-iget-shion-x2-nicotine-pouch-12mg/
1244,Mint Burst – IGET SHION X2 Nicotine Pouch 6mg,IGET Shion X2 Nicotine Pouch,,15,AUD,false,true,simple,images/mint-burst-iget-shion-x2-nicotine-pouch-6mg.webp,https://aussievapemart.com.au/product/mint-burst-iget-shion-x2-nicotine-pouch-6mg/
1242,Coffee Burst – IGET SHION X2 Nicotine Pouch 6mg,IGET Shion X2 Nicotine Pouch,,15,AUD,false,true,simple,images/coffee-burst-iget-shion-x2-nicotine-pouch-6mg.webp,https://aussievapemart.com.au/product/coffee-burst-iget-shion-x2-nicotine-pouch-6mg/
1240,IGET SHION X2 Nicotine Pouch Bundle (3PCS),IGET Shion X2 Nicotine Pouch,,36,AUD,true,true,simple,images/iget-shion-x2-nicotine-pouch-bundle-3pcs-2.webp,https://aussievapemart.com.au/product/iget-shion-x2-nicotine-pouch-bundle-3pcs-2/
1239,IGET SHION X2 Nicotine Pouch,IGET Shion X2 Nicotine Pouch,,15,AUD,false,true,simple,images/iget-shion-x2-nicotine-pouch.webp,https://aussievapemart.com.au/product/iget-shion-x2-nicotine-pouch/
1237,IGET Goat Box (10PCS),IGET Goat,,309.9,AUD,true,true,simple,images/iget-goat-box-10pcs.jpg,https://aussievapemart.com.au/product/iget-goat-box-10pcs/
1235,IGET Goat Bundle (4PCS),IGET Goat,,129.9,AUD,true,true,simple,images/iget-goat-bundle-4pcs.webp,https://aussievapemart.com.au/product/iget-goat-bundle-4pcs/
1233,IGET Hot Box Mixed Flavours (10PCS),IGET Vapes Bulk Buy,,329.9,AUD,true,true,simple,images/iget-hot-box-mixed-flavours-10pcs.jpg,https://aussievapemart.com.au/product/iget-hot-box-mixed-flavours-10pcs/
1231,IGET Hot Bundle (4PCS),IGET Hot,,139.9,AUD,true,true,simple,images/iget-hot-bundle-4pcs.webp,https://aussievapemart.com.au/product/iget-hot-bundle-4pcs/
1229,Mixed Flavour Box – IGET Bar &#038; Legend (20PCS),IGET Vapes Bulk Buy,,799,AUD,true,true,simple,images/mixed-flavour-box-iget-bar-legend-20pcs.jpg,https://aussievapemart.com.au/product/mixed-flavour-box-iget-bar-legend-20pcs/
1227,IGET Legend Box (10PCS),IGET Vapes Bulk Buy,,429,AUD,true,true,simple,images/iget-legend-box-10pcs.jpg,https://aussievapemart.com.au/product/iget-legend-box-10pcs/
1225,IGET Bar Box (10PCS),IGET Vapes Bulk Buy,,405,AUD,true,true,simple,images/iget-bar-box-10pcs.jpg,https://aussievapemart.com.au/product/iget-bar-box-10pcs/
1223,IGET XXL Box Mixed Flavours (10PCS),IGET Vapes Bulk Buy,,179.9,AUD,true,true,simple,images/iget-xxl-box-mixed-flavours-10pcs.webp,https://aussievapemart.com.au/product/iget-xxl-box-mixed-flavours-10pcs/
1221,IGET B5000 Box Mixed Flavours (10PCS),IGET Vapes Bulk Buy,,439,AUD,true,true,simple,images/iget-b5000-box-mixed-flavours-10pcs.jpg,https://aussievapemart.com.au/product/iget-b5000-box-mixed-flavours-10pcs/
1219,IGET Moon Box Mixed Flavours (10PCS),IGET Vapes Bulk Buy,,450,AUD,true,true,simple,images/iget-moon-box-mixed-flavours-10pcs.webp,https://aussievapemart.com.au/product/iget-moon-box-mixed-flavours-10pcs/
1217,IGET Legend Box Mixed Flavours (10PCS),IGET Vapes Bulk Buy,,399,AUD,true,true,simple,images/iget-legend-box-mixed-flavours-10pcs.jpg,https://aussievapemart.com.au/product/iget-legend-box-mixed-flavours-10pcs/
1215,IGET Bar Plus Box Mixed Flavours (10PCS),IGET Vapes Bulk Buy,,439,AUD,true,true,simple,images/iget-bar-plus-box-mixed-flavours-10pcs.webp,https://aussievapemart.com.au/product/iget-bar-plus-box-mixed-flavours-10pcs/
1213,IGET Bar Box Mixed Flavours (10PCS),IGET Vapes Bulk Buy,,400,AUD,true,true,simple,images/iget-bar-box-mixed-flavours-10pcs.jpg,https://aussievapemart.com.au/product/iget-bar-box-mixed-flavours-10pcs/
1211,IGET Bar Plus Pod Box Mixed Flavours (20PCS),IGET Vapes Bulk Buy,,539,AUD,true,true,simple,images/iget-bar-plus-pod-box-mixed-flavours-20pcs.webp,https://aussievapemart.com.au/product/iget-bar-plus-pod-box-mixed-flavours-20pcs/
1209,IGET Bar Plus Pod Box Mixed Flavours (10PCS),IGET Vapes Bulk Buy,,249,AUD,true,true,simple,images/iget-bar-plus-pod-box-mixed-flavours-10pcs.webp,https://aussievapemart.com.au/product/iget-bar-plus-pod-box-mixed-flavours-10pcs/
1207,IGET Bar Plus Bundle (5PCS),IGET Vapes Bulk Buy,,215,AUD,true,true,simple,images/iget-bar-plus-bundle-5pcs.webp,https://aussievapemart.com.au/product/iget-bar-plus-bundle-5pcs/
1205,IGET XXL Bundle (5PCS),IGET Vapes Bulk Buy,,89.9,AUD,true,true,simple,images/iget-xxl-bundle-5pcs.webp,https://aussievapemart.com.au/product/iget-xxl-bundle-5pcs/
1203,IGET B5000 Bundle (4PCS),IGET B5000,,179.6,AUD,true,true,simple,images/iget-b5000-bundle-4pcs.webp,https://aussievapemart.com.au/product/iget-b5000-bundle-4pcs/
1201,IGET Legend Bundle (5PCS),IGET Legend,,199.5,AUD,true,true,simple,images/iget-legend-bundle-5pcs.webp,https://aussievapemart.com.au/product/iget-legend-bundle-5pcs/
1199,IGET Moon Bundle (4PCS),IGET Vapes Bulk Buy,,179.6,AUD,true,true,simple,images/iget-moon-bundle-4pcs.webp,https://aussievapemart.com.au/product/iget-moon-bundle-4pcs/
1197,IGET Bar Plus Vape Kit Bundle (2PCS),IGET Vapes Bulk Buy,,89.8,AUD,false,true,simple,images/iget-bar-plus-vape-kit-bundle-2pcs.webp,https://aussievapemart.com.au/product/iget-bar-plus-vape-kit-bundle-2pcs/
1195,IGET Bar Plus Starter Kit (3PCS),IGET Bar Plus,,89.9,AUD,false,true,simple,images/iget-bar-plus-starter-kit-3pcs.webp,https://aussievapemart.com.au/product/iget-bar-plus-starter-kit-3pcs/
1193,IGET Bar Bundle (5PCS),IGET Bar,,199.9,AUD,true,true,simple,images/iget-bar-bundle-5pcs.webp,https://aussievapemart.com.au/product/iget-bar-bundle-5pcs/
1191,IGET Bar Plus Pod Bundle (5PCS),IGET Bar Plus Pod,,124.5,AUD,true,true,simple,images/iget-bar-plus-pod-bundle-5pcs.webp,https://aussievapemart.com.au/product/iget-bar-plus-pod-bundle-5pcs/
1189,IGET XXL 1800 Puffs – Blueberry Ice *5,IGET Vapes Bulk Buy,,29.9,AUD,true,true,simple,images/iget-xxl-1800-puffs-blueberry-ice-5.webp,https://aussievapemart.com.au/product/iget-xxl-1800-puffs-blueberry-ice-5/
1187,IGET XXL 1800 Puffs – Mango Guava*5,IGET XXL,,29.9,AUD,true,true,simple,images/iget-xxl-1800-puffs-mango-guava5.webp,https://aussievapemart.com.au/product/iget-xxl-1800-puffs-mango-guava5/
1185,IGET SHION X2 Nicotine Pouch Bundle (3PCS),IGET Shion X2 Nicotine Pouch,,36,AUD,true,true,simple,images/iget-shion-x2-nicotine-pouch-bundle-3pcs.webp,https://aussievapemart.com.au/product/iget-shion-x2-nicotine-pouch-bundle-3pcs/
1183,IGET SHION X1 Nicotine Pouch Bundle (3PCS),IGET Shion X1 Nicotine Pouch,,36,AUD,true,true,simple,images/iget-shion-x1-nicotine-pouch-bundle-3pcs.webp,https://aussievapemart.com.au/product/iget-shion-x1-nicotine-pouch-bundle-3pcs/
1181,IGET Halo Starter Kit (1 Vape Kit +2 Prefilled Pod),IGET Halo Vape Kit,,34.9,AUD,true,true,simple,images/iget-halo-starter-kit-1-vape-kit-2-prefilled-pod.webp,https://aussievapemart.com.au/product/iget-halo-starter-kit-1-vape-kit-2-prefilled-pod/